Data_Zone,Intermediate_Zone,Council_area,Total_population,Working_Age_population,SIMD2020v2_Rank,SIMD_2020v2_Percentile,SIMD2020v2_Vigintile,SIMD2020v2_Decile,SIMD2020v2_Quintile,SIMD2020v2_Income_Domain_Rank,SIMD2020_Employment_Domain_Rank,SIMD2020_Health_Domain_Rank,SIMD2020_Education_Domain_Rank,SIMD2020_Access_Domain_Rank,SIMD2020_Crime_Domain_Rank,SIMD2020_Housing_Domain_Rank,income_rate,income_count,employment_rate,employment_count,CIF,ALCOHOL,DRUG,SMR,DEPRESS,LBWT,EMERG,Attendance,Attainment,no_qualifications,not_participating,University,crime_count,crime_rate,overcrowded_count,nocentralheating_count,overcrowded_rate,nocentralheating_rate,drive_petrol,drive_GP,drive_post,PT_GP,broadband
DZ01253,Dalmains West,Fallinmuir,1024,684,212,14,3,2,1,236,323,144,233,832,154,38,18%,187,14%,94,141,197,165,153,25%,8%,127,80%,4.54,229,8%,18%,29,462,69,18,25%,4%,2.25,3.35,2.87,8.66,4%
DZ01323,Newburn North,Eskbrae,746,447,1102,69,14,7,4,1106,962,970,1433,801,581,1039,6%,48,9%,40,109,109,59,72,16%,9%,85,90%,6.68,94,1%,55%,18,274,29,8,9%,2%,2.43,3.4,2.98,10.5,4%
DZ00646,Whinholm North,Aldmoor,754,465,857,54,11,6,3,689,1069,1109,826,271,1305,624,11%,83,8%,35,84,97,91,75,12%,6%,92,88%,5.09,188,4%,42%,8,119,57,7,12%,2%,4.55,5.94,4.39,17.57,5%
DZ00098,Kinbank South,Brackenlaw,865,509,142,9,2,1,1,137,281,138,139,570,188,72,22%,191,15%,78,146,178,181,135,26%,10%,149,80%,4.22,271,11%,17%,32,411,72,12,20%,2%,3.28,3.94,3.09,11.62,2%
DZ00983,Dunlea East,Glenhaven,796,462,1310,82,17,9,5,934,1487,1388,1320,550,1154,1148,11%,89,1%,5,50,84,80,59,13%,4%,72,93%,5.78,70,3%,49%,13,198,22,4,8%,2%,3.2,3.65,2.78,12.37,4%
DZ00844,Rossside South,Eskbrae,492,288,1539,97,20,10,5,1464,1540,1551,1522,1141,1130,1008,1%,5,1%,3,49,39,35,65,7%,4%,59,90%,5.83,19,0%,51%,16,101,42,6,10%,1%,1.99,1.45,1.82,4.67,2%
DZ01265,Dalshaws East,Glenhaven,688,453,39,3,1,1,1,75,106,10,31,709,281,299,23%,160,16%,72,245,308,508,219,35%,8%,209,78%,4.03,337,12%,11%,40,368,60,11,17%,2%,2.59,3.4,3.23,12.74,2%
DZ00283,Melcraig Central,Aldmoor,652,422,1105,70,14,7,4,1060,1124,1171,1342,86,1520,1241,10%,68,7%,31,63,80,115,106,15%,5%,68,89%,5.98,99,1%,51%,5,26,30,4,11%,1%,5.9,6.99,5.57,21.09,9%
DZ00638,Kinmains Central,Drumlarach,839,564,1504,94,19,10,5,1451,1398,1288,1469,1389,1590,902,1%,8,2%,12,81,118,38,73,13%,7%,106,91%,6.32,57,0%,57%,0,54,39,5,9%,1%,1.6,1.64,0.97,5.47,0%
DZ00129,Dalcraig West,Aldmoor,769,459,303,19,4,2,1,440,445,124,708,48,296,327,16%,122,13%,60,112,180,125,143,26%,6%,144,83%,5.28,227,5%,37%,20,250,58,8,16%,3%,5.52,6.9,5.96,26.37,8%
DZ00728,Lochancraig,Aldmoor,917,561,371,24,5,3,2,232,418,358,232,1559,765,262,19%,170,11%,61,138,179,449,137,24%,6%,114,83%,4.11,215,7%,21%,19,182,53,10,15%,3%,0.97,0.59,0.5,3.0,0%
DZ01079,Dalburn South,Harlawmuir,846,545,587,37,8,4,2,663,583,726,864,214,550,1020,10%,88,10%,56,114,139,73,94,20%,4%,110,87%,4.95,210,6%,35%,27,234,25,4,10%,1%,4.48,5.21,4.28,18.41,6%
DZ00573,Strathgate West,Brackenlaw,714,438,1377,87,18,9,5,1380,1576,1199,718,291,1355,1174,5%,37,1%,4,67,102,98,78,14%,8%,81,85%,5.17,171,4%,36%,13,143,28,6,7%,1%,4.99,4.67,4.69,18.59,5%
DZ00486,Melshaws East,Aldmoor,917,573,62,4,1,1,1,65,59,115,107,673,449,147,23%,208,18%,102,199,210,293,116,25%,9%,171,83%,4.22,294,10%,12%,35,348,62,13,19%,3%,2.93,3.96,2.49,9.24,4%
DZ01003,Baltoun West,Eskbrae,1072,683,1309,82,17,9,5,1187,1214,1183,1240,1395,1518,1041,7%,74,6%,39,125,79,70,74,15%,5%,80,88%,5.64,104,3%,49%,0,93,18,7,10%,0%,0.77,1.66,1.48,5.53,0%
DZ01512,Baltoun North,Harlawmuir,865,558,381,24,5,3,2,301,911,145,309,258,762,1353,19%,164,10%,57,141,176,378,127,24%,10%,111,85%,5.03,231,6%,19%,18,278,20,3,6%,1%,4.86,5.38,4.27,14.77,8%
DZ00441,Craigside South,Aldmoor,901,598,1430,90,18,9,5,1568,1435,1279,1427,37,1224,736,1%,9,4%,26,66,56,104,73,12%,7%,94,90%,5.89,65,2%,53%,5,156,30,8,11%,3%,6.69,7.59,5.75,28.17,11%
DZ00927,Fernshaws North,Eskbrae,726,466,172,11,3,2,1,179,165,461,85,1061,143,43,19%,141,15%,72,177,137,149,94,19%,6%,134,80%,3.65,289,10%,16%,43,430,67,11,24%,4%,1.91,2.37,2.18,6.92,2%
DZ01010,Kilfield South,Eskbrae,1049,695,27,2,1,1,1,32,17,21,52,1441,107,218,24%,255,23%,159,221,216,585,163,32%,10%,143,81%,4.21,272,12%,13%,39,372,54,14,15%,4%,1.3,1.24,1.67,5.18,0%
DZ00678,Melpark North,Drumlarach,818,490,1427,90,18,9,5,1401,1336,1325,1497,1370,642,738,3%,28,2%,9,81,67,84,81,14%,6%,75,94%,6.31,88,1%,50%,19,281,40,11,11%,3%,0.9,0.95,1.38,5.74,0%
DZ00585,Mellea,Corriebeg,1072,658,1339,84,17,9,5,1266,1329,1398,1351,1525,65,993,7%,75,3%,21,59,83,56,99,10%,7%,77,92%,5.65,116,1%,46%,40,435,38,4,9%,2%,1.05,0.54,0.5,3.0,0%
DZ00089,Dalcraig West,Aldmoor,738,479,501,32,7,4,2,532,528,436,726,229,1039,1382,12%,89,12%,59,96,91,164,107,20%,4%,104,86%,4.85,200,5%,32%,13,193,12,3,5%,1%,4.79,5.95,4.65,18.77,7%
DZ00243,Melcraig Central,Aldmoor,460,299,434,28,6,3,2,429,349,606,681,325,947,1183,13%,61,12%,35,125,127,60,122,23%,5%,113,86%,4.88,195,5%,29%,16,157,29,6,8%,1%,5.24,5.05,3.92,17.54,7%
DZ01131,Lochanshaws West,Fallinmuir,873,523,53,4,1,1,1,21,39,190,48,1582,365,525,24%,206,21%,108,147,135,311,118,28%,8%,123,79%,4.05,279,10%,13%,28,208,60,6,13%,3%,0.5,0.5,0.5,3.0,0%
DZ00947,Langlaw North,Glenhaven,649,429,1431,90,18,9,5,1477,1287,1318,1453,1046,885,1220,1%,6,5%,24,49,70,115,65,13%,6%,83,88%,6.24,123,2%,54%,15,262,12,2,7%,2%,1.23,1.63,2.23,8.73,1%
DZ00470,Torgate,Corriebeg,85,52,7,1,1,1,1,9,12,6,5,1495,37,676,32%,27,23%,12,247,527,727,225,34%,9%,243,76%,3.75,425,14%,1%,49,519,42,13,12%,1%,1.62,1.27,1.42,3.04,0%
DZ00826,Strathgate East,Glenhaven,1073,662,304,19,4,2,1,267,436,188,307,938,119,401,19%,203,12%,82,182,170,146,146,25%,8%,109,84%,4.92,241,6%,27%,40,441,56,5,12%,2%,2.94,3.14,2.5,8.93,2%
DZ01469,Kinhaugh South,Glenhaven,596,368,727,46,10,5,3,909,616,985,1092,157,769,448,11%,64,11%,42,97,93,50,100,21%,3%,88,86%,5.56,131,3%,35%,30,301,53,10,15%,2%,5.38,6.65,4.51,17.17,7%
DZ00687,Kilgate North,Aldmoor,721,420,317,20,4,2,1,174,499,269,188,1270,721,95,20%,142,12%,49,173,164,116,128,23%,8%,163,77%,4.59,254,9%,16%,22,248,82,11,23%,4%,1.33,2.13,1.32,5.96,3%
DZ00412,Dalshaws North,Brackenlaw,1010,673,1008,63,13,7,4,855,897,1150,1205,461,1339,1392,10%,101,9%,59,69,71,36,91,13%,8%,95,87%,5.52,126,2%,39%,7,168,13,1,3%,0%,3.12,4.0,3.72,14.76,3%
DZ00297,Melwood West,Brackenlaw,617,416,1319,83,17,9,5,1280,1440,1297,1301,521,709,424,4%,24,3%,14,53,107,96,71,12%,7%,78,88%,5.65,97,0%,55%,20,306,47,5,15%,3%,3.57,3.8,2.35,13.02,4%
DZ00115,Fernholm North,Drumlarach,939,552,1375,86,18,9,5,1240,1441,1157,1216,1379,1129,1520,8%,72,1%,6,74,84,90,74,17%,7%,93,85%,5.53,106,4%,44%,14,161,4,0,0%,0%,1.33,1.71,0.92,6.51,0%
DZ00079,Glentoun South,Drumlarach,986,620,491,31,7,4,2,312,253,1177,1106,545,610,720,17%,165,18%,113,79,113,107,93,14%,5%,81,89%,5.77,159,4%,41%,23,289,40,10,14%,1%,3.17,3.76,3.17,11.54,4%
DZ01401,Lochanshaws,Eskbrae,755,479,1486,93,19,10,5,1539,1465,1454,1394,187,1488,1409,1%,8,2%,12,63,38,51,84,14%,5%,65,89%,6.13,124,1%,41%,3,59,12,0,3%,0%,5.68,6.79,4.79,18.05,7%
DZ00783,Fernbrae North,Corriebeg,889,598,1412,89,18,9,5,1439,1312,1422,1358,930,1052,1312,2%,22,2%,13,63,91,67,69,9%,4%,87,90%,5.78,85,3%,50%,12,242,21,3,6%,1%,1.73,2.85,2.25,10.21,3%
DZ00789,Strathmuir South,Corriebeg,692,401,625,40,8,4,2,561,391,1025,894,876,400,1090,13%,88,11%,43,91,146,118,91,15%,9%,92,86%,5.49,168,6%,32%,25,332,27,5,13%,1%,2.7,3.1,2.59,11.91,5%
DZ00138,Kinbank South,Brackenlaw,833,544,409,26,6,3,2,455,326,460,423,422,1068,1436,14%,116,13%,73,104,219,90,138,24%,6%,126,80%,4.73,237,8%,25%,15,179,16,0,5%,1%,4.39,4.79,3.35,14.63,4%
DZ00409,Rossfield West,Aldmoor,728,461,570,36,8,4,2,544,622,663,754,541,429,124,14%,100,10%,46,109,156,109,106,19%,5%,125,82%,5.19,200,7%,36%,25,337,74,11,21%,3%,3.93,2.81,3.31,12.44,6%
DZ01246,Balburn South,Eskbrae,754,458,907,57,12,6,3,781,871,1013,750,1590,84,710,12%,91,7%,34,84,91,172,123,16%,7%,93,88%,5.35,178,5%,30%,37,409,34,4,10%,3%,0.5,0.5,0.5,3.0,0%
DZ01376,Balpark,Fallinmuir,775,518,1505,95,19,10,5,1495,1479,1403,1283,1056,1525,811,3%,25,2%,12,62,67,49,78,14%,5%,50,87%,6.15,104,4%,43%,0,15,43,7,10%,2%,2.0,2.07,1.74,10.45,2%
DZ00721,Dalhaugh North,Aldmoor,538,364,1515,95,19,10,5,1554,1462,1502,1375,515,1255,1142,1%,5,1%,4,80,72,58,61,11%,3%,63,89%,5.92,101,2%,50%,14,130,14,9,9%,1%,3.84,3.72,2.93,16.08,3%
DZ01282,Fernmuir North,Eskbrae,836,497,1039,65,13,7,4,897,1018,1102,1159,781,912,1116,8%,66,7%,34,98,49,108,71,17%,5%,96,88%,5.56,143,3%,42%,13,223,49,3,7%,2%,3.25,3.52,2.62,13.06,3%
DZ00878,Strathmuir West,Harlawmuir,726,426,1332,84,17,9,5,1228,1360,1339,1311,665,1272,1280,7%,54,2%,9,87,116,61,66,15%,5%,100,92%,5.57,107,3%,48%,20,170,15,7,7%,1%,2.78,2.78,3.46,11.41,3%
DZ00425,Torhill North,Corriebeg,575,357,28,2,1,1,1,17,13,56,98,1512,214,209,28%,159,22%,80,164,251,293,177,29%,9%,127,82%,4.4,221,10%,17%,31,438,61,12,16%,3%,1.11,1.36,0.5,3.61,0%
DZ00385,Fernlea,Corriebeg,885,590,538,34,7,4,2,479,335,915,734,1336,252,395,14%,123,14%,82,130,119,108,116,16%,6%,124,84%,5.42,203,3%,34%,32,343,61,9,16%,3%,0.87,1.25,1.51,3.73,0%
DZ00395,Kinfield East,Drumlarach,716,467,1378,87,18,9,5,983,1471,1473,1405,1434,607,1033,9%,65,1%,5,50,63,107,66,10%,5%,67,90%,5.96,118,0%,47%,29,336,38,8,9%,1%,2.13,1.67,0.79,5.72,0%
DZ00196,Lochanburn North,Drumlarach,515,342,551,35,7,4,2,570,577,379,305,1560,431,230,15%,76,12%,40,119,172,97,133,19%,6%,107,81%,4.62,270,7%,26%,30,293,63,12,17%,3%,0.82,1.24,0.56,3.0,0%
DZ00433,Langford Central,Drumlarach,676,421,975,61,13,7,4,1007,930,954,600,1168,1219,803,9%,62,7%,29,95,142,122,127,21%,6%,79,83%,5.29,222,4%,36%,10,211,39,4,15%,3%,2.54,1.96,1.64,7.56,0%
DZ01543,Ashpark West,Glenhaven,931,557,1068,67,14,7,4,990,1059,1289,1013,620,775,1118,8%,79,5%,30,77,59,94,74,15%,5%,60,89%,5.08,167,5%,39%,17,289,21,8,10%,1%,3.26,3.44,2.25,11.92,4%
DZ01236,Langmains North,Harlawmuir,804,544,86,6,2,1,1,125,80,86,278,128,1175,165,19%,156,19%,105,180,128,298,140,25%,10%,150,82%,4.79,257,8%,18%,11,196,67,11,15%,3%,5.51,6.48,5.31,24.51,6%
DZ00027,Kindale North,Corriebeg,831,491,724,46,10,5,3,915,488,618,598,992,1397,666,11%,88,13%,66,101,98,86,106,18%,8%,142,85%,5.08,187,7%,32%,15,174,49,3,12%,3%,2.43,2.53,2.68,6.79,2%
DZ00070,Kilcraig North,Corriebeg,615,409,634,40,8,4,2,427,626,892,656,1011,877,990,18%,111,11%,46,93,105,91,103,17%,4%,96,85%,4.88,221,6%,29%,26,267,21,1,10%,2%,2.62,2.78,2.16,10.97,3%
DZ01257,Rosshill Central,Fallinmuir,780,516,836,53,11,6,3,891,671,916,739,1077,943,1096,10%,75,10%,54,72,115,90,94,16%,5%,94,86%,5.21,168,5%,39%,18,195,31,5,10%,1%,2.25,1.89,1.83,7.36,1%
DZ00073,Ashbrae North,Drumlarach,716,427,1064,67,14,7,4,784,926,1433,954,1107,1421,823,9%,68,7%,31,47,79,71,75,14%,6%,82,86%,5.53,160,5%,30%,0,175,45,6,7%,3%,2.1,1.77,2.33,8.19,0%
DZ00682,Glenbank West,Aldmoor,750,489,641,41,9,5,3,565,468,700,933,822,1253,814,14%,104,14%,70,129,92,130,100,20%,5%,82,88%,5.28,196,5%,41%,17,198,37,6,13%,2%,2.4,2.41,2.19,10.4,3%
DZ01500,Dunholm East,Fallinmuir,864,556,1076,68,14,7,4,895,1216,485,1120,943,1553,1321,10%,87,3%,16,102,114,96,114,18%,3%,99,87%,5.66,171,3%,38%,12,95,14,6,3%,0%,2.38,3.21,2.44,8.91,3%
DZ01406,Glenford North,Eskbrae,794,499,569,36,8,4,2,578,513,687,621,624,748,640,15%,117,12%,59,107,108,190,88,17%,7%,102,87%,4.96,216,6%,26%,24,228,50,7,13%,2%,3.04,3.38,3.63,8.93,3%
DZ00130,Dalcraig West,Aldmoor,965,575,814,51,11,6,3,792,821,906,1117,294,1304,645,11%,106,10%,55,105,132,157,84,18%,7%,97,87%,5.46,152,2%,42%,9,150,47,13,10%,2%,5.3,6.06,4.21,18.02,8%
DZ00786,Dalburn,Corriebeg,736,492,593,38,8,4,2,638,698,508,243,1376,236,1106,14%,104,9%,44,114,170,224,106,20%,8%,95,81%,4.76,262,8%,19%,26,361,35,2,9%,2%,1.21,1.14,1.46,3.23,0%
DZ00034,Ashbrae North,Drumlarach,923,617,1148,72,15,8,4,979,1348,966,1001,505,1282,1544,6%,59,4%,22,121,68,144,77,19%,4%,83,87%,5.16,184,4%,35%,11,200,4,0,0%,0%,3.78,3.87,2.31,10.59,2%
DZ00443,Inverwood Central,Aldmoor,747,499,667,42,9,5,3,837,736,427,694,296,1266,977,10%,74,10%,49,87,150,227,117,22%,6%,104,87%,4.97,236,7%,31%,1,129,36,6,13%,1%,4.41,4.93,4.48,18.54,5%
DZ00352,Rossburn Central,Drumlarach,791,538,605,38,8,4,2,801,591,584,622,786,57,745,12%,99,11%,60,101,120,243,103,26%,6%,101,85%,5.1,158,5%,38%,40,436,49,9,11%,2%,2.92,3.17,3.09,11.85,5%
DZ00099,Strathfield West,Brackenlaw,638,391,946,60,12,6,3,907,844,854,1357,516,832,843,9%,59,7%,27,78,128,123,101,19%,5%,80,89%,5.88,96,0%,49%,24,236,40,8,10%,2%,3.0,3.91,3.66,13.04,3%
DZ00128,Whindale East,Aldmoor,664,396,287,18,4,2,1,336,328,361,417,41,1293,920,16%,109,15%,60,102,155,184,120,22%,5%,124,83%,4.99,207,7%,29%,0,167,34,6,10%,1%,6.39,7.08,6.07,25.19,8%
DZ01517,Mellea East,Harlawmuir,705,473,719,45,9,5,3,734,678,1191,773,222,925,776,11%,75,10%,48,110,95,91,89,13%,4%,74,86%,4.91,205,4%,40%,10,196,48,6,14%,1%,5.1,6.09,5.92,20.88,6%
DZ01350,Whincraig West,Glenhaven,807,529,215,14,3,2,1,262,236,193,351,381,385,350,17%,137,15%,80,193,220,191,172,22%,10%,131,83%,4.64,257,8%,24%,24,356,36,9,16%,3%,4.62,4.92,4.6,15.46,6%
DZ01308,Rossdale North,Glenhaven,819,511,1423,89,18,9,5,1383,1236,1408,1318,1264,1530,1488,5%,40,5%,24,68,101,86,88,14%,4%,66,89%,5.53,95,2%,49%,0,29,0,2,4%,1%,1.11,2.0,0.7,5.89,2%
DZ01106,Dunfield,Glenhaven,818,538,726,46,10,5,3,573,804,690,1054,386,1083,1418,14%,116,11%,58,121,93,141,89,20%,4%,101,86%,5.5,155,4%,40%,17,232,20,1,7%,0%,3.38,3.88,3.44,17.01,5%
DZ00043,Fernford South,Aldmoor,923,542,576,36,8,4,2,409,744,464,830,237,1284,1577,16%,146,10%,53,117,128,167,96,22%,9%,90,88%,5.17,167,5%,34%,9,178,2,0,0%,0%,5.24,5.86,4.44,18.73,6%
DZ01413,Lochanhaugh Central,Fallinmuir,669,443,1569,99,20,10,5,1547,1587,1487,1548,1349,852,866,2%,10,1%,4,66,93,76,61,11%,5%,73,95%,6.22,65,0%,60%,25,255,43,8,11%,3%,1.13,2.02,1.62,5.76,0%
DZ00424,Dunfield South,Corriebeg,713,456,36,3,1,1,1,33,22,48,297,998,263,23,28%,201,21%,96,274,284,422,191,30%,10%,158,82%,4.5,203,7%,23%,32,278,90,14,20%,5%,1.69,3.37,2.77,8.71,1%
DZ01214,Dalmains West,Fallinmuir,852,529,1099,69,14,7,4,1196,1100,1057,973,599,628,1386,8%,66,7%,39,99,96,93,111,16%,6%,83,86%,5.39,149,6%,40%,24,287,10,2,7%,1%,4.0,3.81,2.72,11.27,5%
DZ00484,Dalwood East,Aldmoor,555,342,1193,75,15,8,4,1163,1245,1484,712,356,1354,1420,8%,42,5%,19,53,83,47,95,15%,6%,65,85%,5.0,219,5%,34%,10,83,24,0,4%,2%,4.31,4.8,4.13,17.29,5%
DZ00220,Lochanlaw North,Brackenlaw,852,501,653,41,9,5,3,560,582,740,556,1082,1348,332,13%,108,13%,67,108,99,268,124,17%,5%,104,83%,5.09,238,5%,22%,10,172,48,8,15%,3%,1.68,2.88,1.83,9.81,2%
DZ01235,Langmains North,Harlawmuir,1012,680,645,41,9,5,3,969,908,624,342,88,896,1079,6%,56,8%,57,119,140,57,106,18%,7%,107,85%,4.89,257,7%,17%,11,302,44,6,8%,2%,5.9,6.41,5.26,19.05,9%
DZ00957,Rosslaw South,Harlawmuir,921,577,993,63,13,7,4,1134,882,1042,1052,413,941,1046,8%,70,8%,45,97,91,79,103,19%,6%,81,87%,5.57,143,3%,48%,13,228,26,3,12%,2%,4.27,4.13,3.41,12.76,3%
DZ01397,Melgate North,Harlawmuir,735,469,145,10,2,1,1,371,283,79,237,4,645,727,18%,132,14%,67,236,148,266,147,27%,9%,143,81%,4.36,241,8%,21%,26,241,51,7,11%,2%,7.91,8.86,6.81,29.31,12%
DZ00527,Newshaws North,Aldmoor,730,432,427,27,6,3,2,490,358,378,501,307,1434,1250,15%,108,12%,52,177,145,191,118,22%,4%,104,85%,4.51,185,9%,27%,4,99,22,0,7%,1%,4.72,4.24,4.39,16.2,6%
DZ01400,Craighaugh,Harlawmuir,630,428,1521,96,20,10,5,1572,1555,1402,1416,8,1597,1283,1%,6,1%,4,73,55,39,65,14%,5%,67,93%,6.03,86,2%,55%,0,0,17,0,7%,2%,7.73,8.65,6.43,24.45,11%
DZ00791,Dungate,Drumlarach,875,523,1242,78,16,8,4,1250,1041,1104,1095,1498,1330,1135,5%,47,6%,31,84,87,79,80,15%,7%,80,88%,5.56,127,2%,39%,19,199,27,7,7%,3%,1.0,1.28,1.64,3.15,0%
DZ01213,Dalmains West,Fallinmuir,788,533,61,4,1,1,1,55,26,213,61,1244,1023,289,24%,191,19%,104,106,151,219,131,28%,7%,160,77%,4.08,288,11%,6%,5,187,42,9,12%,3%,1.96,2.24,1.42,7.1,1%
DZ00015,Glenholm East,Brackenlaw,839,512,1351,85,17,9,5,1526,1370,1344,1441,19,793,1086,1%,8,4%,23,73,106,48,78,12%,6%,97,91%,5.63,99,1%,47%,15,248,20,6,8%,2%,7.06,7.39,6.13,26.23,11%
DZ01014,Dalmains Central,Fallinmuir,642,426,1121,71,15,8,4,1351,1006,1144,951,378,1185,668,4%,27,7%,31,83,71,94,82,17%,2%,94,86%,5.74,171,4%,39%,14,222,48,5,12%,2%,4.62,4.32,3.58,12.56,5%
DZ00212,Langtoun,Brackenlaw,636,405,116,8,2,1,1,186,217,114,216,177,308,41,20%,126,18%,72,127,245,163,160,27%,5%,160,82%,4.61,239,9%,23%,38,360,81,10,21%,4%,5.59,6.49,5.01,21.49,7%
DZ00963,Baltoun West,Eskbrae,861,507,1586,100,20,10,5,1588,1596,1477,1570,490,1269,1075,1%,9,1%,5,44,66,62,55,13%,1%,65,94%,6.14,35,0%,55%,7,176,34,2,9%,1%,3.48,4.36,3.05,16.37,3%
DZ01056,Lochanbank West,Fallinmuir,785,483,1190,75,15,8,4,1198,1134,1243,690,1477,1063,571,6%,50,7%,34,57,110,63,90,13%,4%,72,84%,4.94,214,5%,31%,13,236,39,7,9%,2%,0.55,1.39,1.31,3.77,0%
DZ00388,Melhill Central,Corriebeg,860,550,65,5,1,1,1,44,94,47,47,1551,535,462,26%,224,19%,106,134,137,301,145,30%,9%,152,77%,4.12,362,13%,10%,27,356,46,3,14%,3%,0.77,1.01,0.5,3.0,0%
DZ00357,Strathwood Central,Drumlarach,829,554,1548,97,20,10,5,1523,1481,1521,1589,1224,856,1491,1%,8,1%,6,45,63,48,54,7%,1%,78,91%,6.58,45,0%,61%,15,236,13,0,5%,0%,1.88,2.79,2.45,11.33,1%
DZ01334,Ballaw Central,Fallinmuir,789,469,1497,94,19,10,5,1449,1499,1285,1365,1360,828,1590,3%,21,1%,7,112,97,40,94,13%,4%,64,90%,5.18,86,2%,44%,20,298,0,0,0%,0%,1.1,0.94,1.14,4.2,2%
DZ00078,Ashbank,Drumlarach,1003,663,199,13,3,2,1,223,221,431,136,607,197,48,16%,163,14%,92,178,201,222,99,20%,4%,115,80%,4.17,257,8%,25%,36,328,79,14,23%,5%,3.43,3.41,3.49,14.5,1%
DZ00394,Glenburn West,Drumlarach,923,625,1152,72,15,8,4,1272,1188,1215,290,1020,1098,1593,7%,67,5%,29,102,177,113,88,15%,2%,90,80%,4.85,246,5%,29%,16,278,0,0,0%,0%,1.97,3.4,1.95,9.29,1%
DZ00747,Fernmuir,Corriebeg,885,524,467,30,6,3,2,381,512,277,636,1306,489,46,15%,131,11%,57,127,176,249,139,25%,6%,124,84%,5.19,172,5%,31%,25,304,77,10,21%,4%,1.45,1.22,1.28,4.23,0%
DZ01184,Duncraig South,Glenhaven,596,354,309,20,4,2,1,334,293,284,250,1086,458,75,17%,99,13%,47,132,123,215,96,20%,7%,106,80%,4.61,237,8%,15%,33,262,63,12,17%,4%,1.88,2.34,1.96,9.74,2%
DZ00921,Torlaw Central,Eskbrae,1067,626,1558,98,20,10,5,1560,1542,1436,1483,1065,1535,1508,1%,11,1%,6,64,69,49,65,15%,3%,74,93%,6.25,88,1%,61%,2,29,10,3,2%,1%,1.5,1.92,1.33,8.98,1%
DZ00109,Whinshaws West,Corriebeg,819,530,444,28,6,3,2,315,455,572,512,1300,340,358,15%,122,12%,63,120,144,201,111,21%,8%,132,85%,4.7,211,6%,23%,29,370,65,6,16%,2%,1.35,2.16,1.57,5.77,2%
DZ00939,Birkford East,Fallinmuir,783,504,508,32,7,4,2,602,492,389,375,1179,414,1100,11%,88,12%,58,135,135,194,133,20%,6%,111,82%,4.77,231,7%,20%,28,335,24,5,9%,1%,1.64,2.51,2.06,7.09,2%
DZ00940,Birkford East,Fallinmuir,891,526,1110,70,14,7,4,930,1023,1269,795,1588,643,613,9%,77,6%,29,114,104,50,102,15%,3%,86,87%,5.23,158,5%,29%,27,291,43,8,13%,3%,0.5,0.5,0.5,3.0,0%
DZ01515,Invercraig,Harlawmuir,735,454,1089,69,14,7,4,1230,1265,739,892,202,1393,1522,6%,43,3%,15,103,98,114,105,18%,7%,95,86%,5.46,155,6%,38%,3,134,9,1,1%,0%,5.16,6.2,5.34,19.79,6%
DZ00174,Kilholm South,Brackenlaw,796,489,847,53,11,6,3,1029,669,1097,700,744,933,201,10%,76,11%,53,107,56,85,84,15%,6%,70,86%,5.23,202,6%,33%,13,260,74,9,19%,4%,2.24,3.55,2.22,10.63,4%
DZ00630,Craighill,Corriebeg,858,551,1422,89,18,9,5,1292,1405,1455,1534,987,599,894,5%,42,3%,16,53,67,76,85,12%,2%,70,95%,5.98,58,0%,51%,28,320,39,5,11%,2%,2.53,2.81,2.02,8.32,1%
DZ00316,Inverholm,Drumlarach,675,411,1432,90,18,9,5,1331,1512,1500,975,778,1163,1298,6%,40,1%,4,99,58,103,69,7%,5%,58,87%,5.56,163,2%,38%,12,222,16,3,8%,1%,2.12,2.98,2.26,9.81,3%
DZ00863,Torburn West,Glenhaven,760,452,1570,99,20,10,5,1540,1558,1581,1586,453,1319,1527,1%,8,1%,5,48,56,39,52,9%,2%,69,95%,6.46,32,0%,62%,0,160,8,0,0%,0%,4.08,4.69,3.49,13.08,5%
DZ00598,Kinmains Central,Drumlarach,1045,619,1257,79,16,8,4,1327,991,1281,1354,1012,1044,480,4%,40,8%,49,51,61,77,82,17%,9%,77,90%,5.62,71,2%,45%,7,209,52,6,12%,3%,2.04,2.82,2.19,5.81,1%
DZ01076,Rossfield North,Harlawmuir,462,292,1532,96,20,10,5,1487,1517,1543,1554,322,1573,1167,2%,8,2%,7,59,89,37,60,8%,4%,55,94%,6.41,38,0%,63%,0,28,42,8,7%,1%,3.89,4.6,3.85,14.41,6%
DZ00907,Langlaw North,Glenhaven,924,610,1150,72,15,8,4,1265,1147,1065,987,647,1048,284,7%,66,7%,41,83,99,74,93,16%,6%,109,87%,5.22,117,2%,35%,19,230,56,9,18%,3%,2.91,3.47,2.32,12.74,2%
DZ01055,Lochanbank West,Fallinmuir,932,599,1065,67,14,7,4,914,1107,1066,945,1431,784,325,11%,105,9%,54,53,127,123,114,17%,6%,88,85%,5.42,151,4%,39%,25,257,51,13,12%,3%,1.64,1.46,0.56,4.24,0%
DZ01007,Birklea West,Eskbrae,710,443,1356,85,17,9,5,1278,1438,1416,1183,850,795,883,6%,46,3%,13,90,106,59,70,13%,6%,76,88%,5.72,132,3%,39%,14,294,34,4,10%,2%,2.84,3.17,1.82,7.01,3%
DZ00832,Dunfield North,Harlawmuir,1001,620,1013,64,13,7,4,1040,886,830,1484,789,167,617,7%,75,10%,59,96,113,182,100,17%,5%,94,93%,6.13,83,1%,47%,34,418,49,13,17%,2%,2.96,3.61,2.83,9.21,4%
DZ00156,Fernholm North,Drumlarach,795,490,795,50,10,5,3,848,623,888,666,1303,798,795,10%,82,12%,58,98,92,111,101,16%,7%,108,89%,5.34,211,5%,33%,28,206,33,7,16%,2%,1.23,2.33,1.07,7.08,0%
DZ01359,Ashmains South,Harlawmuir,868,518,1323,83,17,9,5,1199,1285,1515,1563,149,1174,1171,4%,37,6%,30,80,65,36,73,10%,4%,74,95%,6.13,19,0%,54%,22,151,38,3,10%,2%,5.01,6.06,4.32,22.44,7%
DZ00713,Whinbrae South,Drumlarach,859,524,1587,100,20,10,5,1589,1527,1596,1583,705,1433,321,1%,9,2%,9,44,52,34,41,6%,5%,69,96%,6.19,60,0%,58%,5,78,56,10,16%,3%,2.7,2.92,3.1,12.2,1%
DZ00058,Kildale Central,Brackenlaw,940,583,104,7,2,1,1,92,88,89,174,1216,894,78,22%,205,18%,105,262,242,534,130,26%,8%,162,81%,4.45,277,8%,22%,16,302,68,13,17%,4%,1.1,2.27,1.91,5.22,2%
DZ00483,Dalwood East,Aldmoor,908,571,1147,72,15,8,4,1387,1254,942,1025,225,854,927,5%,44,5%,28,93,73,109,85,13%,5%,92,91%,5.33,121,6%,39%,27,260,24,5,14%,3%,4.78,5.57,4.51,19.15,7%
DZ01302,Rosslea East,Glenhaven,570,341,1555,98,20,10,5,1425,1565,1505,1485,1518,1579,1416,3%,17,1%,3,62,43,83,87,10%,2%,62,93%,6.08,97,1%,47%,6,0,30,3,3%,0%,1.51,1.56,1.35,5.7,0%
DZ00086,Newlaw North,Aldmoor,737,488,273,18,4,2,1,192,176,848,642,221,712,573,21%,152,15%,75,69,86,67,83,14%,5%,88,86%,4.94,211,4%,36%,27,236,53,7,9%,3%,4.34,5.21,4.76,20.98,7%
DZ00944,Inverlea West,Glenhaven,706,428,1304,82,17,9,5,1371,1232,1389,1251,509,737,1401,7%,48,6%,25,64,55,80,60,15%,2%,72,93%,5.63,107,4%,49%,24,283,7,0,4%,1%,2.78,3.62,3.55,12.13,3%
DZ01569,Inverford East,Eskbrae,886,561,833,53,11,6,3,587,723,1404,980,972,306,898,13%,115,6%,36,75,108,38,65,13%,6%,85,88%,5.47,149,3%,42%,31,417,30,7,9%,2%,3.01,2.47,1.94,8.63,2%
DZ00648,Kilgate North,Aldmoor,595,355,167,11,3,2,1,430,117,384,17,618,355,200,14%,85,18%,64,107,232,173,123,20%,7%,158,77%,3.9,355,13%,4%,33,340,64,7,18%,3%,3.81,3.43,2.94,9.68,5%
DZ00980,Newbank South,Fallinmuir,849,576,384,24,5,3,2,330,366,447,418,1268,253,489,17%,147,15%,84,110,133,147,108,21%,7%,82,85%,4.73,235,7%,27%,31,363,43,10,14%,3%,1.69,1.92,1.42,7.56,0%
DZ00416,Langlea South,Brackenlaw,751,509,1203,76,16,8,4,1411,1132,1420,541,310,1233,1530,1%,8,3%,17,58,54,58,77,13%,4%,64,89%,5.09,208,7%,28%,13,178,0,0,1%,1%,4.01,4.8,4.25,16.86,5%
DZ00117,Kildale,Drumlarach,636,370,937,59,12,6,3,952,916,1007,779,1042,496,1087,8%,51,6%,22,105,104,92,88,18%,6%,86,85%,5.35,157,4%,39%,26,330,32,5,9%,2%,2.32,3.17,2.07,7.56,3%
DZ00326,Langlea,Aldmoor,907,594,617,39,8,4,2,820,555,405,577,743,625,1062,9%,84,10%,58,141,170,535,147,20%,7%,103,85%,4.94,165,7%,31%,22,266,31,2,14%,1%,3.48,2.99,3.17,11.8,4%
DZ00738,Whindale West,Brackenlaw,937,596,832,52,11,6,3,917,891,903,553,1036,534,541,9%,80,7%,44,83,108,156,97,19%,7%,102,90%,4.64,213,7%,37%,27,353,65,10,14%,1%,2.75,3.47,2.07,9.75,3%
DZ01174,Rossmains East,Fallinmuir,803,489,430,27,6,3,2,388,327,708,377,1155,475,760,13%,108,12%,58,93,174,88,87,21%,6%,77,84%,4.82,239,7%,15%,18,360,47,3,15%,3%,1.45,2.33,1.68,7.99,1%
DZ00019,Whinlea Central,Brackenlaw,786,522,127,8,2,1,1,291,109,419,102,205,74,659,19%,149,16%,83,119,157,93,130,22%,5%,111,77%,4.11,290,11%,18%,48,479,41,7,10%,2%,5.1,6.13,4.98,21.46,7%
DZ01193,Ashside East,Harlawmuir,659,397,1178,74,15,8,4,1173,1375,950,959,299,1371,1553,8%,53,1%,4,93,59,74,85,18%,6%,110,87%,5.01,121,4%,42%,7,105,0,0,5%,1%,4.32,5.68,3.79,14.59,7%
DZ01423,Birkpark South,Glenhaven,1037,683,1088,68,14,7,4,1127,972,1246,777,1373,383,1372,8%,78,7%,50,105,100,117,82,16%,4%,94,88%,4.96,195,5%,38%,30,365,9,0,7%,0%,0.81,1.23,1.26,5.18,0%
DZ00582,Glenwood West,Corriebeg,676,417,701,44,9,5,3,507,997,559,536,990,1015,521,14%,92,7%,29,127,179,118,117,18%,5%,118,83%,4.99,242,6%,31%,15,246,60,9,11%,3%,2.36,1.95,1.72,10.25,1%
DZ01114,Strathtoun South,Harlawmuir,988,628,397,25,5,3,2,297,634,471,695,81,1056,347,19%,192,10%,62,144,134,105,102,23%,8%,134,87%,5.11,221,5%,34%,8,193,47,7,19%,3%,5.55,6.67,5.47,21.83,9%
DZ00518,Invergate,Drumlarach,653,389,378,24,5,3,2,185,442,497,404,1281,811,341,19%,124,11%,43,100,117,113,105,19%,6%,112,87%,4.61,241,6%,33%,11,294,55,6,18%,3%,1.88,1.93,1.13,5.65,2%
DZ01183,Duncraig South,Glenhaven,676,442,332,21,5,3,2,228,315,439,414,1180,301,888,19%,129,15%,65,122,175,156,131,27%,6%,129,82%,4.96,245,7%,26%,33,320,38,7,6%,2%,2.21,1.69,0.96,3.0,2%
DZ00123,Langtoun South,Aldmoor,1004,583,395,25,5,3,2,482,533,931,526,1,354,1081,16%,158,12%,69,128,92,64,96,16%,5%,88,83%,4.75,220,6%,33%,33,313,28,2,8%,1%,8.4,9.2,8.26,28.6,12%
DZ00016,Glenholm East,Brackenlaw,944,556,671,42,9,5,3,653,942,817,630,68,1252,1120,15%,141,8%,45,105,92,85,115,17%,6%,90,88%,4.84,217,7%,37%,11,157,32,4,6%,1%,5.73,6.8,6.32,23.39,9%
DZ01453,Glenmuir West,Fallinmuir,957,644,1559,98,20,10,5,1548,1521,1512,1580,1378,630,1354,1%,10,1%,6,59,45,48,58,12%,7%,63,96%,6.39,0,1%,62%,14,323,18,2,4%,1%,0.98,1.95,1.14,8.0,0%
DZ00405,Lochanlea Central,Aldmoor,803,517,1421,89,18,9,5,1281,1466,1489,1393,426,1323,1426,5%,38,1%,5,51,66,39,73,10%,4%,77,92%,6.2,91,1%,52%,13,99,14,4,4%,0%,4.32,4.91,3.33,13.61,5%
DZ00945,Kintoun North,Glenhaven,868,589,1048,66,14,7,4,1001,811,1459,809,684,1350,1136,9%,79,7%,42,67,85,25,93,16%,5%,65,90%,5.1,153,4%,37%,7,129,27,5,12%,1%,3.46,4.37,2.83,11.46,4%
DZ01157,Melcraig South,Harlawmuir,701,458,1187,75,15,8,4,1353,1344,1444,1062,6,954,1048,6%,40,3%,13,53,46,67,90,12%,4%,64,84%,5.66,147,3%,43%,9,256,34,3,9%,1%,7.15,8.39,7.53,28.13,9%
DZ01553,Langcraig East,Harlawmuir,822,537,1283,81,17,9,5,1102,1422,1156,1325,467,1500,386,8%,63,1%,5,88,109,63,71,19%,6%,85,90%,6.06,59,2%,41%,14,116,49,11,14%,3%,3.79,3.85,3.65,15.7,4%
DZ00633,Inverlea,Drumlarach,845,531,575,36,8,4,2,632,739,359,532,623,755,116,11%,94,9%,46,111,155,163,147,22%,7%,121,83%,4.82,209,6%,34%,17,295,68,10,16%,4%,3.43,4.38,2.72,11.89,3%
DZ01375,Balpark,Fallinmuir,665,425,1578,99,20,10,5,1578,1573,1584,1523,568,1394,1566,1%,7,1%,4,40,48,48,82,7%,2%,62,93%,5.97,63,1%,56%,4,117,0,0,4%,0%,3.07,4.39,3.24,10.42,3%
DZ00835,Fernmuir Central,Harlawmuir,989,575,771,49,10,5,3,932,939,720,322,602,898,916,9%,90,9%,50,62,183,170,107,15%,8%,103,84%,5.0,263,8%,25%,17,201,42,1,9%,2%,3.0,4.14,3.51,11.14,3%
DZ01597,Langholm East,Harlawmuir,630,395,974,61,13,7,4,1076,963,1173,1121,11,1582,1026,7%,46,8%,30,82,72,104,85,16%,6%,81,89%,5.16,149,2%,45%,0,13,14,2,12%,1%,7.94,7.72,7.27,23.49,11%
DZ00133,Kilburn West,Brackenlaw,834,550,1361,86,18,9,5,1413,1364,1443,1242,717,613,753,4%,37,4%,22,82,78,56,86,13%,4%,89,86%,5.43,126,4%,47%,30,262,46,5,10%,3%,2.79,3.3,3.04,12.56,3%
DZ00858,Melwood North,Fallinmuir,771,473,693,44,9,5,3,246,816,1227,906,1037,884,418,19%,147,9%,42,76,167,86,69,13%,4%,60,90%,5.6,173,5%,43%,10,167,53,10,11%,3%,1.96,2.16,1.95,6.22,2%
DZ01560,Strathmains East,Harlawmuir,971,579,85,6,2,1,1,130,218,131,176,5,564,272,19%,184,16%,91,142,285,141,165,25%,5%,156,82%,4.27,272,9%,16%,28,352,55,6,13%,3%,7.57,8.65,6.34,28.18,10%
DZ01521,Dalwood,Eskbrae,851,500,544,34,7,4,2,410,682,662,492,638,388,1532,15%,130,11%,55,89,96,143,107,16%,8%,108,84%,4.85,194,7%,27%,28,337,0,3,3%,1%,2.55,2.93,3.33,13.95,3%
DZ00744,Fernbrae North,Corriebeg,710,430,1101,69,14,7,4,817,1204,1441,702,766,1317,1210,12%,84,6%,24,80,71,76,79,10%,3%,73,83%,5.02,230,6%,35%,9,174,23,7,6%,1%,3.25,2.79,2.67,11.42,1%
DZ00912,Branbrae Central,Harlawmuir,822,554,1074,68,14,7,4,751,1356,1041,1286,346,979,1004,14%,114,5%,29,98,108,75,74,13%,6%,93,93%,6.05,129,2%,46%,15,243,38,0,10%,1%,4.75,4.58,4.45,13.57,7%
DZ01195,Balpark Central,Harlawmuir,738,469,18,2,1,1,1,20,21,51,105,71,402,143,28%,209,21%,99,207,181,483,145,24%,9%,183,81%,4.49,326,10%,11%,33,319,61,11,14%,4%,5.84,6.82,5.96,23.97,8%
DZ01318,Dungate Central,Harlawmuir,576,377,183,12,3,2,1,250,212,356,385,31,481,550,20%,116,16%,59,109,133,141,116,23%,6%,126,87%,4.75,241,8%,27%,27,322,49,11,13%,2%,6.54,7.35,6.68,24.41,9%
DZ00479,Dunside Central,Drumlarach,915,622,712,45,9,5,3,625,646,312,1195,1154,996,592,14%,126,9%,59,120,161,304,113,26%,7%,110,90%,5.69,154,2%,46%,12,160,34,9,14%,2%,1.98,2.04,1.33,6.97,3%
DZ00294,Ashshaws South,Brackenlaw,1069,623,1296,81,17,9,5,1191,1295,1343,1535,309,760,1570,6%,64,2%,14,77,143,46,88,13%,2%,67,98%,6.4,56,0%,57%,26,225,0,0,0%,0%,5.16,5.04,4.73,17.61,5%
DZ00184,Whincraig East,Corriebeg,770,452,1583,99,20,10,5,1524,1564,1599,1585,881,1475,1115,1%,9,1%,5,34,47,29,63,2%,3%,59,98%,6.2,57,0%,64%,8,124,38,1,9%,2%,2.35,3.23,2.32,9.33,3%
DZ01047,Strathdale,Eskbrae,649,387,1141,72,15,8,4,1179,1048,1184,1084,1122,608,625,9%,56,7%,27,98,171,126,98,14%,3%,71,88%,5.32,131,3%,40%,25,244,46,8,16%,3%,2.29,2.11,1.74,5.89,1%
DZ00779,Inverlea North,Brackenlaw,806,489,1086,68,14,7,4,1046,862,893,1197,1350,1376,1091,4%,34,9%,42,83,101,104,90,17%,8%,89,89%,5.9,128,2%,47%,7,103,37,1,10%,2%,1.69,1.58,1.13,3.0,2%
DZ00429,Torgate,Corriebeg,906,549,16,1,1,1,1,15,15,15,83,922,23,932,27%,245,24%,132,252,284,535,187,29%,9%,276,80%,4.47,303,10%,20%,51,585,29,2,9%,2%,1.91,3.31,2.19,7.12,2%
DZ01522,Dalwood,Eskbrae,500,320,318,20,4,2,1,339,561,390,53,301,1414,207,17%,86,11%,35,152,107,66,125,20%,6%,114,76%,4.03,346,13%,9%,0,140,71,16,17%,3%,4.42,5.8,4.55,19.03,6%
DZ00009,Lochanpark Central,Aldmoor,635,410,1315,83,17,9,5,1354,1413,926,1420,194,1497,1363,5%,30,1%,6,88,43,134,93,18%,5%,101,89%,6.01,112,3%,43%,6,165,11,3,9%,2%,5.22,6.03,4.91,18.67,6%
DZ00981,Newmains North,Glenhaven,785,514,686,43,9,5,3,692,572,692,804,1516,189,103,11%,89,10%,53,153,118,229,113,17%,8%,116,88%,4.96,177,7%,35%,35,425,56,15,18%,4%,0.54,0.5,1.06,4.21,0%
DZ00197,Duncraig Central,Drumlarach,827,537,1055,66,14,7,4,833,1128,1226,738,886,1391,1088,10%,81,4%,23,96,62,99,87,14%,6%,92,85%,5.33,179,5%,32%,0,125,36,4,12%,1%,3.07,2.65,3.05,10.67,1%
DZ00496,Newdale West,Brackenlaw,460,287,1128,71,15,8,4,1253,1161,786,1250,215,1419,1379,8%,38,3%,10,107,127,127,103,19%,6%,89,93%,5.7,133,2%,41%,14,103,33,0,5%,1%,5.18,5.32,5.01,18.32,7%
DZ00446,Lochanlea Central,Aldmoor,774,491,23,2,1,1,1,13,50,19,33,583,72,663,29%,222,19%,95,150,320,450,183,32%,8%,140,76%,4.09,329,12%,15%,44,492,48,4,10%,2%,2.9,4.47,3.64,12.99,3%
DZ00337,Glenfield,Brackenlaw,922,563,1067,67,14,7,4,997,1086,806,1109,369,1595,926,7%,68,6%,31,73,71,96,102,15%,6%,87,87%,5.29,156,3%,43%,0,0,22,9,9%,1%,4.13,4.79,4.14,15.51,4%
DZ00609,Newbank North,Aldmoor,742,496,44,3,1,1,1,34,135,84,28,629,64,546,25%,188,16%,82,227,276,406,126,27%,5%,169,79%,3.8,320,12%,4%,47,446,48,8,12%,3%,2.91,3.52,2.66,9.91,2%
DZ01290,Langbank East,Eskbrae,553,364,628,40,8,4,2,510,588,743,808,1058,251,1234,13%,71,12%,44,110,178,138,69,18%,3%,93,87%,5.26,167,4%,35%,33,379,26,3,6%,1%,2.07,3.2,1.57,6.66,0%
DZ00397,Strathwood Central,Drumlarach,930,584,1506,95,19,10,5,1311,1457,1470,1546,1552,972,778,4%,33,1%,6,107,41,95,61,13%,6%,95,93%,5.89,83,0%,51%,14,162,40,6,12%,3%,0.5,0.7,0.5,3.36,0%
DZ00710,Meldale West,Corriebeg,617,361,560,35,7,4,2,754,459,548,683,686,246,394,10%,65,14%,49,116,106,192,102,23%,7%,86,88%,5.34,200,5%,33%,23,346,43,10,13%,3%,2.54,2.99,2.96,10.84,2%
DZ00736,Newside South,Brackenlaw,837,546,688,43,9,5,3,919,597,1023,613,535,181,287,9%,73,11%,60,74,97,121,70,17%,6%,88,86%,4.91,175,8%,34%,33,409,60,9,13%,3%,2.95,3.54,3.73,14.33,5%
DZ01532,Torlaw East,Fallinmuir,789,479,580,37,8,4,2,648,350,861,744,1083,524,155,13%,102,13%,64,93,96,79,103,16%,5%,90,87%,5.0,187,5%,33%,29,303,61,9,16%,3%,2.66,2.61,1.5,9.8,3%
DZ01344,Craigside West,Glenhaven,581,384,774,49,10,5,3,650,881,669,907,1029,681,361,13%,74,8%,31,95,148,138,84,18%,7%,133,87%,4.96,141,5%,40%,25,274,65,11,14%,3%,2.29,2.95,2.2,9.7,4%
DZ00964,Baltoun West,Eskbrae,802,519,1125,71,15,8,4,1064,1031,1060,1142,1409,718,899,7%,56,9%,44,66,183,193,79,11%,6%,84,84%,5.59,170,2%,38%,32,180,49,6,10%,1%,1.23,2.0,1.05,3.0,1%
DZ00861,Whinwood South,Glenhaven,1032,682,1481,93,19,10,5,1447,1444,1370,1478,480,1574,1374,4%,38,1%,7,68,72,45,68,13%,4%,95,91%,6.16,85,1%,52%,0,125,11,0,3%,1%,3.47,3.7,3.32,13.73,2%
DZ01108,Craigfield South,Glenhaven,797,509,682,43,9,5,3,785,644,575,888,573,499,674,12%,95,12%,60,129,88,158,128,19%,6%,114,88%,5.47,185,4%,40%,25,314,45,9,11%,3%,3.57,3.78,3.09,10.82,3%
DZ00147,Killaw South,Corriebeg,938,623,440,28,6,3,2,486,517,147,932,448,238,904,12%,110,9%,56,163,227,377,140,25%,5%,99,86%,5.3,149,4%,40%,27,353,26,2,7%,2%,2.94,3.96,4.24,11.28,3%
DZ00100,Strathfield West,Brackenlaw,925,587,1271,80,16,8,4,1217,1306,1147,1385,754,923,693,6%,58,4%,25,83,104,44,71,11%,5%,78,91%,5.65,67,2%,41%,25,224,46,3,10%,2%,3.11,3.22,2.34,7.38,4%
DZ01468,Glenlaw North,Glenhaven,496,295,351,22,5,3,2,537,342,650,449,35,809,652,15%,73,14%,41,121,121,176,98,19%,4%,92,85%,4.7,214,6%,31%,9,284,41,8,13%,2%,6.64,7.61,6.02,23.03,9%
DZ01099,Lochanbrae,Fallinmuir,1009,620,1338,84,17,9,5,1454,1108,1168,1468,758,964,1282,2%,24,6%,38,95,82,119,89,12%,7%,99,89%,5.83,23,1%,50%,13,194,12,0,7%,1%,2.78,3.22,2.46,11.58,3%
DZ00290,Kilhill East,Aldmoor,1003,638,274,18,4,2,1,271,425,249,365,634,34,56,17%,175,13%,83,172,142,139,139,23%,6%,122,83%,4.9,264,9%,19%,41,541,77,11,18%,4%,2.54,3.39,2.78,14.77,4%
DZ01267,Strathfield East,Glenhaven,1045,633,648,41,9,5,3,701,431,920,1140,255,977,1219,13%,135,11%,72,106,71,73,101,21%,6%,111,90%,5.55,172,4%,45%,14,264,25,1,5%,1%,5.27,5.36,4.58,17.61,7%
DZ01303,Craigside West,Glenhaven,577,389,1061,67,14,7,4,968,1131,1266,747,799,1058,567,9%,52,6%,23,71,55,69,66,12%,5%,93,86%,5.11,184,5%,27%,18,166,45,10,13%,2%,2.5,2.81,2.58,8.39,3%
DZ00439,Dunside Central,Drumlarach,729,450,1160,73,15,8,4,929,1431,840,1076,1215,585,514,10%,69,1%,7,101,102,67,93,18%,6%,114,88%,5.59,161,4%,44%,23,254,68,7,17%,3%,1.74,1.87,2.04,8.03,0%
DZ00448,Langfield West,Aldmoor,676,451,73,5,1,1,1,81,57,136,149,680,326,256,23%,156,22%,99,168,187,485,139,25%,6%,144,79%,4.38,324,8%,16%,33,370,63,12,18%,2%,3.13,3.67,2.62,11.04,3%
DZ01136,Strathpark East,Fallinmuir,792,513,1026,65,13,7,4,680,1115,517,1164,1544,1246,1154,11%,89,6%,31,146,110,416,132,21%,6%,136,88%,5.64,134,4%,44%,13,182,12,5,8%,2%,0.68,1.3,0.53,3.0,0%
DZ00242,Torholm South,Aldmoor,791,480,1019,64,13,7,4,1202,936,1055,1292,248,183,1517,6%,47,8%,40,78,89,98,119,15%,4%,86,89%,6.26,141,3%,46%,28,416,19,0,3%,0%,4.85,5.95,4.71,19.2,7%
DZ00249,Kilhill East,Aldmoor,628,394,901,57,12,6,3,805,1247,1094,631,648,83,449,11%,72,4%,14,84,176,126,94,15%,4%,81,89%,5.07,189,8%,37%,40,379,44,10,13%,3%,3.02,2.59,3.54,11.7,2%
DZ00291,Birkcraig West,Brackenlaw,940,569,417,27,6,3,2,362,686,338,256,497,551,1226,16%,153,9%,50,101,199,116,126,22%,7%,111,79%,4.58,211,7%,22%,26,337,23,5,9%,2%,3.29,4.25,3.8,12.27,4%
DZ00719,Newshaws West,Drumlarach,558,360,702,44,9,5,3,864,938,355,1020,419,96,344,9%,51,7%,26,97,133,207,132,21%,8%,125,86%,5.62,118,5%,41%,38,457,73,8,17%,3%,4.08,4.46,3.82,12.71,6%
DZ00132,Glenpark West,Brackenlaw,787,515,849,54,11,6,3,1236,479,710,1032,456,1099,1141,9%,70,12%,62,55,190,56,105,18%,8%,115,85%,5.44,143,4%,46%,18,186,34,3,7%,1%,3.6,4.53,3.71,15.99,5%
DZ00039,Glentoun South,Drumlarach,892,522,1523,96,20,10,5,1478,1545,1491,1539,275,1357,1579,3%,27,1%,5,56,70,61,77,11%,3%,79,93%,6.12,64,1%,50%,12,100,0,0,2%,0%,5.45,4.88,3.86,20.19,5%
DZ01355,Craiggate Central,Harlawmuir,639,417,263,17,4,2,1,167,351,581,346,185,1066,273,22%,141,13%,56,115,145,155,98,18%,8%,116,85%,5.07,207,6%,29%,19,277,46,8,16%,3%,5.31,5.47,5.11,17.36,8%
DZ00363,Strathdale North,Aldmoor,821,503,1313,83,17,9,5,1264,1368,1391,1392,125,1489,1456,3%,25,4%,18,82,91,61,68,14%,5%,78,91%,5.51,112,1%,48%,6,131,0,1,4%,0%,6.37,5.83,4.88,20.96,8%
DZ01091,Fernshaws West,Fallinmuir,61,37,78,5,1,1,1,87,85,67,38,1471,169,572,25%,15,18%,7,153,556,310,171,27%,8%,164,75%,3.75,264,12%,13%,35,410,53,8,17%,3%,1.25,1.58,1.77,3.0,0%
DZ01245,Balburn South,Eskbrae,467,278,921,58,12,6,3,799,586,1049,820,1592,1065,661,11%,50,9%,26,118,145,75,99,14%,5%,94,90%,5.56,161,6%,35%,14,299,45,4,11%,3%,0.5,0.58,0.5,3.0,0%
DZ01509,Kinhaugh South,Glenhaven,787,513,1161,73,15,8,4,1345,1186,1206,1014,161,1231,846,4%,33,4%,22,73,102,100,74,12%,3%,73,88%,5.18,104,3%,34%,0,199,48,8,12%,2%,5.54,6.05,5.53,20.06,5%
DZ01488,Langhaugh East,Eskbrae,958,584,1044,66,14,7,4,945,775,1468,1034,893,1275,202,9%,89,7%,41,67,69,34,60,10%,3%,70,89%,5.25,135,3%,44%,0,90,59,11,15%,4%,2.42,2.84,2.39,7.81,1%
DZ00492,Dalholm,Brackenlaw,723,469,1545,97,20,10,5,1546,1547,1371,1532,484,1567,1533,1%,7,1%,5,111,44,67,78,10%,6%,86,92%,6.39,74,1%,55%,0,29,16,1,3%,1%,3.52,3.46,3.43,10.61,2%
DZ00013,Lochanford Central,Brackenlaw,1047,651,119,8,2,1,1,154,339,180,103,13,774,277,19%,200,13%,87,198,211,170,154,25%,7%,151,81%,4.22,287,10%,16%,19,197,57,13,15%,2%,7.68,7.92,6.73,24.89,9%
DZ00495,Newdale West,Brackenlaw,735,454,783,49,10,5,3,649,955,957,566,411,1378,1138,9%,69,7%,32,61,102,61,99,17%,3%,86,84%,4.91,185,4%,28%,17,92,48,8,9%,2%,3.71,3.62,3.76,14.23,3%
DZ01415,Balpark,Fallinmuir,1056,615,1575,99,20,10,5,1563,1580,1539,1407,1561,946,1296,1%,11,1%,6,58,61,29,85,12%,3%,55,91%,5.39,104,2%,50%,14,262,19,2,3%,0%,0.5,0.7,0.5,3.0,0%
DZ01216,Invermains South,Fallinmuir,825,496,1363,86,18,9,5,1396,1103,1338,1355,1422,994,1550,5%,41,5%,27,77,67,44,69,13%,4%,84,90%,5.7,88,2%,49%,17,262,0,0,2%,0%,1.32,1.44,0.5,3.0,1%
DZ00317,Whinbrae East,Drumlarach,952,592,1461,92,19,10,5,1520,1461,1528,1104,436,865,1196,1%,10,1%,6,41,47,37,60,11%,4%,67,88%,5.19,114,3%,38%,22,224,31,9,8%,1%,3.39,4.7,3.31,12.67,6%
DZ01484,Strathhill,Eskbrae,701,465,364,23,5,3,2,411,441,183,300,866,602,832,16%,110,11%,51,174,192,188,129,24%,7%,129,84%,4.47,241,9%,26%,24,253,37,8,9%,2%,3.33,3.17,2.5,9.58,2%
DZ01016,Inverdale Central,Fallinmuir,997,666,545,35,7,4,2,557,466,200,845,1316,739,628,13%,127,12%,81,123,251,367,134,27%,8%,169,85%,5.49,147,4%,44%,19,314,48,5,14%,2%,1.91,1.41,1.63,4.62,0%
DZ00934,Branhill,Fallinmuir,855,546,781,49,10,5,3,867,521,862,943,1353,596,264,9%,75,10%,53,106,94,169,111,18%,6%,74,86%,5.32,145,4%,35%,21,302,62,8,16%,3%,1.27,1.61,0.5,3.16,0%
DZ01320,Ashmains South,Harlawmuir,616,379,1595,100,20,10,5,1597,1581,1591,1599,20,1593,1266,1%,6,1%,4,41,46,33,52,5%,4%,61,96%,6.7,0,0%,70%,0,0,27,0,8%,2%,6.75,7.42,7.07,25.48,8%
DZ00761,Dalhaugh North,Aldmoor,760,445,1024,64,13,7,4,1246,951,987,758,726,616,766,6%,44,8%,34,93,118,109,102,14%,5%,65,89%,5.24,171,5%,30%,28,348,33,9,7%,2%,3.47,3.15,3.04,11.73,2%
DZ00626,Mellea,Corriebeg,924,617,797,50,10,5,3,685,672,698,1230,978,768,874,13%,124,10%,62,87,141,65,111,18%,8%,113,91%,5.64,108,2%,47%,24,327,37,6,9%,1%,2.68,3.22,2.38,6.77,2%
DZ00756,Birkford West,Drumlarach,723,453,1365,86,18,9,5,1368,1347,1129,1257,1156,1287,1387,2%,18,4%,20,109,102,69,73,19%,6%,94,90%,5.94,98,2%,46%,20,163,21,0,7%,1%,1.83,2.79,1.96,5.03,0%
DZ01178,Langshaws North,Fallinmuir,668,440,1114,70,14,7,4,1172,1205,949,813,782,756,1463,8%,54,5%,24,80,124,93,83,20%,4%,86,90%,5.32,146,4%,34%,11,284,15,5,5%,1%,2.98,2.73,2.38,11.11,3%
DZ00364,Strathdale North,Aldmoor,781,488,1337,84,17,9,5,1288,1410,1369,1461,261,871,1348,7%,52,3%,13,82,60,77,81,10%,7%,85,91%,5.95,95,0%,47%,17,260,28,3,10%,0%,5.08,5.59,4.41,17.84,7%
DZ01203,Dundale Central,Eskbrae,1043,637,462,29,6,3,2,476,249,994,441,1153,139,744,13%,138,13%,81,75,88,106,73,16%,6%,101,83%,4.93,261,7%,23%,46,400,36,5,10%,3%,2.02,1.98,1.78,5.86,1%
DZ01029,Ashbank West,Glenhaven,598,365,568,36,8,4,2,794,570,608,645,184,699,863,10%,58,11%,40,152,171,176,98,19%,4%,134,84%,5.41,180,5%,35%,16,255,43,8,10%,1%,5.09,5.91,5.77,19.23,7%
DZ00345,Fernlea,Corriebeg,677,457,707,45,9,5,3,860,284,863,872,1433,906,733,9%,62,15%,67,104,91,78,75,18%,8%,83,86%,5.51,194,5%,40%,25,226,46,8,7%,2%,1.15,1.55,1.54,4.49,1%
DZ00063,Tormuir East,Corriebeg,870,585,1498,94,19,10,5,1522,1489,1342,1297,496,1568,893,2%,13,1%,8,80,36,45,76,14%,2%,79,86%,5.73,152,1%,44%,0,0,48,3,9%,2%,3.14,4.02,4.43,11.89,2%
DZ00296,Kilmains Central,Brackenlaw,583,364,879,55,11,6,3,1069,813,503,670,765,1462,1215,9%,53,7%,26,123,208,506,121,20%,5%,119,84%,4.81,210,6%,30%,0,33,23,3,5%,1%,2.9,3.32,2.42,12.65,2%
DZ00503,Daltoun West,Corriebeg,1092,658,87,6,2,1,1,73,78,135,133,909,397,696,24%,259,18%,120,186,320,300,133,24%,8%,151,78%,4.48,253,10%,19%,22,307,48,11,16%,1%,2.54,2.77,1.88,8.38,2%
DZ00873,Dunlaw East,Harlawmuir,788,530,373,24,5,3,2,399,410,328,182,1104,569,900,15%,122,11%,56,104,188,147,159,24%,6%,110,80%,4.54,232,9%,17%,32,295,34,5,14%,1%,2.59,2.56,1.8,6.7,0%
DZ00266,Torlaw South,Corriebeg,771,488,1173,74,15,8,4,1315,1015,1355,988,627,837,656,4%,31,7%,32,53,66,101,71,9%,6%,74,88%,5.33,161,2%,38%,25,196,63,10,10%,2%,3.62,3.55,2.66,12.15,4%
DZ00536,Newdale West,Brackenlaw,843,543,817,52,11,6,3,947,896,1176,406,338,919,1356,10%,88,9%,47,76,66,68,86,15%,6%,91,84%,4.85,213,7%,31%,25,175,18,1,5%,1%,4.73,5.55,3.3,13.16,6%
DZ00763,Whinlaw West,Aldmoor,776,477,174,11,3,2,1,187,201,314,181,598,180,28,20%,154,14%,69,118,163,188,103,24%,7%,103,83%,4.63,249,9%,17%,38,380,79,15,22%,4%,3.32,3.79,3.28,10.04,3%
DZ00969,Kilfield South,Eskbrae,935,573,218,14,3,2,1,106,191,456,394,869,485,330,19%,180,16%,94,146,134,202,100,17%,6%,128,85%,4.84,220,8%,30%,28,355,74,10,11%,3%,2.07,3.36,2.18,10.63,2%
DZ01502,Birkholm North,Glenhaven,1047,651,954,60,12,6,3,989,1176,670,1112,588,159,311,10%,105,4%,24,109,82,163,102,18%,3%,83,87%,5.59,118,3%,42%,32,403,62,9,14%,2%,3.35,3.56,3.63,12.46,2%
DZ00823,Torburn West,Glenhaven,648,384,1201,76,16,8,4,1165,1120,1395,1361,538,541,683,7%,44,5%,20,66,81,65,84,12%,5%,78,92%,5.63,126,0%,48%,21,257,47,5,9%,2%,2.73,4.26,2.82,12.38,5%
DZ00784,Fernbrae North,Corriebeg,879,542,1418,89,18,9,5,1248,1519,1314,1055,1411,1137,1218,3%,24,1%,5,65,147,45,67,10%,7%,85,86%,5.09,152,5%,38%,12,240,22,2,8%,1%,0.86,1.52,1.21,4.67,2%
DZ00253,Ashshaws South,Brackenlaw,738,446,453,29,6,3,2,414,543,176,560,1318,249,523,17%,123,9%,40,119,218,199,160,24%,7%,217,81%,5.01,232,6%,29%,28,277,43,8,13%,2%,1.44,1.99,0.84,6.85,0%
DZ00717,Melpark North,Drumlarach,609,405,1058,67,14,7,4,1077,703,1399,1081,1151,353,1542,7%,46,11%,43,60,63,124,55,12%,2%,79,91%,6.01,122,2%,41%,30,317,5,0,2%,0%,2.03,2.42,2.04,4.12,0%
DZ01479,Melhaugh Central,Harlawmuir,828,521,510,32,7,4,2,463,599,287,1125,101,1387,1040,14%,117,11%,55,142,200,104,125,26%,5%,107,90%,5.65,166,3%,39%,3,155,24,4,11%,3%,5.76,6.69,5.37,23.23,10%
DZ01349,Whincraig West,Glenhaven,630,375,1419,89,18,9,5,1507,1353,1465,1265,298,1395,1448,2%,14,4%,16,48,77,105,76,12%,5%,63,89%,5.85,133,2%,45%,6,142,25,3,2%,0%,5.6,5.06,4.13,16.22,4%
DZ00071,Newgate South,Drumlarach,671,391,965,61,13,7,4,975,988,986,937,1342,77,368,9%,58,6%,23,75,122,56,111,20%,7%,106,87%,5.4,180,4%,38%,31,484,66,11,12%,3%,1.48,2.38,1.48,3.45,1%
DZ00255,Kilmains Central,Brackenlaw,876,584,1267,80,16,8,4,1295,1218,1155,1402,464,1267,631,3%,25,5%,27,56,66,57,88,13%,6%,83,89%,5.71,109,3%,45%,13,130,41,11,9%,3%,3.26,4.62,3.55,12.98,3%
DZ00430,Torgate,Corriebeg,827,543,120,8,2,1,1,46,185,506,44,940,703,298,23%,190,17%,93,128,217,423,94,22%,5%,124,77%,3.93,307,12%,8%,25,284,48,8,20%,3%,2.38,2.43,1.6,10.66,3%
DZ00427,Melburn North,Corriebeg,754,465,3,1,1,1,1,10,3,4,2,1599,56,11,28%,215,29%,133,242,268,817,191,29%,10%,172,74%,3.0,360,16%,0%,33,451,98,18,22%,5%,0.5,0.5,0.5,3.0,0%
DZ00141,Kinshaws East,Corriebeg,783,472,1513,95,19,10,5,1433,1535,1520,1475,452,1196,1370,2%,18,1%,5,49,83,37,71,13%,6%,71,91%,6.18,93,1%,50%,8,144,15,0,6%,1%,4.06,4.45,3.41,13.51,4%
DZ00740,Inverlea North,Brackenlaw,722,440,728,46,10,5,3,742,494,816,494,1070,1522,1331,13%,91,9%,40,97,167,80,102,16%,7%,98,84%,5.14,216,5%,33%,0,55,17,2,6%,1%,2.61,2.55,1.91,3.94,2%
DZ00754,Newmains,Drumlarach,628,421,1280,80,16,8,4,1262,1300,1135,1161,1159,1057,810,4%,24,4%,16,78,137,56,81,15%,7%,88,85%,5.31,87,4%,50%,14,227,46,6,9%,2%,2.1,2.01,1.71,7.57,0%
DZ01212,Dalford North,Fallinmuir,608,364,8,1,1,1,1,4,24,16,87,910,5,125,30%,183,23%,84,220,354,438,209,28%,6%,181,77%,4.27,266,11%,14%,36,603,75,11,15%,3%,2.53,2.72,2.34,8.29,4%
DZ01542,Glenside,Glenhaven,1038,666,1256,79,16,8,4,1132,1280,1368,1418,438,895,1156,8%,85,5%,36,51,93,58,77,11%,2%,83,92%,6.02,129,2%,48%,22,284,45,1,7%,1%,3.76,3.65,2.9,11.85,5%
DZ01034,Birkshaws East,Harlawmuir,757,478,151,10,2,1,1,88,131,440,121,1504,39,1185,22%,167,19%,90,174,115,106,132,19%,8%,127,79%,4.3,290,10%,14%,45,487,35,5,8%,1%,1.1,0.61,1.46,3.0,0%
DZ00918,Rosslaw South,Harlawmuir,757,481,1014,64,13,7,4,984,970,671,1141,1231,892,1023,9%,65,9%,41,111,169,111,124,17%,5%,106,87%,5.58,135,3%,41%,15,196,60,6,10%,2%,2.17,2.14,0.75,6.1,1%
DZ00748,Fernmuir,Corriebeg,767,501,599,38,8,4,2,392,841,415,431,1534,511,532,16%,124,7%,37,107,220,243,123,17%,6%,103,85%,5.1,176,7%,27%,25,218,53,9,15%,3%,0.5,0.78,0.5,3.0,0%
DZ01496,Birkfield East,Fallinmuir,1009,657,1107,70,14,7,4,898,1113,1350,732,1123,1353,1019,9%,95,5%,31,70,81,60,90,13%,7%,87,85%,5.17,236,5%,38%,13,214,37,6,8%,2%,1.58,2.32,1.67,8.64,2%
DZ01127,Ashdale North,Eskbrae,487,319,1050,66,14,7,4,1082,837,654,1199,1335,1447,458,8%,40,8%,24,86,90,118,80,20%,6%,125,87%,5.85,133,4%,45%,0,39,46,9,16%,2%,1.64,1.89,1.24,4.04,0%
DZ01578,Lochantoun East,Fallinmuir,743,490,1458,92,19,10,5,1398,1266,1517,1571,396,1482,1545,3%,19,3%,15,58,49,89,68,12%,5%,63,92%,6.59,67,0%,58%,12,79,0,0,3%,0%,3.68,4.8,3.75,14.86,4%
DZ00782,Strathside Central,Corriebeg,699,467,761,48,10,5,3,740,687,849,887,915,255,1222,12%,81,10%,44,108,150,93,119,16%,6%,114,88%,5.49,127,3%,40%,33,314,16,4,11%,2%,2.53,3.28,2.68,8.79,3%
DZ01475,Invercraig,Harlawmuir,799,543,692,44,9,5,3,720,847,923,814,55,1248,708,10%,80,9%,46,82,97,80,83,18%,8%,95,85%,5.24,215,5%,42%,10,128,45,9,9%,2%,5.99,6.68,6.18,25.84,9%
DZ00408,Langfield West,Aldmoor,788,505,436,28,6,3,2,592,535,589,162,544,381,171,13%,103,13%,67,141,99,109,125,22%,6%,143,81%,4.56,237,9%,19%,40,416,68,10,20%,3%,3.61,3.63,2.83,14.83,4%
DZ00036,Ashlea North,Drumlarach,767,451,803,51,11,6,3,935,657,936,940,318,1232,1159,10%,76,10%,44,76,105,76,66,17%,9%,96,86%,5.5,197,5%,37%,6,126,29,4,7%,1%,4.18,5.07,3.35,13.08,7%
DZ01001,Torcraig East,Eskbrae,477,292,1446,91,19,10,5,1209,1428,1358,1389,1063,1592,1482,5%,24,3%,10,89,100,59,82,11%,7%,69,91%,5.57,101,3%,48%,0,0,9,1,6%,1%,2.46,1.6,1.56,9.11,2%
DZ00237,Duncraig Central,Drumlarach,683,461,1056,66,14,7,4,1268,1242,749,936,463,150,1010,6%,41,5%,24,75,142,194,87,17%,7%,109,88%,5.6,205,4%,36%,41,400,36,1,13%,1%,3.95,4.06,3.59,13.04,6%
DZ01372,Strathside West,Fallinmuir,997,671,1276,80,16,8,4,1193,1458,1307,1082,714,218,1198,8%,76,1%,7,64,103,68,78,15%,6%,81,89%,5.39,120,3%,41%,36,436,29,1,10%,1%,3.52,2.81,2.81,10.08,3%
DZ00506,Rossbank North,Corriebeg,714,423,924,58,12,6,3,1094,725,676,942,1447,513,416,7%,47,9%,38,104,98,273,122,18%,4%,120,87%,5.35,175,4%,32%,20,290,47,5,16%,2%,1.02,2.03,0.97,3.0,0%
DZ01288,Balholm North,Eskbrae,558,326,1320,83,17,9,5,1180,1385,1020,1363,984,1122,1594,6%,34,4%,12,81,94,66,71,16%,5%,87,93%,5.72,107,3%,43%,12,211,0,0,0%,0%,2.36,2.29,1.85,10.05,3%
DZ00314,Branford West,Drumlarach,790,521,947,60,12,6,3,724,1087,960,793,1323,697,323,12%,98,7%,35,89,80,88,82,15%,6%,71,86%,5.29,151,6%,35%,34,253,55,6,13%,2%,1.12,2.16,1.01,3.0,2%
DZ01107,Craigfield South,Glenhaven,815,491,1034,65,13,7,4,911,1020,1273,1063,441,1314,605,11%,88,7%,36,64,137,96,74,16%,4%,66,90%,5.55,159,3%,46%,18,134,56,7,9%,2%,4.04,4.59,4.11,12.9,5%
DZ01557,Langholm East,Harlawmuir,746,474,150,10,2,1,1,302,285,189,161,54,316,303,16%,117,14%,68,158,132,267,132,24%,9%,116,80%,4.74,255,8%,13%,28,355,52,11,14%,2%,6.22,6.56,5.63,22.14,11%
DZ00549,Ashside South,Corriebeg,824,560,745,47,10,5,3,595,973,958,558,871,278,1022,14%,112,8%,47,83,142,139,78,17%,7%,75,84%,5.27,180,7%,38%,29,327,35,3,9%,2%,2.76,2.64,2.12,9.81,3%
DZ00351,Rossburn Central,Drumlarach,789,484,740,47,10,5,3,777,516,470,1064,1473,733,254,13%,104,10%,47,86,165,124,84,21%,8%,137,89%,5.48,174,4%,41%,14,273,69,9,19%,3%,1.55,1.56,0.62,4.03,0%
DZ00478,Dallaw North,Drumlarach,865,585,841,53,11,6,3,617,990,735,861,1397,693,383,15%,132,10%,59,102,154,160,97,17%,6%,99,87%,5.66,170,4%,34%,18,287,57,6,14%,3%,0.65,1.72,1.27,4.34,0%
DZ00615,Glenholm North,Brackenlaw,665,426,1346,85,17,9,5,1350,1235,1469,867,1484,1283,765,8%,53,6%,24,84,90,121,72,14%,4%,64,86%,5.42,156,4%,39%,11,109,38,5,13%,2%,0.86,1.29,1.03,4.97,0%
DZ00978,Langfield North,Fallinmuir,546,331,516,33,7,4,2,529,567,599,472,1289,24,707,14%,79,10%,34,110,283,247,104,24%,3%,128,85%,4.65,220,6%,26%,50,414,43,5,11%,2%,1.65,1.87,0.93,9.13,1%
DZ00273,Branford West,Drumlarach,976,641,1311,82,17,9,5,1183,1229,1479,1033,1249,1496,665,8%,76,4%,24,59,56,53,55,11%,5%,96,88%,5.63,116,4%,38%,10,113,59,10,13%,2%,1.06,1.35,1.75,7.27,0%
DZ00961,Torcraig East,Eskbrae,745,442,1530,96,20,10,5,1541,1484,1518,1579,500,1152,151,1%,7,1%,4,76,62,46,60,11%,4%,83,95%,6.56,19,0%,64%,21,200,72,13,17%,4%,3.91,4.08,3.28,12.61,4%
DZ01383,Birkpark South,Glenhaven,877,557,673,43,9,5,3,605,663,784,1234,459,235,183,11%,99,8%,44,132,81,118,98,20%,7%,92,87%,5.78,114,3%,52%,35,344,75,10,17%,3%,3.74,4.85,3.7,11.86,3%
DZ01384,Birkpark South,Glenhaven,878,534,700,44,9,5,3,527,781,894,944,662,259,1153,14%,126,8%,45,137,40,202,85,15%,7%,129,89%,5.2,181,3%,35%,40,371,30,4,6%,1%,3.72,3.96,2.72,12.26,3%
DZ00358,Strathwood Central,Drumlarach,1037,680,1470,92,19,10,5,1370,1497,1494,1337,1038,1169,687,4%,45,2%,13,75,38,101,68,8%,4%,77,89%,5.7,116,1%,54%,22,143,37,7,15%,2%,1.64,2.2,2.32,10.65,0%
DZ00163,Inverbank West,Aldmoor,838,496,367,23,5,3,2,509,480,406,398,56,707,1251,13%,113,13%,64,107,211,126,134,21%,8%,111,82%,5.2,224,7%,31%,24,251,35,4,10%,1%,5.81,7.05,7.09,21.58,9%
DZ01284,Newburn North,Eskbrae,741,442,1416,89,18,9,5,1475,1469,1161,1202,1463,177,435,1%,9,3%,12,85,123,154,88,14%,9%,90,91%,5.47,95,3%,44%,35,324,48,9,11%,1%,0.5,1.23,1.92,4.94,0%
DZ00637,Kinmains Central,Drumlarach,818,550,1564,98,20,10,5,1545,1533,1576,1544,650,1560,1320,1%,8,2%,11,45,61,43,61,7%,5%,67,91%,6.13,76,0%,57%,0,8,6,1,7%,1%,2.67,3.73,2.4,14.31,4%
DZ00487,Newshaws North,Aldmoor,856,523,329,21,5,3,2,303,450,203,701,200,763,1230,19%,162,12%,64,153,140,122,133,24%,10%,132,82%,5.11,234,5%,36%,23,259,21,8,10%,1%,5.16,6.17,5.13,21.97,7%
DZ00515,Balshaws North,Drumlarach,787,503,675,43,9,5,3,522,755,697,735,659,980,1289,14%,113,10%,52,84,155,164,116,21%,6%,110,88%,5.2,232,5%,35%,5,214,18,5,7%,1%,2.79,3.35,3.04,12.29,2%
DZ01371,Strathside West,Fallinmuir,936,557,831,52,11,6,3,666,1078,634,640,1190,1112,187,13%,122,6%,34,92,245,160,102,17%,5%,113,83%,4.98,239,5%,38%,14,108,56,13,24%,3%,1.82,2.96,1.74,6.88,1%
DZ01428,Lochanshaws East,Glenhaven,907,579,300,19,4,2,1,202,364,438,586,112,1213,393,17%,152,14%,81,80,154,185,139,21%,6%,99,86%,4.71,225,5%,28%,12,208,53,5,11%,2%,5.54,6.84,4.18,22.39,10%
DZ00803,Rossside South,Eskbrae,834,509,640,40,8,4,2,630,625,591,783,883,621,724,11%,96,8%,39,129,129,319,109,17%,8%,106,88%,4.93,114,5%,32%,24,264,41,3,11%,2%,1.96,3.37,2.3,10.55,0%
DZ00440,Dunside Central,Drumlarach,753,481,250,16,4,2,1,289,228,251,116,1448,70,1054,18%,139,15%,73,154,280,156,119,22%,8%,151,79%,4.11,275,10%,16%,45,424,27,10,12%,2%,1.54,1.54,0.5,4.97,0%
DZ00349,Rossshaws Central,Corriebeg,825,497,155,10,2,1,1,184,73,113,451,1111,561,178,20%,165,19%,94,159,165,221,136,25%,9%,159,84%,4.87,234,5%,29%,28,251,65,11,19%,3%,1.89,2.01,2.29,6.55,2%
DZ00020,Whinlea Central,Brackenlaw,862,514,613,39,8,4,2,472,889,496,601,297,1417,827,13%,116,6%,30,114,177,78,101,20%,5%,146,86%,5.38,162,5%,30%,11,151,42,4,12%,2%,4.8,5.15,4.6,16.56,6%
DZ00126,Newlaw North,Aldmoor,1133,686,489,31,7,4,2,550,347,664,709,146,1452,1479,12%,137,14%,97,118,152,103,98,22%,7%,99,85%,5.28,190,6%,25%,10,106,4,1,1%,1%,5.92,6.06,5.19,18.97,9%
DZ01380,Kilford,Fallinmuir,931,545,687,43,9,5,3,737,743,839,529,578,618,585,11%,99,9%,50,112,93,195,102,16%,7%,135,85%,5.2,177,4%,32%,26,325,41,5,10%,2%,3.74,3.7,2.68,10.42,3%
DZ01037,Langshaws East,Harlawmuir,755,446,1182,74,15,8,4,1145,1274,1245,1187,434,901,872,7%,50,5%,23,49,96,75,97,13%,4%,103,91%,5.71,138,3%,42%,17,280,34,7,12%,1%,4.29,4.13,3.18,15.02,5%
DZ00493,Kilmuir Central,Brackenlaw,763,466,1371,86,18,9,5,1493,1052,1541,1334,349,1187,1521,1%,8,5%,24,52,47,43,69,8%,3%,72,89%,5.59,97,2%,42%,23,177,2,2,3%,0%,4.3,4.17,4.46,15.47,7%
DZ01518,Mellea East,Harlawmuir,925,593,1045,66,14,7,4,1160,866,1137,1281,276,1096,1355,7%,65,9%,52,92,54,64,95,11%,7%,82,89%,5.65,107,4%,46%,16,215,26,2,7%,1%,3.91,5.12,3.73,16.62,5%
DZ01196,Balpark Central,Harlawmuir,894,546,259,17,4,2,1,190,631,194,210,151,1051,225,21%,189,10%,55,146,91,151,121,27%,7%,143,81%,4.86,283,9%,21%,11,221,69,12,18%,4%,5.76,6.5,4.69,19.91,9%
DZ00707,Balcraig South,Corriebeg,994,615,435,28,6,3,2,323,298,494,812,1479,310,320,19%,192,15%,90,137,96,150,112,19%,6%,114,86%,5.52,238,5%,44%,29,323,46,8,15%,2%,1.08,0.5,0.5,3.0,0%
DZ00422,Craigbank North,Corriebeg,798,514,133,9,2,1,1,218,103,94,120,1406,78,333,17%,136,16%,84,153,167,242,179,23%,7%,155,81%,4.13,290,9%,7%,36,438,52,10,16%,3%,1.18,1.67,0.65,3.24,0%
DZ01462,Birkholm North,Glenhaven,762,507,767,48,10,5,3,1182,546,617,587,554,948,1043,9%,71,12%,60,82,104,221,111,18%,7%,108,88%,5.1,191,4%,32%,15,243,46,6,6%,3%,3.42,3.41,2.42,12.05,5%
DZ00882,Torlaw Central,Eskbrae,928,613,1494,94,19,10,5,1518,1493,1203,1330,1166,1040,1190,1%,9,1%,9,64,95,71,83,14%,4%,104,89%,5.83,148,1%,55%,7,264,12,6,8%,1%,1.95,2.27,1.98,5.07,1%
DZ01570,Inverford East,Eskbrae,622,382,691,44,9,5,3,530,506,907,1075,1001,1007,385,14%,85,11%,41,79,155,282,70,17%,3%,125,90%,5.34,100,4%,50%,24,201,61,7,14%,3%,2.65,2.57,1.65,6.57,3%
DZ00655,Melfield South,Brackenlaw,731,495,1358,85,17,9,5,1469,1175,912,1304,1117,1478,1408,3%,24,6%,27,122,41,163,112,21%,4%,118,88%,5.69,134,4%,48%,0,144,13,3,6%,1%,1.51,2.58,2.01,7.92,1%
DZ00309,Rosspark Central,Corriebeg,879,592,54,4,1,1,1,63,60,58,74,1265,179,261,25%,218,19%,115,177,235,344,140,31%,9%,176,78%,3.91,297,9%,16%,30,387,52,9,15%,3%,1.96,1.82,2.13,6.24,1%
DZ00299,Rossdale Central,Brackenlaw,813,521,432,27,6,3,2,668,409,502,295,393,521,260,10%,82,11%,56,123,107,102,152,20%,7%,106,84%,4.69,289,8%,29%,33,345,49,11,19%,3%,3.52,4.32,3.8,14.83,5%
DZ01218,Rosshill Central,Fallinmuir,762,483,908,57,12,6,3,863,584,1287,1226,549,1296,237,11%,82,10%,50,62,78,97,79,12%,5%,74,89%,5.61,140,4%,48%,0,192,60,8,16%,2%,3.38,3.76,2.47,13.52,5%
DZ01478,Mellea East,Harlawmuir,803,508,592,37,8,4,2,796,605,1067,132,223,1486,497,13%,100,10%,49,86,47,187,83,14%,6%,76,77%,4.63,296,11%,23%,1,77,45,9,14%,1%,4.57,6.26,4.36,19.79,5%
DZ01306,Langmains,Glenhaven,760,489,852,54,11,6,3,1144,642,1192,997,98,862,1417,7%,54,10%,49,88,63,111,75,16%,2%,82,89%,5.84,178,5%,35%,21,267,5,0,2%,1%,6.06,6.74,5.67,22.31,7%
DZ00530,Ashwood South,Aldmoor,855,562,106,7,2,1,1,161,48,333,101,486,1031,243,20%,172,21%,116,119,128,220,111,24%,8%,129,80%,3.84,286,11%,17%,19,155,55,10,15%,3%,4.56,4.46,3.23,14.41,4%
DZ00702,Birkwood West,Corriebeg,1015,658,889,56,12,6,3,1057,961,873,762,788,182,615,7%,70,8%,54,107,80,95,111,17%,6%,82,90%,4.87,163,6%,32%,36,371,44,9,13%,3%,3.68,3.52,3.01,7.54,3%
DZ00545,Rossbank North,Corriebeg,677,452,503,32,7,4,2,542,337,409,426,1375,1271,519,12%,78,15%,70,132,168,221,117,20%,7%,111,82%,5.18,227,7%,34%,8,105,46,7,12%,2%,1.33,2.0,0.7,3.28,0%
DZ01310,Whincraig West,Glenhaven,835,559,326,21,5,3,2,321,400,511,283,435,588,114,18%,147,13%,75,104,175,129,105,16%,7%,112,81%,4.68,244,8%,28%,18,275,87,10,20%,4%,4.31,3.93,3.35,15.49,6%
DZ01352,Ashlaw South,Harlawmuir,854,552,709,45,9,5,3,971,372,495,1057,884,1081,601,11%,92,10%,57,126,96,125,103,19%,6%,145,88%,5.34,174,3%,37%,20,204,47,4,8%,3%,2.41,2.29,2.16,9.99,4%
DZ01026,Whinfield North,Glenhaven,929,547,1574,99,20,10,5,1571,1584,1527,1553,1090,605,1327,1%,9,1%,5,74,45,37,62,9%,5%,67,92%,6.2,36,0%,58%,27,323,25,4,6%,0%,1.95,2.18,2.02,7.85,0%
DZ00221,Glenmuir Central,Corriebeg,884,575,191,12,3,2,1,170,282,272,154,762,184,130,18%,157,15%,85,166,208,288,88,22%,10%,121,78%,4.18,276,7%,17%,38,353,62,12,20%,4%,3.03,3.25,2.43,10.05,2%
DZ00144,Inverhaugh North,Corriebeg,900,601,1562,98,20,10,5,1587,1559,1303,1350,1491,995,1400,1%,9,1%,6,79,86,69,79,12%,2%,104,93%,5.71,141,1%,52%,18,140,19,2,6%,1%,1.6,1.69,0.5,3.52,0%
DZ00450,Rossfield West,Aldmoor,804,507,1041,66,14,7,4,1234,789,876,1105,836,1029,887,4%,34,10%,48,124,161,69,122,20%,6%,84,86%,5.58,130,2%,39%,10,227,46,6,10%,1%,2.24,3.01,2.68,14.61,2%
DZ00328,Glengate,Aldmoor,693,447,241,16,4,2,1,257,164,342,240,609,1069,423,20%,137,16%,74,226,128,348,131,22%,6%,89,82%,4.35,209,8%,22%,15,203,53,7,13%,3%,3.52,3.45,2.46,11.65,4%
DZ00436,Balside,Drumlarach,885,557,1582,99,20,10,5,1581,1586,1561,1426,1273,1448,1031,1%,9,1%,6,73,47,32,56,8%,5%,65,88%,5.84,64,3%,45%,0,136,32,5,7%,3%,2.18,1.67,1.81,7.32,2%
DZ01181,Branhaugh,Glenhaven,734,478,1384,87,18,9,5,1363,1195,1450,1516,953,1059,500,4%,31,4%,17,76,66,50,74,14%,7%,65,91%,6.41,66,0%,49%,20,252,35,11,13%,3%,2.47,2.62,3.28,9.37,3%
DZ01414,Lochanhaugh Central,Fallinmuir,700,442,1588,100,20,10,5,1564,1595,1538,1596,1439,635,984,1%,7,1%,4,89,71,43,95,13%,3%,77,98%,6.45,12,0%,68%,21,253,38,3,11%,1%,0.58,1.64,0.5,4.39,1%
DZ00275,Inverholm,Drumlarach,541,329,1345,85,17,9,5,1195,1249,1497,1204,947,1492,1499,6%,31,3%,11,54,42,68,84,11%,4%,63,86%,5.52,138,1%,45%,4,101,13,3,1%,0%,2.45,2.65,2.17,7.97,0%
DZ00209,Rosscraig Central,Aldmoor,767,494,756,48,10,5,3,1024,627,1093,835,361,334,24,8%,65,11%,54,86,92,118,88,18%,4%,90,89%,5.17,183,4%,42%,32,306,83,15,23%,4%,4.13,5.02,3.68,18.55,5%
DZ01315,Craiggate Central,Harlawmuir,955,587,242,16,4,2,1,293,452,197,294,61,506,966,19%,179,13%,79,165,103,230,129,23%,6%,149,82%,4.79,282,7%,23%,19,343,48,6,12%,3%,6.56,7.65,5.8,22.12,7%
DZ01230,Whinhaugh North,Glenhaven,782,485,525,33,7,4,2,728,443,750,719,372,193,108,14%,108,11%,56,124,123,212,97,19%,6%,106,85%,5.03,175,5%,36%,43,365,75,8,19%,3%,4.47,4.8,3.87,15.22,4%
DZ00238,Duncraig Central,Drumlarach,642,436,891,56,12,6,3,1081,782,593,948,999,934,362,8%,51,12%,52,140,101,78,133,20%,6%,113,86%,5.59,155,3%,36%,11,205,55,6,12%,3%,2.38,2.78,1.77,11.5,2%
DZ00708,Balcraig South,Corriebeg,873,540,158,10,2,1,1,166,265,95,150,967,142,188,21%,184,14%,74,152,141,198,140,25%,7%,134,80%,4.19,287,8%,14%,39,426,69,11,16%,4%,2.57,2.18,2.65,7.99,1%
DZ00026,Ashpark North,Corriebeg,490,312,333,21,5,3,2,343,432,600,68,1233,314,65,17%,85,12%,37,94,188,94,89,19%,8%,108,76%,4.17,336,9%,10%,34,340,70,13,19%,3%,2.01,1.89,1.74,7.96,1%
DZ01561,Dalwood,Eskbrae,687,454,302,19,4,2,1,547,465,96,192,259,325,626,13%,87,13%,59,201,195,228,151,25%,9%,129,82%,4.64,230,8%,21%,28,384,42,8,10%,2%,4.2,5.62,4.74,18.42,6%
DZ00277,Whinbrae East,Drumlarach,809,522,902,57,12,6,3,869,1044,948,358,1120,1117,980,11%,91,7%,37,99,117,252,86,16%,6%,99,81%,4.72,253,8%,30%,13,185,36,6,9%,2%,2.36,2.08,2.33,7.58,2%
DZ00696,Melfield South,Brackenlaw,850,519,1251,79,16,8,4,1284,1138,1390,868,1125,1124,1071,5%,42,7%,34,43,111,75,73,11%,4%,61,93%,5.27,166,3%,35%,14,260,32,4,13%,1%,2.54,2.55,2.36,7.79,0%
DZ00544,Daltoun West,Corriebeg,722,480,278,18,4,2,1,197,172,482,335,1239,921,88,20%,141,16%,79,157,133,104,106,19%,9%,96,79%,4.53,215,7%,24%,18,221,67,10,16%,3%,1.73,2.29,1.07,3.52,3%
DZ01140,Rossmuir West,Fallinmuir,782,458,1286,81,17,9,5,1097,1153,1153,1472,1307,1250,1202,5%,40,5%,21,67,113,52,66,12%,5%,76,91%,6.09,84,0%,49%,10,179,38,7,6%,1%,1.24,1.28,1.46,6.18,1%
DZ00765,Kilgate South,Aldmoor,839,556,744,47,10,5,3,716,695,445,904,933,1209,755,10%,87,10%,54,105,174,143,99,25%,6%,95,86%,5.43,120,5%,43%,16,161,38,6,15%,3%,2.78,2.31,1.76,4.55,2%
DZ00935,Langbank Central,Fallinmuir,848,524,1299,82,17,9,5,1103,1319,1476,1053,1399,778,1265,8%,68,4%,23,60,60,73,63,9%,6%,63,86%,5.34,172,2%,40%,20,234,13,0,10%,1%,1.36,1.97,1.73,3.0,1%
DZ00052,Kilhaugh,Brackenlaw,898,586,375,24,5,3,2,456,679,354,289,49,965,552,14%,126,10%,56,164,222,107,120,22%,7%,109,85%,4.7,262,8%,24%,32,164,53,9,11%,3%,6.4,7.26,5.38,22.81,9%
DZ01027,Birkwood East,Glenhaven,805,485,1216,76,16,8,4,1010,1243,1216,1401,937,722,983,9%,73,6%,30,79,62,112,73,14%,3%,68,91%,5.85,89,2%,42%,32,269,15,3,5%,2%,2.33,2.23,2.46,8.37,3%
DZ00979,Newbank South,Fallinmuir,810,476,228,15,3,2,1,114,92,472,534,1524,237,627,20%,163,17%,79,149,100,372,102,19%,8%,99,85%,5.27,187,7%,27%,20,398,57,3,12%,2%,1.04,1.11,0.91,3.0,0%
DZ01329,Langbank East,Eskbrae,660,398,1075,68,14,7,4,1099,887,1268,1256,718,374,1447,10%,64,8%,33,61,121,133,105,12%,5%,89,89%,6.01,125,2%,44%,25,332,28,1,0%,1%,2.74,4.21,2.89,13.85,2%
DZ01440,Craighaugh,Harlawmuir,670,443,1031,65,13,7,4,1188,1082,968,1266,12,1555,483,7%,45,6%,27,84,105,49,90,13%,6%,76,88%,5.89,147,4%,42%,0,27,45,11,13%,3%,6.53,8.41,7.04,26.01,11%
DZ01163,Kinburn West,Eskbrae,866,571,152,10,2,1,1,274,168,196,62,1152,44,276,19%,167,17%,95,118,392,363,126,23%,5%,137,78%,3.84,283,11%,12%,45,572,60,13,17%,2%,2.16,2.59,2.44,4.31,0%
DZ00845,Mellaw East,Eskbrae,728,436,848,53,11,6,3,531,928,820,927,1553,847,228,16%,116,8%,33,96,155,217,94,21%,7%,140,84%,5.36,137,3%,44%,23,244,65,14,17%,3%,0.58,0.5,0.5,3.0,0%
DZ00773,Birklea South,Brackenlaw,854,580,1020,64,13,7,4,1021,1341,535,605,1310,371,428,10%,81,4%,24,156,181,129,107,20%,6%,124,82%,4.89,148,5%,33%,25,364,56,7,16%,3%,1.16,1.95,1.69,6.44,0%
DZ01441,Rossgate Central,Eskbrae,861,561,1495,94,19,10,5,1515,1511,1394,1310,247,1571,1476,3%,27,1%,6,61,74,71,72,13%,4%,88,89%,5.39,60,3%,44%,0,63,4,0,5%,0%,5.56,6.44,4.17,16.03,6%
DZ01286,Langdale West,Eskbrae,898,551,224,15,3,2,1,123,367,289,211,1206,31,596,20%,178,14%,77,132,178,546,111,22%,6%,150,80%,4.3,268,10%,25%,48,458,54,8,11%,2%,1.68,1.91,1.74,3.77,1%
DZ00302,Inverpark Central,Corriebeg,846,503,276,18,4,2,1,162,267,368,453,1178,363,64,19%,161,15%,78,172,224,112,121,20%,8%,133,83%,4.59,186,7%,31%,24,329,67,9,20%,3%,1.58,1.89,2.3,5.13,2%
DZ01228,Strathfield East,Glenhaven,537,332,1379,87,18,9,5,1435,1246,1283,1528,590,1027,784,3%,16,4%,13,99,86,185,81,15%,3%,63,92%,5.81,47,0%,49%,16,208,28,9,13%,1%,2.54,4.16,3.2,10.69,5%
DZ01021,Newmains North,Glenhaven,853,562,294,19,4,2,1,292,376,256,195,711,430,491,17%,142,13%,75,142,245,201,139,23%,8%,108,80%,4.63,242,7%,22%,31,247,59,6,14%,2%,3.04,3.34,2.53,8.22,4%
DZ01444,Strathhill,Eskbrae,858,556,532,34,7,4,2,233,854,538,508,929,1181,629,18%,155,7%,40,128,137,171,124,21%,6%,105,84%,4.65,217,7%,34%,13,243,58,11,16%,2%,2.68,2.35,1.75,8.18,2%
DZ01385,Craighaugh North,Glenhaven,755,478,179,12,3,2,1,230,136,119,424,424,675,799,19%,141,17%,80,121,193,130,146,27%,9%,145,81%,5.0,242,7%,26%,15,294,42,8,11%,2%,3.56,4.17,3.2,14.99,5%
DZ00354,Glenburn West,Drumlarach,477,305,1436,90,18,9,5,1465,1432,1401,1366,1114,157,836,1%,5,1%,4,98,70,67,92,13%,7%,83,91%,6.12,93,1%,45%,40,447,40,5,10%,1%,2.01,2.13,1.75,4.95,0%
DZ00012,Kilhaugh,Brackenlaw,617,411,296,19,4,2,1,350,352,344,546,47,566,1126,18%,111,15%,61,118,148,183,175,22%,6%,134,84%,4.97,181,5%,27%,30,311,20,1,7%,2%,6.97,6.14,5.71,22.12,9%
DZ01233,Dalgate East,Harlawmuir,786,465,1510,95,19,10,5,1502,1474,1563,1381,333,1550,1016,1%,10,1%,6,70,59,25,69,8%,1%,60,89%,6.04,98,3%,43%,0,23,32,5,12%,2%,3.99,4.6,3.5,15.64,5%
DZ00059,Whinlea Central,Brackenlaw,650,435,138,9,2,1,1,210,152,75,212,357,961,194,18%,119,16%,71,162,203,727,130,24%,9%,144,86%,4.74,319,9%,24%,11,226,89,13,17%,3%,4.75,5.41,4.53,15.7,5%
DZ00259,Rossdale Central,Brackenlaw,755,482,663,42,9,5,3,325,603,827,1203,851,1089,1337,17%,125,9%,45,125,126,160,103,16%,5%,114,91%,5.43,146,3%,45%,8,155,13,0,5%,2%,3.32,2.8,2.49,9.68,2%
DZ01094,Glenmains East,Fallinmuir,460,292,584,37,8,4,2,452,498,706,422,1437,1136,509,16%,74,10%,28,89,148,150,89,17%,10%,116,82%,5.19,219,6%,35%,7,156,49,8,10%,3%,1.26,1.95,0.75,6.93,1%
DZ01579,Branburn,Fallinmuir,883,550,1550,97,20,10,5,1553,1550,1460,1540,416,1524,1556,1%,9,1%,6,60,73,66,64,12%,2%,76,96%,6.23,55,1%,59%,0,91,13,0,1%,1%,3.27,4.87,3.44,13.81,6%
DZ00619,Torshaws Central,Brackenlaw,937,605,1547,97,20,10,5,1544,1534,1315,1488,1468,1519,986,1%,9,1%,6,54,65,50,67,16%,4%,85,90%,6.09,81,1%,51%,3,21,22,7,9%,2%,1.05,0.79,0.91,4.14,0%
DZ01587,Craigholm,Glenhaven,572,346,1537,97,20,10,5,1529,1518,1575,1577,33,1546,1349,1%,6,1%,3,50,29,45,56,10%,0%,69,94%,6.51,6,0%,65%,0,23,20,0,9%,1%,6.8,7.42,6.44,23.93,11%
DZ01407,Inverford North,Eskbrae,487,294,1353,85,17,9,5,1157,1439,1075,1308,1478,1006,1361,7%,33,4%,12,81,88,94,82,15%,5%,82,90%,5.86,73,3%,48%,12,219,23,4,6%,0%,1.69,1.57,1.02,4.46,0%
DZ01294,Ballaw Central,Fallinmuir,808,496,316,20,4,2,1,221,551,323,222,1267,35,58,16%,131,9%,45,167,116,284,132,22%,6%,112,83%,4.56,297,9%,28%,57,494,80,11,23%,3%,1.86,1.57,1.09,7.3,0%
DZ01158,Melcraig South,Harlawmuir,793,525,1236,78,16,8,4,1392,1307,1244,1207,58,1445,575,3%,27,6%,30,86,37,43,81,17%,3%,84,89%,5.48,91,1%,43%,2,47,59,6,13%,3%,6.21,7.85,5.7,22.97,9%
DZ00149,Whinshaws West,Corriebeg,758,458,345,22,5,3,2,283,363,128,499,1508,420,451,15%,117,13%,61,172,215,328,144,22%,8%,120,87%,4.91,209,4%,27%,30,249,54,10,9%,2%,0.5,1.09,1.3,3.56,0%
DZ00350,Rossshaws Central,Corriebeg,847,499,244,16,4,2,1,249,171,395,78,1385,805,490,19%,158,17%,86,137,277,144,125,21%,7%,135,79%,4.17,292,10%,6%,24,290,31,7,18%,3%,1.26,1.52,0.8,6.82,0%
DZ00587,Fernlaw West,Corriebeg,857,568,1042,66,14,7,4,1031,650,1272,831,1496,1361,726,8%,67,12%,68,83,109,141,85,13%,4%,64,86%,5.46,153,5%,29%,6,222,38,9,12%,2%,0.57,1.2,0.94,3.39,0%
DZ00709,Meldale West,Corriebeg,652,434,324,21,5,3,2,225,288,229,584,1187,418,1182,20%,128,14%,60,112,180,217,107,28%,8%,93,86%,5.19,212,5%,29%,25,298,20,3,8%,2%,1.48,2.25,1.27,3.58,2%
DZ00737,Whindale West,Brackenlaw,955,601,1171,74,15,8,4,992,1178,983,1343,1097,1105,890,8%,79,5%,29,78,90,195,88,15%,3%,91,88%,5.58,66,2%,43%,9,148,39,6,8%,2%,2.0,1.61,1.33,6.56,1%
DZ00356,Kinfield East,Drumlarach,820,492,1254,79,16,8,4,1374,1261,1047,1306,493,723,988,5%,43,4%,21,107,106,99,87,16%,6%,95,95%,5.51,111,1%,47%,26,258,35,7,8%,2%,3.81,3.43,3.5,12.77,3%
DZ01005,Glenmuir East,Eskbrae,731,432,407,26,6,3,2,432,422,266,458,1302,270,25,16%,120,11%,48,124,204,213,126,22%,4%,99,85%,4.94,190,5%,24%,29,374,84,13,22%,4%,2.58,1.94,1.19,5.97,0%
DZ01382,Inverdale North,Glenhaven,582,367,984,62,13,7,4,759,1079,766,1037,1382,649,749,12%,69,7%,26,108,97,280,110,18%,6%,111,84%,5.6,167,4%,36%,19,240,47,5,11%,3%,0.76,1.2,1.28,3.0,0%
DZ00390,Rossshaws Central,Corriebeg,911,556,46,3,1,1,1,27,53,50,122,1486,141,213,28%,253,19%,104,198,218,523,199,27%,8%,169,82%,4.34,308,9%,10%,38,445,62,11,17%,2%,0.58,0.57,0.61,5.77,0%
DZ01120,Dalburn South,Harlawmuir,628,381,1223,77,16,8,4,1245,1371,1027,1359,192,1144,1069,5%,32,6%,22,105,93,76,77,16%,5%,99,92%,5.77,81,2%,47%,11,180,27,5,12%,1%,5.23,4.48,5.21,17.69,7%
DZ00472,Dunlaw,Drumlarach,973,622,209,14,3,2,1,157,235,301,92,1414,212,285,21%,204,16%,101,124,172,182,143,22%,6%,110,82%,4.33,291,10%,23%,28,436,70,9,14%,3%,1.0,1.06,1.28,3.0,0%
DZ01036,Torbank,Harlawmuir,1056,674,1344,84,17,9,5,1414,1334,1324,1390,347,1316,405,6%,64,3%,17,96,104,73,79,16%,4%,77,91%,5.89,108,0%,52%,6,175,51,7,16%,3%,3.84,4.73,4.41,16.84,4%
DZ01556,Birktoun South,Harlawmuir,637,393,291,19,4,2,1,480,271,422,392,52,861,220,13%,83,16%,63,115,196,306,100,24%,6%,115,79%,4.46,171,7%,26%,26,255,58,13,15%,3%,6.45,7.34,5.97,24.8,10%
DZ01549,Kinshaws West,Glenhaven,563,362,1463,92,19,10,5,1473,1463,1478,1495,65,1588,922,1%,6,1%,4,51,113,44,56,11%,1%,84,91%,6.0,48,2%,54%,0,0,34,4,9%,1%,5.6,6.8,6.0,22.47,10%
DZ00659,Melbrae West,Brackenlaw,954,596,439,28,6,3,2,400,287,569,707,1348,213,351,15%,140,14%,84,108,164,148,114,22%,8%,136,84%,4.87,171,5%,35%,32,385,52,11,14%,3%,1.21,1.47,0.87,6.36,1%
DZ01322,Fernmuir North,Eskbrae,1109,714,289,19,4,2,1,244,317,374,353,672,415,182,20%,218,13%,91,129,103,208,139,22%,7%,127,81%,4.64,252,7%,23%,30,375,57,8,15%,3%,2.87,2.9,2.49,10.89,3%
DZ01593,Langcraig East,Harlawmuir,618,387,1111,70,14,7,4,910,1290,1506,693,207,1526,1083,8%,51,7%,27,71,54,23,106,11%,3%,68,86%,4.96,201,9%,36%,0,76,37,4,7%,2%,5.63,6.2,4.46,19.55,7%
DZ00325,Langlea,Aldmoor,699,411,1306,82,17,9,5,1213,1171,1501,1454,571,560,1442,5%,32,6%,23,71,37,98,72,12%,1%,58,94%,5.9,58,2%,43%,27,314,14,2,3%,0%,3.04,3.71,2.43,9.92,3%
DZ00529,Ashwood South,Aldmoor,775,479,21,2,1,1,1,22,36,97,24,133,153,180,28%,216,20%,98,193,221,200,177,21%,6%,173,77%,4.1,394,13%,11%,27,390,65,9,20%,4%,6.55,6.36,4.73,20.53,7%
DZ00045,Glenside North,Aldmoor,855,575,1069,67,14,7,4,1090,977,1396,1128,150,1470,1235,9%,78,6%,33,52,37,32,83,15%,5%,76,89%,5.54,135,3%,42%,7,59,30,2,5%,1%,5.68,6.3,5.19,17.75,8%
DZ01234,Dalgate East,Harlawmuir,972,622,621,39,8,4,2,659,660,486,743,523,408,1279,14%,133,12%,76,106,140,125,111,21%,8%,147,85%,5.24,180,5%,35%,19,389,29,0,10%,1%,4.33,3.86,3.28,10.87,4%
DZ00271,Whinwood,Drumlarach,732,497,871,55,11,6,3,850,670,267,1208,1541,1135,1303,9%,67,8%,42,128,230,183,137,20%,7%,144,90%,5.7,167,4%,47%,15,207,19,8,6%,1%,0.92,1.09,1.27,3.0,0%
DZ00461,Craigbank North,Corriebeg,931,601,72,5,1,1,1,118,72,38,71,1034,274,706,23%,216,21%,128,269,401,590,189,33%,9%,186,81%,3.98,282,10%,19%,30,280,41,6,10%,1%,2.14,2.63,2.2,8.28,2%
DZ00203,Inverbank West,Aldmoor,738,482,1051,66,14,7,4,1147,873,1247,1319,219,974,1343,7%,55,7%,34,90,95,81,83,18%,6%,77,91%,5.7,94,3%,47%,11,185,27,0,3%,2%,5.26,6.44,4.87,17.81,5%
DZ01301,Rosslea East,Glenhaven,866,544,840,53,11,6,3,684,673,1195,800,1246,1179,250,11%,94,11%,60,84,88,113,89,13%,5%,72,85%,4.94,159,4%,34%,16,157,45,10,16%,3%,1.52,1.72,2.03,5.82,1%
DZ00617,Langcraig North,Brackenlaw,789,475,859,54,11,6,3,520,998,1172,794,692,1218,1191,14%,111,9%,41,63,96,73,73,16%,4%,74,87%,5.26,186,5%,30%,16,192,31,2,5%,2%,2.84,3.38,2.67,12.97,3%
DZ01260,Rosshill North,Fallinmuir,769,477,1536,96,20,10,5,1338,1557,1560,1503,1167,1437,822,1%,8,1%,5,49,69,29,51,6%,4%,67,93%,6.12,61,3%,58%,14,57,28,5,10%,2%,1.6,2.11,1.24,6.85,1%
DZ00321,Rosslaw North,Aldmoor,942,607,1072,67,14,7,4,1153,1068,1166,1248,90,1024,1595,6%,56,5%,33,93,87,47,107,17%,3%,78,90%,5.92,133,3%,44%,12,210,0,0,0%,0%,6.1,7.18,5.15,23.0,7%
DZ01299,Fernmains North,Fallinmuir,658,434,776,49,10,5,3,841,595,604,818,1073,1507,153,11%,74,12%,51,118,175,262,91,19%,5%,85,84%,5.24,182,5%,28%,8,62,74,12,19%,4%,1.4,2.3,2.57,9.2,1%
DZ00018,Kildale Central,Brackenlaw,718,481,37,3,1,1,1,40,30,59,197,371,405,782,26%,183,21%,102,228,174,433,160,28%,9%,156,83%,4.72,255,8%,7%,26,333,48,8,11%,2%,4.49,4.92,3.64,15.6,5%
DZ01391,Lochanlea South,Harlawmuir,727,431,63,4,1,1,1,60,304,54,72,358,38,175,25%,184,13%,56,225,324,572,171,25%,10%,156,78%,4.29,283,10%,12%,46,442,77,12,19%,3%,4.15,4.56,3.84,16.27,6%
DZ00752,Dungate,Drumlarach,869,547,1258,79,16,8,4,1105,1423,790,1443,353,1477,1377,7%,65,3%,14,105,141,242,103,16%,5%,108,89%,5.95,88,3%,51%,4,80,20,0,2%,1%,4.38,5.26,4.56,15.75,6%
DZ01254,Dalmains West,Fallinmuir,848,566,651,41,9,5,3,879,384,636,880,613,978,723,9%,77,14%,77,92,105,140,122,18%,5%,134,87%,5.23,182,6%,42%,14,148,35,6,11%,2%,3.48,3.61,2.97,9.84,4%
DZ01585,Dunmains Central,Glenhaven,950,628,476,30,6,3,2,495,610,616,849,220,170,126,15%,138,10%,64,124,145,126,93,20%,8%,86,84%,5.63,161,6%,41%,36,381,76,10,20%,4%,4.79,5.72,4.75,18.69,6%
DZ00523,Dalwood East,Aldmoor,950,637,1172,74,15,8,4,941,1208,1312,1261,707,920,1357,9%,87,4%,24,65,46,82,95,13%,5%,67,89%,5.74,151,2%,47%,11,206,35,2,1%,0%,2.98,2.86,2.6,7.37,3%
DZ00375,Branshaws East,Brackenlaw,977,642,1138,72,15,8,4,1167,1024,1432,1307,135,1195,1413,9%,87,6%,39,55,78,53,72,11%,3%,72,90%,5.74,59,2%,41%,9,149,15,1,6%,1%,5.59,6.68,5.02,20.97,8%
DZ00900,Birkford East,Fallinmuir,828,543,1366,86,18,9,5,1437,1278,1146,1364,1055,863,1494,2%,17,4%,23,94,101,75,81,15%,7%,101,92%,5.92,84,1%,44%,14,228,10,0,7%,1%,1.9,3.19,1.06,8.16,1%
DZ01202,Newhaugh East,Eskbrae,636,385,736,46,10,5,3,517,728,637,925,1438,653,777,15%,95,10%,40,126,108,215,104,22%,7%,120,85%,5.01,175,5%,36%,26,218,42,3,13%,2%,1.57,1.47,0.62,5.09,0%
DZ01483,Strathhill,Eskbrae,713,472,872,55,11,6,3,647,822,792,1185,1314,539,1273,12%,84,9%,43,91,105,73,88,19%,5%,116,88%,5.77,140,2%,38%,29,381,25,4,4%,1%,1.89,1.48,1.29,3.0,0%
DZ01041,Mellaw North,Eskbrae,625,416,1316,83,17,9,5,1226,1162,1224,1513,795,1392,1347,6%,37,5%,20,106,109,90,86,13%,5%,88,96%,6.43,99,1%,48%,6,115,15,3,8%,0%,2.69,2.66,2.33,11.39,4%
DZ01002,Torcraig East,Eskbrae,753,474,1529,96,20,10,5,1559,1528,1549,1429,455,787,1003,1%,8,1%,5,62,87,60,68,6%,3%,62,93%,5.95,114,2%,53%,18,263,15,5,10%,3%,4.09,4.46,3.24,14.77,3%
DZ01023,Dunlea East,Glenhaven,886,570,1349,85,17,9,5,1332,1170,1264,1367,695,1551,1572,5%,44,5%,29,71,110,88,83,13%,5%,83,89%,5.41,119,2%,51%,0,106,6,1,0%,0%,2.27,3.18,2.31,12.22,2%
DZ00706,Ferncraig East,Corriebeg,1078,629,513,33,7,4,2,224,823,451,538,1488,505,177,20%,212,9%,55,109,219,297,90,20%,9%,123,83%,5.23,193,5%,29%,21,292,70,9,17%,3%,1.27,1.22,0.5,5.76,0%
DZ01028,Birkwood East,Glenhaven,811,473,1282,81,17,9,5,1034,1378,939,1500,1445,470,831,6%,52,2%,11,66,148,88,98,15%,3%,87,92%,6.29,67,2%,47%,34,295,36,7,11%,2%,1.94,0.66,0.61,3.22,0%
DZ01130,Kinwood East,Eskbrae,1035,626,100,7,2,1,1,66,254,110,15,1556,93,173,24%,244,16%,98,166,225,620,174,27%,6%,164,78%,3.82,315,13%,0%,41,449,73,12,22%,4%,0.55,1.13,0.76,3.0,0%
DZ01210,Killea,Eskbrae,871,510,121,8,2,1,1,127,140,162,63,1354,503,6,21%,183,18%,93,138,208,309,116,25%,5%,125,76%,4.04,336,9%,11%,27,311,100,17,22%,5%,0.72,2.31,1.29,3.82,1%
DZ00131,Glenpark West,Brackenlaw,717,468,1197,75,15,8,4,1148,832,1553,1451,233,1420,1256,7%,48,8%,39,63,49,31,63,8%,2%,51,93%,6.07,59,0%,49%,6,120,21,0,5%,2%,4.82,5.72,5.26,18.9,7%
DZ00885,Dalshaws West,Eskbrae,567,350,1260,79,16,8,4,1223,1003,1313,1192,1579,938,444,6%,35,9%,31,77,101,69,83,14%,5%,79,88%,5.58,122,2%,42%,19,245,55,6,14%,3%,0.75,0.5,0.5,3.64,0%
DZ00002,Whinburn North,Aldmoor,725,477,484,31,7,4,2,562,511,594,717,2,1578,1411,13%,93,11%,53,127,107,137,130,22%,5%,95,90%,5.08,198,4%,32%,0,0,27,2,5%,1%,8.3,8.66,7.59,27.1,13%
DZ01387,Lochanshaws East,Glenhaven,791,536,125,8,2,1,1,77,208,302,94,425,579,557,25%,197,15%,82,152,204,132,120,22%,6%,99,82%,4.43,287,10%,12%,23,328,39,7,11%,2%,3.67,4.53,3.25,15.75,5%
DZ01100,Lochanbrae,Fallinmuir,460,288,1214,76,16,8,4,940,1333,1362,1042,1195,845,558,12%,55,5%,14,55,92,101,92,11%,5%,82,86%,5.34,150,4%,36%,19,116,50,11,14%,2%,1.56,2.42,2.12,3.04,2%
DZ00723,Whinlaw West,Aldmoor,744,505,610,39,8,4,2,436,722,828,193,1374,1111,539,15%,109,9%,44,75,76,207,89,18%,4%,103,81%,4.6,259,7%,24%,17,229,57,6,13%,2%,1.21,1.81,1.1,3.08,0%
DZ00281,Torholm South,Aldmoor,848,569,1222,77,16,8,4,1158,1472,1248,982,136,1204,1414,8%,67,3%,19,80,104,49,78,14%,6%,81,88%,5.28,97,3%,36%,8,238,13,0,8%,0%,5.82,6.22,4.93,21.41,7%
DZ01396,Fernlea Central,Harlawmuir,697,413,221,14,3,2,1,337,82,642,432,115,1008,619,18%,124,21%,85,81,121,202,102,18%,6%,104,85%,5.13,236,6%,31%,15,203,63,9,16%,3%,5.71,6.46,4.85,20.54,9%
DZ01327,Balholm North,Eskbrae,673,433,772,49,10,5,3,954,538,747,842,963,708,796,11%,74,12%,54,100,94,132,112,16%,3%,120,89%,5.36,173,5%,39%,23,218,40,4,13%,2%,1.99,2.27,2.09,8.26,1%
DZ01169,Kinwood East,Eskbrae,595,397,411,26,6,3,2,356,476,207,476,1148,591,763,16%,98,11%,45,158,187,314,166,24%,8%,117,84%,4.83,199,7%,32%,24,353,31,4,14%,2%,1.97,2.7,1.39,7.28,1%
DZ01366,Glenford North,Eskbrae,837,559,819,52,11,6,3,697,943,704,686,1298,719,967,10%,88,9%,50,82,139,246,88,18%,4%,108,83%,5.43,166,4%,32%,14,354,41,4,10%,2%,2.09,2.04,2.35,5.08,1%
DZ00654,Dalcraig South,Brackenlaw,747,451,1330,84,17,9,5,1291,1331,1225,878,1459,1292,1324,6%,44,3%,14,67,96,77,94,15%,6%,87,88%,5.67,172,5%,32%,4,113,25,0,5%,1%,1.02,1.28,1.16,3.0,0%
DZ00208,Craigbrae East,Aldmoor,689,455,483,31,7,4,2,422,853,294,489,343,633,875,14%,99,10%,47,132,82,109,122,23%,5%,101,88%,4.75,200,7%,33%,20,279,54,4,8%,2%,4.38,5.21,4.09,15.74,5%
DZ00267,Lochanwood South,Corriebeg,939,631,471,30,6,3,2,309,652,369,401,1243,495,869,20%,184,10%,64,77,111,276,126,26%,6%,124,84%,4.6,224,7%,29%,23,411,39,8,9%,1%,1.49,2.16,1.72,4.99,0%
DZ01038,Langshaws East,Harlawmuir,839,538,1266,80,16,8,4,1233,1429,1059,850,790,1150,1385,7%,57,4%,24,57,88,327,71,14%,8%,98,84%,5.08,185,5%,39%,12,192,16,0,4%,1%,2.68,3.13,2.62,9.28,3%
DZ01486,Strathfield North,Eskbrae,872,549,1443,91,19,10,5,1490,1504,1319,1074,745,1010,587,1%,9,1%,5,59,77,116,79,15%,7%,99,88%,5.65,153,3%,43%,20,141,48,10,14%,1%,2.6,3.43,2.36,11.69,2%
DZ00801,Newmuir South,Eskbrae,619,412,442,28,6,3,2,351,403,753,485,653,659,702,18%,108,12%,49,153,184,138,105,15%,7%,105,81%,5.1,211,6%,25%,23,355,62,5,13%,1%,2.76,3.02,3.06,10.55,3%
DZ01017,Langfield North,Fallinmuir,730,481,173,11,3,2,1,211,133,262,118,945,323,598,20%,148,18%,86,138,87,240,154,24%,7%,144,80%,4.4,300,9%,26%,32,343,51,9,11%,2%,3.36,1.81,2.38,8.42,1%
DZ00532,Dalholm,Brackenlaw,701,448,408,26,6,3,2,335,612,551,393,384,452,461,16%,112,9%,41,106,116,159,106,21%,7%,127,82%,4.64,215,6%,28%,31,331,41,11,13%,3%,4.17,4.52,3.65,14.17,7%
DZ00180,Lochanlaw North,Brackenlaw,816,495,884,56,12,6,3,853,630,995,1110,1113,962,434,12%,97,12%,61,96,97,73,78,17%,4%,104,88%,5.59,196,4%,40%,24,282,60,8,16%,3%,1.0,2.22,2.65,7.66,0%
DZ01098,Ashbrae,Fallinmuir,624,373,809,51,11,6,3,902,906,525,733,870,945,555,9%,55,8%,30,101,106,164,84,19%,6%,130,87%,4.99,180,6%,32%,19,145,45,11,13%,2%,2.24,2.11,2.7,8.98,2%
DZ00152,Newcraig East,Drumlarach,755,491,915,58,12,6,3,843,1036,775,760,890,983,1095,11%,81,8%,39,89,115,180,97,18%,7%,107,86%,5.03,175,4%,38%,20,175,44,4,9%,1%,2.04,2.28,2.4,12.19,2%
DZ01435,Fernlea Central,Harlawmuir,693,407,279,18,4,2,1,423,504,140,152,116,987,411,15%,107,12%,50,214,204,208,124,26%,6%,194,82%,4.21,308,9%,17%,11,209,59,8,12%,3%,5.38,5.3,5.42,21.74,7%
DZ00195,Lochanburn North,Drumlarach,661,396,428,27,6,3,2,344,529,458,407,1136,111,947,17%,110,11%,42,117,128,149,123,19%,8%,120,82%,4.57,237,5%,25%,50,381,31,4,10%,2%,1.98,2.26,2.25,7.0,2%
DZ00231,Newshaws Central,Drumlarach,812,489,697,44,9,5,3,694,659,1035,752,543,650,93,11%,93,11%,56,57,75,107,83,19%,5%,93,81%,5.07,182,6%,38%,20,337,69,11,19%,3%,3.57,4.05,3.28,13.28,3%
DZ00569,Newbank North,Aldmoor,921,556,57,4,1,1,1,26,113,44,169,1225,198,426,27%,247,17%,93,200,269,351,158,25%,6%,196,81%,4.32,246,9%,25%,26,349,61,7,19%,2%,2.34,1.99,2.2,6.38,1%
DZ00664,Melcraig East,Corriebeg,904,574,459,29,6,3,2,626,377,298,484,1085,283,227,14%,125,13%,73,117,259,120,120,18%,10%,107,85%,5.05,176,7%,24%,25,319,42,6,18%,3%,2.27,2.81,1.93,6.54,0%
DZ00481,Torholm West,Aldmoor,594,392,1093,69,14,7,4,1166,1267,901,1045,376,826,852,4%,22,4%,15,115,96,72,100,19%,3%,95,89%,5.34,145,4%,37%,24,222,47,4,6%,2%,3.99,4.5,3.77,13.52,7%
DZ00893,Branhill,Fallinmuir,886,532,802,51,11,6,3,713,742,1178,775,1170,315,192,13%,111,10%,53,76,89,112,87,15%,5%,87,87%,5.64,159,5%,31%,35,388,58,7,15%,4%,2.19,1.7,1.47,7.54,0%
DZ00227,Glenford West,Corriebeg,494,300,618,39,8,4,2,743,768,211,599,1032,202,1113,8%,39,9%,28,172,160,364,98,27%,7%,177,88%,5.08,199,4%,33%,19,440,35,5,3%,2%,2.38,2.02,1.58,9.42,0%
DZ01300,Fernmains North,Fallinmuir,864,575,708,45,9,5,3,552,719,1116,488,1098,668,373,14%,120,12%,67,83,111,64,93,18%,5%,76,84%,5.12,262,4%,24%,30,346,63,8,18%,3%,2.07,2.53,1.61,8.2,0%
DZ00766,Kilgate South,Aldmoor,889,532,479,30,6,3,2,503,241,896,330,1405,583,757,13%,120,14%,76,118,101,128,108,18%,6%,90,83%,4.46,203,9%,26%,23,288,36,3,14%,2%,1.02,2.0,0.92,7.56,1%
DZ00879,Inverburn South,Harlawmuir,852,551,1542,97,20,10,5,1538,1561,1496,1533,821,386,1474,1%,9,1%,6,60,40,83,68,13%,6%,68,90%,5.91,83,0%,56%,19,394,4,0,2%,0%,2.37,3.47,3.11,9.27,4%
DZ00855,Inverbrae South,Fallinmuir,835,488,1115,70,14,7,4,1104,1141,1032,1147,418,1479,328,10%,83,6%,27,93,90,209,81,13%,4%,77,87%,5.43,128,2%,42%,7,139,70,8,15%,2%,4.29,4.62,3.54,12.58,5%
DZ00442,Craigside South,Aldmoor,923,605,1314,83,17,9,5,1438,1321,1311,1259,249,1256,1005,2%,21,4%,21,74,114,48,98,15%,5%,76,89%,5.85,134,2%,43%,4,202,41,0,11%,1%,5.26,6.09,4.84,19.92,6%
DZ01189,Ferntoun Central,Glenhaven,723,431,916,58,12,6,3,1008,765,1128,902,771,732,313,8%,60,7%,30,78,101,132,84,13%,4%,76,89%,5.2,187,5%,35%,14,205,58,7,17%,2%,2.46,3.33,2.88,13.02,2%
DZ00504,Daltoun West,Corriebeg,780,522,134,9,2,1,1,109,142,214,70,1271,904,15,21%,167,16%,82,121,249,459,126,22%,8%,165,78%,4.33,335,12%,15%,16,226,88,14,21%,3%,1.71,1.58,1.69,8.2,1%
DZ01416,Balpark,Fallinmuir,562,359,1324,83,17,9,5,1277,1011,1286,1536,1031,1451,994,8%,44,6%,23,79,58,50,91,12%,7%,81,93%,6.08,16,0%,52%,0,109,29,7,10%,2%,2.48,2.4,2.16,9.2,2%
DZ00319,Birkshaws North,Drumlarach,541,337,1220,77,16,8,4,1219,1252,905,1219,780,1309,1200,5%,29,4%,14,81,71,156,78,18%,5%,110,89%,5.6,124,4%,39%,17,207,35,3,8%,1%,3.0,3.72,2.18,7.98,4%
DZ00636,Torholm,Drumlarach,975,586,1546,97,20,10,5,1573,1509,1574,1220,582,1453,1598,1%,10,1%,6,64,62,48,76,8%,7%,53,89%,5.74,148,2%,48%,5,85,0,0,0%,0%,3.17,4.34,2.51,10.51,4%
DZ01313,Strathtoun West,Harlawmuir,1020,637,533,34,7,4,2,586,653,689,679,218,509,442,9%,95,10%,62,121,104,275,110,19%,6%,116,84%,5.08,178,4%,32%,23,282,59,8,12%,3%,4.81,6.06,4.81,15.46,7%
DZ00553,Glenmains West,Drumlarach,859,507,5,1,1,1,1,1,6,14,27,1506,116,27,32%,275,24%,120,313,271,695,247,34%,9%,188,79%,3.61,315,12%,6%,42,405,76,14,22%,4%,0.81,0.5,0.8,4.96,0%
DZ00593,Inverlea,Drumlarach,792,498,82,6,2,1,1,38,122,106,249,1284,86,127,26%,207,18%,88,125,192,441,159,30%,9%,127,82%,4.26,240,7%,23%,36,427,68,13,19%,3%,2.03,1.45,1.91,9.54,0%
DZ00686,Whinholm North,Aldmoor,813,501,197,13,3,2,1,317,189,201,59,902,548,1017,17%,141,16%,81,120,163,328,145,28%,7%,123,80%,3.58,337,12%,8%,28,255,37,9,9%,1%,2.54,3.42,2.69,9.69,0%
DZ00810,Dalfield West,Eskbrae,911,619,1224,77,16,8,4,1244,1207,832,1201,1212,735,1558,6%,56,5%,28,110,121,286,94,15%,3%,87,87%,6.1,143,2%,46%,13,293,9,0,0%,1%,2.0,2.2,1.89,7.89,2%
DZ00451,Dalshaws North,Brackenlaw,1019,681,425,27,6,3,2,643,309,859,373,124,781,1376,12%,120,14%,93,73,96,106,91,17%,8%,102,81%,4.85,223,9%,28%,11,202,18,3,8%,2%,5.68,6.96,5.28,21.55,10%
DZ00958,Rosslaw South,Harlawmuir,765,518,990,62,13,7,4,1109,638,1270,1233,532,486,1147,8%,63,11%,58,68,96,98,70,13%,6%,102,89%,5.38,121,3%,50%,26,334,27,5,5%,2%,2.97,3.03,3.59,10.5,5%
DZ00995,Torbank,Harlawmuir,693,449,1364,86,18,9,5,1352,1337,1053,1455,721,1516,713,4%,25,5%,24,61,101,237,81,16%,6%,85,90%,6.06,94,1%,51%,1,55,43,9,12%,1%,2.22,3.82,2.56,11.4,4%
DZ00594,Inverlea,Drumlarach,737,500,227,15,3,2,1,349,177,141,158,1146,241,700,16%,118,19%,93,201,298,341,140,22%,7%,168,80%,4.86,280,9%,23%,37,344,40,5,12%,1%,1.82,2.44,2.59,4.18,0%
DZ01456,Birkfield East,Fallinmuir,672,448,980,62,13,7,4,1255,876,411,1031,899,1132,315,4%,30,9%,41,147,190,85,112,20%,6%,95,88%,5.13,118,3%,38%,18,189,66,7,19%,3%,2.35,2.39,2.59,10.32,3%
DZ00890,Newlea West,Eskbrae,848,526,853,54,11,6,3,453,1122,1181,563,1240,932,269,14%,121,5%,28,62,63,143,80,13%,7%,72,84%,5.41,185,8%,40%,16,210,59,10,14%,3%,1.92,2.04,1.09,4.21,1%
DZ00991,Strathpark South,Harlawmuir,667,397,520,33,7,4,2,555,700,768,444,92,1226,275,14%,93,12%,46,104,109,158,96,20%,6%,99,83%,5.03,200,7%,36%,12,247,66,7,15%,3%,5.73,7.04,5.9,22.26,7%
DZ00936,Langbank Central,Fallinmuir,710,457,1524,96,20,10,5,1349,1553,1532,1504,1319,800,1080,2%,17,1%,5,61,52,46,57,11%,1%,60,91%,6.22,122,0%,52%,8,283,42,6,8%,3%,1.28,1.76,2.08,5.48,0%
DZ01167,Ashdale North,Eskbrae,948,550,1043,66,14,7,4,1110,946,639,1145,1235,1104,599,8%,72,8%,44,75,143,174,97,17%,6%,121,89%,5.42,122,3%,49%,13,306,43,8,10%,3%,1.83,2.06,0.86,6.36,1%
DZ01594,Langcraig East,Harlawmuir,635,422,1454,91,19,10,5,1324,1537,1537,1592,9,736,943,6%,37,1%,6,49,54,36,62,12%,5%,57,96%,6.48,47,0%,65%,25,254,38,4,10%,1%,7.15,8.15,6.73,26.45,11%
DZ01506,Langburn,Glenhaven,868,576,93,6,2,1,1,156,150,139,25,387,367,673,18%,161,16%,94,176,237,643,122,23%,9%,135,77%,4.03,338,12%,13%,29,349,37,8,16%,3%,4.05,4.23,3.85,14.83,6%
DZ00871,Dunfield North,Harlawmuir,922,622,846,53,11,6,3,670,762,1365,784,610,917,1179,13%,121,10%,62,69,35,123,65,15%,4%,70,88%,5.82,169,4%,39%,10,263,18,8,8%,1%,3.02,3.73,3.15,12.91,3%
DZ00060,Whinlea Central,Brackenlaw,699,468,791,50,10,5,3,938,934,866,612,273,973,1092,9%,66,7%,34,108,92,74,115,18%,7%,111,85%,4.82,200,7%,33%,21,128,24,2,8%,1%,4.58,5.5,4.16,16.37,5%
DZ00589,Craighill,Corriebeg,980,610,114,8,2,1,1,209,44,87,191,1520,228,29,19%,183,21%,126,185,182,170,120,25%,8%,162,79%,4.38,323,8%,25%,31,341,80,16,19%,4%,1.07,1.04,1.06,4.09,0%
DZ01269,Whinhaugh North,Glenhaven,829,524,1163,73,15,8,4,1220,1288,1077,1276,370,770,86,4%,37,5%,26,77,191,93,67,13%,6%,92,87%,5.77,117,3%,49%,24,171,82,9,23%,4%,4.05,4.3,4.08,12.73,4%
DZ00614,Strathgate West,Brackenlaw,521,341,1482,93,19,10,5,1294,1526,1296,1440,954,1485,1467,4%,21,1%,4,72,97,60,93,16%,7%,77,90%,5.84,111,0%,46%,4,174,21,0,3%,0%,2.96,2.43,2.29,9.28,2%
DZ00517,Invergate,Drumlarach,1002,676,547,35,7,4,2,571,828,518,171,576,1193,278,14%,143,8%,57,122,163,88,118,23%,6%,110,83%,4.69,238,6%,25%,12,189,65,10,18%,2%,3.22,4.1,3.18,10.98,4%
DZ00264,Torlaw North,Corriebeg,903,552,1469,92,19,10,5,1271,1485,1493,1462,547,1577,1161,2%,21,2%,9,85,37,101,82,9%,4%,63,92%,6.19,73,0%,50%,0,11,38,7,10%,2%,3.16,3.71,3.47,12.71,2%
DZ01229,Whinhaugh North,Glenhaven,573,351,842,53,11,6,3,928,1248,457,530,377,1022,732,9%,53,3%,10,153,119,252,131,19%,9%,140,83%,4.76,212,5%,25%,21,167,36,7,9%,2%,3.76,4.49,3.36,16.94,5%
DZ00455,Langlea South,Brackenlaw,1084,705,888,56,12,6,3,1130,1005,1068,995,89,257,880,8%,83,5%,34,89,123,73,75,16%,4%,87,85%,5.58,147,3%,32%,31,340,46,4,9%,2%,5.65,7.05,4.68,23.01,10%
DZ00828,Brandale,Glenhaven,591,372,703,44,9,5,3,778,793,332,520,1332,662,681,11%,65,9%,35,154,288,355,113,22%,5%,145,82%,4.76,180,6%,24%,24,303,51,4,12%,3%,2.18,1.92,1.18,6.56,1%
DZ00880,Inverburn South,Harlawmuir,704,475,1551,97,20,10,5,1536,1577,1557,1558,147,1512,1415,1%,7,1%,5,58,59,48,85,9%,3%,67,95%,6.29,29,2%,50%,0,50,17,0,3%,2%,5.23,6.37,5.37,21.06,8%
DZ00464,Dunfield South,Corriebeg,978,635,129,9,2,1,1,78,75,150,142,1580,594,346,23%,229,18%,115,139,308,200,170,22%,8%,117,79%,4.22,305,10%,19%,24,293,56,9,14%,3%,0.5,0.5,0.5,3.0,0%
DZ00507,Craigbank Central,Corriebeg,879,529,860,54,11,6,3,1052,635,1005,569,986,1151,689,9%,76,10%,52,96,109,170,88,16%,5%,97,82%,4.91,200,5%,35%,10,203,39,9,13%,3%,2.16,2.67,1.6,10.01,0%
DZ01567,Balbank Central,Eskbrae,601,406,1373,86,18,9,5,1287,1417,1462,1115,1081,776,1311,3%,17,4%,18,63,158,86,83,10%,6%,75,86%,5.54,162,2%,41%,26,289,26,1,6%,1%,1.51,3.02,1.82,7.65,3%
DZ00261,Inverpark Central,Corriebeg,785,498,910,57,12,6,3,795,855,803,616,1547,1133,1131,9%,70,10%,50,62,106,94,86,18%,4%,82,84%,5.46,205,6%,24%,5,174,17,5,7%,1%,0.5,0.52,0.83,3.0,0%
DZ01395,Fernlea Central,Harlawmuir,650,385,225,15,3,2,1,203,385,184,241,77,1389,1024,20%,129,12%,47,133,189,404,123,21%,9%,142,82%,4.9,269,9%,23%,14,140,43,6,13%,2%,6.08,6.93,5.66,23.18,9%
DZ00359,Lochanhaugh South,Drumlarach,931,565,870,55,11,6,3,1066,980,799,497,710,466,1044,9%,81,8%,44,89,104,183,109,18%,6%,109,86%,5.04,214,6%,25%,33,300,22,6,7%,1%,2.94,3.11,2.29,9.95,1%
DZ00625,Mellea,Corriebeg,770,497,1084,68,14,7,4,955,1234,918,771,1472,528,1246,10%,74,3%,16,86,67,112,92,16%,8%,93,83%,5.15,145,4%,39%,36,290,7,4,9%,1%,0.57,1.19,1.58,3.0,0%
DZ00922,Torlaw Central,Eskbrae,646,408,1584,99,20,10,5,1574,1544,1572,1588,997,1564,1523,1%,6,1%,4,55,57,38,56,6%,4%,76,95%,6.45,17,0%,67%,0,53,6,0,2%,1%,2.75,2.4,1.92,6.6,2%
DZ00869,Fernhill,Glenhaven,763,505,1131,71,15,8,4,1320,954,1029,854,564,1466,1419,2%,19,7%,37,63,82,103,89,16%,6%,78,89%,5.4,194,5%,29%,0,157,13,1,5%,0%,3.53,3.46,2.96,13.45,3%
DZ01347,Rossdale North,Glenhaven,791,528,526,33,7,4,2,534,524,800,611,160,1240,1212,12%,94,12%,61,88,56,71,112,17%,6%,129,83%,5.03,203,6%,29%,14,78,25,6,7%,1%,5.33,6.95,4.86,22.17,6%
DZ00576,Glenholm North,Brackenlaw,734,430,897,57,12,6,3,842,1034,693,994,328,1349,1483,11%,79,4%,19,177,101,87,98,20%,6%,112,86%,5.17,160,4%,35%,9,107,4,0,2%,0%,4.06,4.7,4.66,19.88,6%
DZ01040,Torshaws,Harlawmuir,1003,655,983,62,13,7,4,1116,773,1169,1298,195,743,1512,4%,44,9%,58,78,58,34,86,13%,8%,97,88%,5.81,110,4%,39%,28,222,4,3,2%,1%,5.26,5.57,5.13,20.19,8%
DZ00432,Dunlaw,Drumlarach,730,468,672,42,9,5,3,655,497,500,1022,1386,463,739,13%,98,12%,58,122,181,174,122,20%,7%,101,84%,5.09,175,3%,34%,29,310,48,11,13%,2%,2.1,1.15,0.96,7.09,1%
DZ00217,Melbank,Brackenlaw,595,381,293,19,4,2,1,306,145,300,482,918,1062,339,18%,105,17%,66,161,114,171,120,19%,5%,137,84%,4.86,252,8%,33%,17,226,62,9,14%,3%,2.81,2.67,2.69,8.22,2%
DZ00848,Dunmains,Eskbrae,844,519,1408,88,18,9,5,1492,1349,1446,1356,558,597,867,1%,8,3%,17,57,43,73,87,11%,6%,78,90%,5.75,127,2%,46%,13,300,37,3,13%,2%,2.87,3.25,2.88,12.92,4%
DZ01052,Fernshaws West,Fallinmuir,94,63,30,2,1,1,1,45,62,32,9,1359,69,16,23%,21,17%,11,273,216,461,158,27%,9%,167,80%,3.35,349,13%,4%,48,420,97,19,21%,5%,1.83,1.97,1.17,4.77,0%
DZ00159,Daltoun North,Drumlarach,835,513,413,26,6,3,2,639,505,625,198,316,424,123,13%,108,11%,56,139,213,65,102,20%,3%,125,84%,4.3,263,8%,15%,33,347,67,11,20%,4%,4.78,4.84,3.93,17.74,6%
DZ00116,Fernholm North,Drumlarach,961,628,1297,82,17,9,5,1161,1362,1083,1452,468,1446,1128,7%,67,2%,11,126,96,134,100,15%,4%,88,91%,6.02,76,1%,41%,3,102,30,2,5%,1%,3.37,3.4,4.18,13.38,4%
DZ00540,Langtoun Central,Brackenlaw,638,395,1104,69,14,7,4,846,1144,874,1267,1454,818,849,11%,72,5%,20,65,112,126,122,17%,4%,104,92%,5.61,142,4%,49%,18,317,28,2,12%,1%,1.12,0.63,1.06,4.23,0%
DZ00635,Torholm,Drumlarach,687,402,638,40,8,4,2,679,525,911,665,798,493,475,12%,85,12%,50,90,73,89,86,17%,4%,85,86%,5.2,154,5%,31%,22,279,61,6,14%,3%,3.2,2.93,2.91,10.68,3%
DZ01160,Lochanburn West,Harlawmuir,685,431,623,39,8,4,2,533,596,731,1083,176,1254,1170,11%,74,9%,38,115,102,59,102,16%,7%,125,87%,5.48,106,2%,49%,13,146,11,1,10%,2%,4.91,5.87,5.86,19.73,8%
DZ00846,Mellaw East,Eskbrae,813,534,1302,82,17,9,5,1372,1228,1252,917,1564,276,1068,2%,14,4%,22,60,55,87,78,13%,5%,108,90%,5.11,138,6%,41%,37,418,34,3,7%,2%,0.5,0.5,0.5,3.0,0%
DZ00891,Fernmains Central,Fallinmuir,849,553,821,52,11,6,3,1282,797,364,684,949,55,1302,4%,38,9%,48,157,134,261,90,18%,7%,125,87%,5.34,197,6%,36%,47,460,29,2,4%,1%,2.99,2.42,1.92,8.75,2%
DZ01337,Strathlea West,Fallinmuir,811,517,1572,99,20,10,5,1558,1566,1592,1560,729,928,1358,1%,8,1%,5,58,46,20,55,6%,3%,64,92%,6.1,22,0%,54%,14,260,9,4,9%,1%,3.01,3.34,2.54,10.61,4%
DZ01497,Kinshaws Central,Fallinmuir,660,388,741,47,10,5,3,601,807,933,1004,368,504,1477,12%,76,9%,34,67,118,46,99,19%,6%,108,87%,5.06,120,3%,39%,26,295,16,1,7%,1%,3.59,4.75,3.61,16.31,6%
DZ00330,Langdale Central,Aldmoor,660,406,113,8,2,1,1,136,188,123,257,321,73,638,20%,132,16%,63,158,177,189,112,24%,9%,158,80%,4.52,254,9%,22%,33,539,68,3,10%,1%,4.09,5.13,4.25,18.78,5%
DZ00685,Whinholm North,Aldmoor,774,486,394,25,5,3,2,672,213,493,246,1185,66,1240,9%,72,13%,65,97,111,160,69,20%,6%,110,80%,4.71,269,10%,19%,36,418,11,2,3%,2%,1.89,2.21,1.6,5.34,2%
DZ00886,Dalshaws West,Eskbrae,671,428,1028,65,13,7,4,999,905,778,1144,1377,873,829,9%,58,9%,37,84,67,130,106,21%,5%,104,88%,5.38,168,3%,43%,17,249,46,7,6%,1%,1.98,0.58,1.45,4.87,0%
DZ00068,Kindale North,Corriebeg,819,527,994,63,13,7,4,1201,917,978,755,630,1191,113,6%,53,9%,50,103,70,50,101,17%,7%,71,85%,4.92,171,5%,40%,10,177,79,13,18%,3%,3.3,3.79,2.97,11.93,2%
DZ00768,Lochancraig,Aldmoor,624,373,433,28,6,3,2,549,233,520,737,988,578,7,15%,94,14%,54,80,134,136,105,21%,8%,125,84%,5.55,199,6%,31%,24,340,93,14,26%,4%,2.91,2.74,1.45,8.75,2%
DZ00841,Newmuir South,Eskbrae,731,435,141,9,2,1,1,215,192,129,109,1094,9,99,17%,127,16%,68,194,227,254,130,28%,7%,160,74%,4.52,304,8%,10%,53,536,73,15,21%,3%,2.35,1.55,2.43,7.23,1%
DZ01133,Rossmains East,Fallinmuir,917,601,107,7,2,1,1,328,69,98,56,1308,82,35,18%,168,18%,108,165,216,137,148,25%,5%,151,76%,4.25,289,13%,9%,37,457,76,16,18%,3%,1.63,1.68,0.92,7.65,1%
DZ01239,Craigburn East,Harlawmuir,816,553,1444,91,19,10,5,1479,1424,1431,1113,398,1557,1431,3%,22,4%,20,57,56,48,62,15%,2%,77,88%,5.22,106,2%,45%,0,23,6,0,6%,1%,4.37,4.48,3.33,13.11,4%
DZ01504,Whinhill East,Glenhaven,649,403,633,40,8,4,2,598,827,398,445,1102,797,684,14%,89,8%,33,88,168,207,102,23%,6%,123,82%,4.68,218,6%,26%,25,310,41,7,12%,2%,2.03,2.41,1.81,7.85,0%
DZ01540,Branburn,Fallinmuir,685,406,1155,73,15,8,4,1177,903,1400,877,1387,1200,334,6%,42,10%,39,73,114,73,92,14%,4%,80,87%,5.63,166,4%,34%,9,189,54,8,15%,2%,1.45,0.96,1.27,3.62,0%
DZ01520,Melhaugh Central,Harlawmuir,771,486,1134,71,15,8,4,1328,1004,1230,1435,26,1245,1030,5%,35,7%,36,61,74,54,85,11%,4%,92,93%,5.87,80,3%,48%,13,152,38,1,10%,3%,6.94,7.43,5.68,22.49,9%
DZ01276,Langmains North,Harlawmuir,998,670,29,2,1,1,1,53,64,178,19,44,210,951,22%,221,20%,131,148,147,171,142,21%,5%,140,80%,3.89,331,12%,5%,41,421,43,7,12%,2%,6.1,8.0,6.15,23.28,9%
DZ00344,Brancraig North,Corriebeg,519,351,1153,73,15,8,4,1063,1073,1392,1098,1362,131,1269,9%,49,6%,21,63,82,46,89,12%,6%,73,88%,5.46,158,3%,37%,36,352,19,7,10%,1%,1.19,1.7,1.04,6.97,0%
DZ01419,Kilford,Fallinmuir,927,572,881,56,12,6,3,783,982,981,415,1329,472,1562,9%,80,7%,42,128,100,164,79,19%,5%,124,86%,4.71,279,7%,24%,25,351,1,0,4%,1%,1.5,1.7,1.51,3.64,0%
DZ01351,Ashlaw South,Harlawmuir,710,420,213,14,3,2,1,266,232,148,350,421,667,83,19%,131,17%,72,235,252,283,133,22%,7%,183,84%,4.61,238,9%,33%,17,224,86,12,22%,5%,3.47,4.75,3.18,13.91,3%
DZ00860,Dalshaws Central,Fallinmuir,995,628,1445,91,19,10,5,1504,1478,1322,946,1016,882,1351,1%,10,1%,7,74,79,95,79,14%,4%,85,92%,5.43,151,4%,39%,3,196,5,3,3%,2%,2.91,2.08,1.85,8.75,2%
DZ01121,Dunbrae,Eskbrae,639,423,1457,92,19,10,5,1510,1376,1221,1509,555,1217,1315,2%,12,3%,14,108,100,58,82,15%,7%,77,96%,6.23,51,0%,52%,8,209,24,3,7%,1%,3.52,3.72,3.04,11.68,3%
DZ00276,Inverholm,Drumlarach,926,547,826,52,11,6,3,884,792,627,799,816,1328,969,12%,108,8%,45,120,97,179,88,20%,8%,92,85%,4.77,193,5%,35%,1,183,43,4,10%,2%,2.29,2.22,2.57,10.15,4%
DZ00875,Fernmuir Central,Harlawmuir,605,362,264,17,4,2,1,389,93,236,459,1355,268,50,14%,86,16%,58,173,231,236,99,23%,8%,112,82%,4.7,226,7%,23%,27,345,68,15,21%,4%,1.76,2.06,1.77,5.08,0%
DZ00851,Strathwood East,Fallinmuir,746,501,1370,86,18,9,5,1404,1350,1037,1317,1337,952,1168,2%,16,3%,14,64,213,143,101,18%,6%,86,91%,5.53,105,1%,51%,9,200,26,3,6%,0%,1.34,2.02,0.99,5.65,1%
DZ00837,Strathmuir West,Harlawmuir,560,375,299,19,4,2,1,296,202,516,285,777,358,1105,18%,103,14%,54,100,87,363,133,22%,7%,103,81%,4.99,245,9%,22%,37,346,23,2,11%,2%,2.45,3.2,2.68,8.53,3%
DZ00984,Dunlea East,Glenhaven,711,423,922,58,12,6,3,1013,952,857,899,575,678,974,10%,74,9%,40,76,134,153,110,19%,4%,106,87%,5.17,145,4%,38%,23,317,36,4,9%,1%,2.46,3.47,3.42,14.26,5%
DZ00083,Langtoun South,Aldmoor,695,419,523,33,7,4,2,756,421,557,651,173,1171,1178,9%,63,12%,52,87,133,80,120,17%,7%,121,81%,4.89,222,7%,37%,11,199,29,3,5%,1%,5.6,6.15,4.83,18.18,8%
DZ01129,Kinwood East,Eskbrae,772,520,642,41,9,5,3,489,735,850,477,1005,773,790,15%,116,7%,35,99,117,80,89,15%,5%,81,82%,4.72,220,7%,35%,22,254,51,3,14%,1%,2.58,1.72,2.41,8.92,2%
DZ00107,Killaw South,Corriebeg,843,496,1244,78,16,8,4,1164,1093,1412,1079,1245,1134,1225,9%,73,6%,27,58,61,62,79,10%,7%,112,88%,5.25,147,5%,42%,8,287,23,3,4%,2%,2.33,2.23,1.54,6.0,0%
DZ00214,Kilholm South,Brackenlaw,762,475,777,49,10,5,3,580,1077,655,822,857,533,485,14%,109,7%,34,114,113,180,95,19%,7%,128,85%,5.33,197,5%,42%,37,284,44,7,14%,3%,2.57,2.78,2.41,6.98,2%
DZ00974,Dalmains Central,Fallinmuir,774,512,322,21,5,3,2,420,401,99,313,1230,89,71,14%,110,14%,73,215,177,467,127,27%,7%,146,83%,5.2,291,7%,23%,28,393,78,14,17%,4%,1.5,2.1,1.98,6.91,0%
DZ01367,Inverford North,Eskbrae,998,669,696,44,9,5,3,761,548,424,672,1481,966,637,11%,110,10%,70,121,183,152,149,22%,5%,114,88%,4.53,128,5%,34%,22,220,33,7,13%,2%,1.5,0.93,1.33,4.3,0%
DZ01292,Torside,Fallinmuir,632,396,147,10,2,1,1,205,98,217,270,908,172,82,21%,130,19%,74,115,255,400,93,25%,7%,129,81%,4.78,221,9%,18%,42,362,87,12,21%,3%,2.4,3.55,2.27,10.0,1%
DZ00612,Glenpark North,Brackenlaw,655,417,1342,84,17,9,5,1184,1488,1373,1383,759,260,524,5%,31,2%,9,52,82,81,93,14%,7%,89,86%,5.8,109,4%,42%,45,369,48,7,14%,3%,3.77,2.72,2.46,12.96,3%
DZ00671,Rossfield East,Drumlarach,845,546,1331,84,17,9,5,1378,1149,1159,1023,1575,1333,934,4%,36,5%,29,74,130,125,103,16%,6%,100,88%,5.11,173,3%,39%,6,214,25,6,11%,2%,0.5,0.52,0.5,3.0,0%
DZ00836,Fernmuir Central,Harlawmuir,771,483,555,35,7,4,2,593,872,264,178,1101,1239,32,13%,97,9%,42,173,271,212,142,21%,6%,145,78%,4.32,271,9%,23%,12,132,71,14,22%,4%,2.15,2.71,2.02,8.33,1%
DZ00910,Dunmuir West,Glenhaven,585,341,1233,78,16,8,4,1432,1146,1022,1410,228,855,1292,1%,6,6%,21,63,62,93,128,14%,5%,83,91%,5.82,58,1%,45%,23,252,20,2,7%,2%,4.77,5.03,4.67,18.82,7%
DZ01144,Duncraig South,Glenhaven,1060,633,437,28,6,3,2,353,554,423,293,1254,478,363,21%,220,10%,64,120,221,211,118,22%,7%,153,83%,4.62,228,7%,23%,32,287,68,8,15%,3%,1.95,1.65,1.81,3.82,0%
DZ00647,Kilgate North,Aldmoor,569,358,211,14,3,2,1,322,161,376,201,405,345,576,18%,100,18%,64,118,181,195,88,22%,6%,130,82%,4.51,224,7%,17%,36,338,45,8,10%,3%,3.76,4.34,3.1,14.35,6%
DZ01192,Rossford South,Harlawmuir,795,484,647,41,9,5,3,563,472,1079,710,608,1176,756,16%,124,12%,59,112,69,62,97,15%,3%,86,87%,5.14,203,7%,36%,0,210,37,6,12%,2%,3.13,3.55,3.14,11.28,4%
DZ00610,Newbank North,Aldmoor,562,382,601,38,8,4,2,516,604,288,1035,1053,827,136,12%,69,14%,54,121,129,186,132,21%,7%,118,90%,5.42,160,4%,41%,20,274,69,14,20%,4%,1.66,2.58,2.26,9.98,2%
DZ01307,Rossdale North,Glenhaven,606,397,1502,94,19,10,5,1491,1418,1529,1517,304,1561,1149,3%,19,2%,7,43,44,25,68,12%,6%,86,96%,5.71,57,0%,52%,0,37,34,0,7%,2%,5.38,5.39,4.64,15.78,6%
DZ01092,Fernshaws West,Fallinmuir,98,66,20,2,1,1,1,11,31,9,36,1543,61,399,31%,30,20%,13,281,569,877,181,34%,8%,236,80%,3.88,309,12%,16%,38,485,42,9,17%,3%,0.63,0.5,0.5,3.0,0%
DZ01331,Torside,Fallinmuir,762,472,231,15,3,2,1,180,215,117,594,1119,332,57,17%,132,13%,63,140,202,410,194,25%,6%,152,85%,4.64,205,5%,42%,28,376,81,9,15%,4%,2.15,1.84,1.99,9.49,1%
DZ01330,Langbank East,Eskbrae,751,459,801,51,11,6,3,717,852,721,589,1260,1128,719,10%,76,9%,42,94,72,237,99,19%,6%,100,83%,5.22,228,6%,34%,5,170,37,7,11%,2%,1.48,2.39,1.26,7.76,1%
DZ00960,Dunside South,Harlawmuir,1111,645,529,34,7,4,2,912,527,628,347,23,1499,941,10%,110,12%,77,85,125,84,107,18%,8%,110,80%,4.95,214,7%,28%,0,81,30,6,8%,2%,6.66,7.73,6.42,24.42,11%
DZ00413,Torcraig South,Brackenlaw,844,491,1179,74,15,8,4,981,1230,1261,1501,292,1013,1262,8%,64,6%,28,102,40,60,85,16%,5%,66,92%,6.07,94,1%,58%,14,197,18,2,8%,1%,5.31,5.19,4.35,15.44,8%
DZ01358,Dungate Central,Harlawmuir,637,415,695,44,9,5,3,731,901,683,596,260,1148,1027,10%,62,6%,25,97,130,149,128,17%,6%,112,81%,5.0,239,6%,28%,15,208,38,6,8%,2%,5.15,5.94,4.94,20.05,7%
DZ00437,Dallaw North,Drumlarach,794,531,1538,97,20,10,5,1505,1546,1290,1556,731,1493,1505,1%,11,1%,5,81,77,60,78,12%,6%,83,94%,6.4,35,0%,54%,0,138,19,1,5%,1%,3.24,3.25,3.07,10.95,3%
DZ00780,Inverlea North,Brackenlaw,753,456,796,50,10,5,3,711,699,776,1138,720,888,918,12%,91,10%,45,94,144,202,89,16%,5%,108,87%,5.7,172,1%,38%,25,184,39,8,8%,2%,2.62,4.03,3.01,11.89,3%
DZ00827,Brandale,Glenhaven,666,431,422,27,6,3,2,568,258,695,238,699,869,1078,12%,78,14%,62,96,108,93,119,20%,7%,119,81%,4.59,289,7%,24%,20,172,31,4,8%,1%,2.87,3.49,2.91,13.62,4%
DZ00680,Newshaws West,Drumlarach,995,578,766,48,10,5,3,775,731,752,1139,284,1021,1122,11%,107,9%,52,64,116,233,88,15%,6%,95,88%,5.55,140,4%,47%,16,222,25,4,6%,2%,4.92,5.13,4.13,18.69,6%
DZ00287,Glenholm,Aldmoor,823,512,41,3,1,1,1,37,65,33,111,719,95,614,23%,188,18%,93,201,577,593,167,30%,9%,172,84%,4.64,258,11%,23%,35,397,40,5,14%,2%,2.88,3.46,3.21,14.83,4%
DZ00041,Whinburn North,Aldmoor,1082,680,108,7,2,1,1,146,74,412,288,42,1126,421,19%,209,20%,138,130,104,150,110,19%,5%,135,84%,4.53,234,9%,21%,22,148,55,8,15%,3%,6.64,7.47,5.94,22.41,9%
DZ01573,Craiggate North,Fallinmuir,523,317,160,10,2,1,1,117,166,297,213,969,211,349,24%,125,15%,48,129,186,390,150,19%,5%,129,79%,4.86,277,8%,21%,42,322,69,8,17%,2%,2.91,2.67,2.55,11.88,0%
DZ00338,Glenfield,Brackenlaw,885,582,1522,96,20,10,5,1530,1373,1504,1574,813,1186,1389,1%,9,3%,20,60,58,43,75,8%,2%,73,95%,6.31,1,0%,62%,9,136,10,0,5%,1%,2.59,2.89,2.44,8.99,2%
DZ00547,Craigbank Central,Corriebeg,710,467,799,50,10,5,3,658,503,1073,571,1589,1080,1094,12%,83,13%,61,93,119,138,89,16%,4%,76,85%,4.85,253,6%,27%,11,236,20,3,6%,1%,0.5,0.61,0.5,3.0,0%
DZ00145,Kilwood Central,Corriebeg,721,420,1526,96,20,10,5,1511,1393,1492,1327,1548,1534,1498,1%,7,5%,20,61,75,93,51,12%,5%,77,90%,5.71,133,0%,50%,0,88,4,3,4%,0%,1.03,1.13,0.5,3.0,0%
DZ00111,Newcraig East,Drumlarach,971,632,1139,72,15,8,4,1068,1408,1018,443,1048,1107,1012,6%,60,3%,18,74,90,66,91,17%,5%,71,82%,4.64,201,6%,27%,15,257,28,7,6%,2%,1.87,2.33,1.74,5.81,3%
DZ01393,Rosstoun Central,Harlawmuir,799,497,1108,70,14,7,4,1048,1174,1238,1030,375,1384,446,6%,51,7%,34,63,46,98,79,15%,4%,72,89%,5.42,148,4%,44%,3,107,44,7,15%,3%,4.31,4.53,3.43,12.97,5%
DZ00798,Balpark East,Drumlarach,1022,593,608,38,8,4,2,497,705,534,557,546,1467,244,17%,173,8%,50,99,72,101,94,20%,10%,110,84%,4.92,258,7%,34%,0,139,58,11,18%,3%,3.65,3.32,3.82,13.71,5%
DZ00663,Melcraig East,Corriebeg,708,464,499,32,7,4,2,712,381,474,255,1299,416,375,14%,97,12%,55,122,155,197,114,21%,6%,108,80%,4.2,272,7%,25%,25,271,49,12,12%,3%,1.76,0.88,1.75,6.11,0%
DZ01464,Whinhill East,Glenhaven,757,507,1235,78,16,8,4,1225,1338,1096,1044,1010,656,807,7%,53,3%,13,103,119,104,81,17%,3%,95,85%,5.7,165,3%,35%,29,293,27,3,9%,2%,1.76,2.67,2.21,4.68,0%
DZ00272,Whinwood,Drumlarach,735,495,1389,87,18,9,5,1204,1352,1306,1481,1247,1358,769,3%,23,4%,18,82,91,111,68,14%,5%,87,89%,6.07,52,0%,51%,6,130,55,7,13%,2%,2.11,1.78,2.2,6.14,0%
DZ01188,Rossholm South,Glenhaven,895,549,982,62,13,7,4,905,1185,842,603,907,992,913,7%,66,6%,31,70,109,221,122,14%,8%,97,85%,5.07,221,8%,33%,21,230,30,4,9%,2%,2.04,3.47,2.78,9.31,1%
DZ00652,Kilhaugh West,Brackenlaw,814,552,208,13,3,2,1,220,274,101,214,958,165,1137,18%,143,14%,80,211,257,356,185,26%,8%,108,78%,4.56,245,8%,18%,35,381,19,3,9%,2%,2.12,2.51,1.55,10.31,3%
DZ00361,Rosslaw North,Aldmoor,460,282,1591,100,20,10,5,1557,1598,1577,1600,312,817,1599,1%,5,1%,3,41,56,46,48,9%,6%,50,96%,7.34,0,0%,79%,18,263,0,0,0%,0%,4.38,4.97,4.22,17.05,5%
DZ01311,Ashlaw South,Harlawmuir,789,516,312,20,4,2,1,367,332,205,164,655,842,1402,16%,128,13%,69,194,160,313,130,23%,5%,123,82%,4.06,283,10%,23%,11,283,22,2,1%,1%,2.78,3.78,1.84,11.62,4%
DZ00410,Rossfield West,Aldmoor,744,445,917,58,12,6,3,1016,779,1142,848,373,1116,1451,8%,63,10%,44,118,101,121,79,14%,4%,87,90%,5.3,161,6%,37%,19,187,13,1,5%,1%,3.9,4.79,3.63,12.97,3%
DZ00653,Dalcraig South,Brackenlaw,770,506,1196,75,15,8,4,1086,1181,1384,895,1197,1143,391,11%,86,5%,26,66,133,89,98,10%,3%,82,85%,5.28,153,6%,36%,13,164,47,10,14%,3%,2.38,2.41,1.55,6.56,0%
DZ00340,Strathlaw Central,Brackenlaw,773,497,747,47,10,5,3,654,860,568,753,1453,243,715,15%,114,10%,51,103,85,69,107,18%,7%,84,85%,5.3,172,5%,43%,35,402,31,9,14%,2%,1.38,1.32,1.08,4.29,0%
DZ01242,Newhaugh East,Eskbrae,894,544,581,37,8,4,2,341,783,586,740,1022,572,474,17%,154,9%,50,126,181,230,117,19%,8%,130,83%,5.22,184,5%,34%,28,362,45,9,12%,3%,2.14,3.25,2.1,6.63,3%
DZ01266,Dalshaws East,Glenhaven,648,402,245,16,4,2,1,418,474,90,77,354,554,90,18%,114,13%,51,212,267,139,149,26%,8%,163,78%,4.13,345,9%,8%,19,329,69,17,16%,3%,4.89,4.56,4.21,15.98,6%
DZ00225,Langlaw,Corriebeg,765,501,1434,90,18,9,5,1358,1510,1345,1060,1480,766,360,4%,28,1%,5,71,66,109,87,12%,7%,57,88%,5.46,136,4%,40%,32,284,65,9,16%,2%,0.93,0.5,0.86,3.0,0%
DZ00177,Melbank,Brackenlaw,588,363,387,25,5,3,2,305,593,404,565,724,100,74,16%,97,10%,36,120,129,147,121,19%,7%,125,85%,5.11,193,6%,31%,40,413,80,13,16%,2%,2.84,3.15,2.79,9.61,2%
DZ01032,Strathpark South,Harlawmuir,914,615,451,29,6,3,2,551,542,815,332,156,384,945,13%,116,12%,77,124,155,118,102,19%,6%,85,81%,4.78,241,7%,30%,30,357,31,7,11%,2%,4.45,5.32,5.35,19.41,8%
DZ00668,Balcraig South,Corriebeg,563,362,201,13,3,2,1,285,149,210,277,1087,36,537,17%,95,17%,60,149,171,220,170,24%,7%,159,81%,4.44,231,8%,23%,49,437,34,13,10%,2%,2.26,2.61,1.23,7.24,1%
DZ00331,Dalpark East,Brackenlaw,881,525,952,60,12,6,3,1004,1062,722,1018,846,209,669,9%,79,7%,34,116,121,239,99,20%,6%,95,89%,5.25,144,4%,38%,27,443,39,7,15%,2%,3.04,3.94,2.56,7.63,3%
DZ00896,Langbank Central,Fallinmuir,693,412,678,43,9,5,3,709,434,479,749,1526,993,968,10%,73,12%,50,163,122,186,107,21%,5%,111,87%,5.21,167,5%,34%,15,260,34,7,8%,2%,0.5,1.32,0.5,3.0,0%
DZ01110,Branpark East,Glenhaven,934,627,359,23,5,3,2,384,420,241,438,612,848,84,13%,126,12%,76,168,279,88,154,25%,9%,127,83%,4.48,207,6%,24%,19,253,76,15,19%,4%,3.35,3.78,3.04,10.11,4%
DZ00143,Inverhaugh North,Corriebeg,668,431,1500,94,19,10,5,1532,1414,1219,1151,1540,1411,1455,1%,7,3%,13,81,109,97,70,15%,1%,74,91%,5.35,125,4%,38%,4,82,6,2,1%,1%,0.5,0.65,0.5,3.0,0%
DZ01226,Dalshaws East,Glenhaven,722,464,698,44,9,5,3,823,545,802,1038,246,1207,892,12%,85,10%,46,77,117,181,89,16%,4%,130,90%,5.54,132,5%,35%,15,198,36,5,9%,2%,4.98,5.39,4.09,19.41,6%
DZ00175,Fernlea North,Brackenlaw,899,559,583,37,8,4,2,620,575,694,829,572,230,141,15%,133,9%,51,114,139,246,107,21%,7%,89,84%,4.9,206,4%,31%,32,372,71,10,20%,4%,3.28,3.47,3.21,13.57,4%
DZ01274,Dalgate East,Harlawmuir,902,561,1284,81,17,9,5,1339,1239,1544,966,340,1055,1152,5%,41,3%,19,58,58,116,77,10%,5%,78,87%,5.3,167,3%,36%,21,186,26,4,9%,1%,4.56,4.73,4.46,16.06,6%
DZ00365,Langlea,Aldmoor,703,458,1103,69,14,7,4,1197,1308,483,1160,600,910,400,5%,33,6%,29,109,74,134,116,20%,6%,120,90%,5.51,156,4%,47%,23,208,41,10,15%,3%,2.85,3.59,2.54,8.82,3%
DZ00251,Birkcraig West,Brackenlaw,929,629,217,14,3,2,1,194,200,324,352,625,227,556,17%,154,16%,98,131,130,234,107,26%,7%,137,82%,5.14,187,6%,27%,31,355,35,8,13%,3%,3.46,3.77,2.43,12.32,2%
DZ00877,Strathmuir West,Harlawmuir,758,482,549,35,7,4,2,548,645,442,669,635,361,554,14%,107,9%,45,112,140,113,113,21%,6%,93,88%,5.02,201,6%,29%,32,353,45,4,15%,2%,3.22,3.56,3.02,10.74,3%
DZ00658,Whinpark East,Brackenlaw,889,576,1113,70,14,7,4,878,1313,1046,873,1064,1002,1139,10%,92,5%,26,80,63,111,99,16%,5%,98,85%,5.6,139,4%,39%,23,154,44,6,6%,2%,2.04,2.46,2.7,6.32,2%
DZ01418,Lochanmains Central,Fallinmuir,921,572,426,27,6,3,2,208,438,588,691,901,1119,176,19%,179,12%,66,104,125,279,90,22%,7%,125,88%,5.01,168,5%,31%,17,138,60,12,15%,3%,2.74,2.52,2.11,10.78,1%
DZ01161,Dunbrae,Eskbrae,491,331,388,25,5,3,2,600,343,478,175,946,288,211,13%,65,15%,48,111,177,220,110,19%,6%,97,85%,4.84,271,10%,16%,29,393,65,10,15%,3%,2.44,2.49,2.26,8.23,3%
DZ00232,Newshaws Central,Drumlarach,761,516,843,53,11,6,3,678,712,1010,930,1338,1012,295,10%,78,10%,50,78,97,48,86,17%,3%,130,91%,5.31,190,3%,32%,5,229,49,9,16%,3%,1.04,1.83,1.19,5.52,0%
DZ01519,Melhaugh Central,Harlawmuir,763,485,1133,71,15,8,4,923,978,1514,1152,366,1570,1053,12%,95,7%,33,39,74,24,81,16%,7%,66,89%,5.44,82,2%,46%,0,26,20,7,6%,3%,4.16,4.84,3.56,13.1,3%
DZ01232,Branmains West,Harlawmuir,906,583,1129,71,15,8,4,1033,1180,1205,1384,407,677,427,8%,70,6%,33,66,104,119,68,11%,6%,76,90%,5.72,95,0%,45%,27,300,42,11,12%,3%,3.57,4.6,3.64,13.47,6%
DZ00468,Melburn North,Corriebeg,86,58,32,2,1,1,1,14,38,29,168,1400,261,80,29%,25,19%,11,239,256,583,194,29%,9%,186,79%,4.22,262,9%,22%,31,363,79,13,16%,4%,0.62,1.16,1.42,3.62,0%
DZ01033,Birkshaws East,Harlawmuir,618,406,805,51,11,6,3,569,833,1381,1049,238,738,1500,13%,82,8%,34,64,87,23,89,14%,5%,77,88%,5.33,149,1%,43%,26,275,7,2,5%,1%,4.58,5.27,4.12,18.99,7%
DZ00613,Strathgate West,Brackenlaw,701,462,1325,83,17,9,5,1377,1310,1149,1296,687,1280,764,1%,7,5%,25,78,77,127,84,12%,5%,88,87%,5.89,98,0%,46%,16,142,41,7,11%,2%,2.62,3.65,2.3,12.22,3%
DZ01283,Newburn North,Eskbrae,862,532,498,32,7,4,2,699,508,372,318,1041,390,152,12%,100,11%,57,142,189,120,134,20%,6%,129,84%,4.35,219,7%,35%,22,308,64,15,16%,3%,2.08,2.64,2.15,9.92,2%
DZ00097,Kinbank South,Brackenlaw,845,525,344,22,5,3,2,287,454,280,597,769,60,855,19%,164,11%,58,173,184,262,146,20%,5%,167,86%,4.97,188,5%,25%,46,475,35,3,9%,1%,3.16,3.29,2.49,10.91,3%
DZ01256,Invermains South,Fallinmuir,698,444,1519,95,19,10,5,1456,1419,1453,1568,1458,1079,1394,1%,9,2%,7,106,78,59,69,13%,2%,93,96%,6.48,71,0%,61%,2,251,25,3,4%,1%,1.6,1.37,0.89,7.74,1%
DZ01045,Kinlaw West,Eskbrae,951,618,137,9,2,1,1,169,112,53,382,1210,40,1172,20%,187,17%,103,154,246,429,193,27%,8%,168,83%,4.8,201,7%,30%,35,457,34,6,8%,1%,1.59,1.64,1.37,6.2,2%
DZ01224,Torburn,Glenhaven,918,569,313,20,4,2,1,191,225,576,575,552,971,326,20%,181,15%,84,91,116,357,108,19%,5%,107,90%,4.86,213,7%,29%,18,259,63,9,15%,2%,3.8,4.26,3.12,12.95,3%
DZ00488,Newshaws North,Aldmoor,728,488,598,38,8,4,2,553,559,787,741,499,872,336,12%,86,11%,55,129,113,71,99,18%,7%,83,86%,5.04,206,5%,36%,10,319,45,10,17%,2%,3.81,4.08,3.83,14.06,2%
DZ01103,Balside South,Glenhaven,904,545,1509,95,19,10,5,1416,1496,1570,1137,1075,1471,1308,2%,21,2%,9,51,33,109,70,6%,7%,56,90%,5.39,178,3%,38%,7,115,13,4,8%,1%,1.7,1.79,1.52,5.57,1%
DZ01480,Melhaugh Central,Harlawmuir,833,546,914,58,12,6,3,798,1293,885,1093,69,825,1195,9%,73,3%,16,113,85,44,98,16%,4%,123,88%,5.78,135,5%,43%,17,303,29,6,6%,2%,6.15,7.07,6.02,23.65,9%
DZ00189,Langtoun West,Corriebeg,1112,698,98,7,2,1,1,61,71,187,159,1282,646,157,21%,231,19%,134,179,139,237,152,25%,9%,124,78%,4.17,282,8%,17%,32,292,72,8,16%,4%,0.99,2.17,1.45,5.16,2%
DZ00158,Kildale,Drumlarach,883,598,808,51,11,6,3,825,756,909,706,920,833,825,9%,76,9%,55,100,93,126,79,12%,5%,76,86%,5.07,147,5%,37%,23,216,33,7,11%,2%,2.55,2.46,2.51,6.8,4%
DZ00028,Kindale North,Corriebeg,911,552,1386,87,18,9,5,1260,1318,1546,1406,432,1457,1259,7%,67,4%,25,54,47,22,56,7%,4%,66,92%,5.75,99,1%,52%,0,74,19,2,6%,0%,3.88,4.0,3.64,13.85,3%
DZ00753,Newmains,Drumlarach,1071,703,934,59,12,6,3,844,923,1098,934,865,905,301,9%,95,8%,59,90,75,106,82,15%,6%,78,86%,5.38,120,4%,37%,17,204,49,8,12%,3%,2.32,2.97,2.58,8.91,1%
DZ00588,Fernlaw West,Corriebeg,749,507,102,7,2,1,1,69,157,155,99,750,523,729,24%,177,17%,88,142,157,230,120,26%,5%,119,77%,4.39,236,10%,13%,26,253,38,7,8%,1%,3.37,3.27,2.61,12.35,4%
DZ00234,Rosslaw West,Drumlarach,840,567,938,59,12,6,3,806,979,1061,761,1017,671,1325,8%,67,6%,35,83,137,142,90,17%,5%,71,85%,5.19,204,7%,37%,19,250,38,2,8%,1%,1.9,1.65,2.39,8.38,0%
DZ01075,Rossfield North,Harlawmuir,697,424,457,29,6,3,2,445,531,377,528,290,1060,1364,13%,87,11%,46,97,196,132,134,22%,6%,108,87%,4.98,251,6%,31%,13,256,18,3,7%,1%,4.74,4.82,3.51,18.35,4%
DZ00447,Langfield West,Aldmoor,809,533,216,14,3,2,1,319,199,168,428,586,53,419,17%,138,14%,74,160,179,231,148,26%,9%,152,85%,4.64,246,5%,27%,48,447,40,8,15%,3%,3.62,3.95,3.66,11.7,3%
DZ00732,Strathbank North,Brackenlaw,726,457,1209,76,16,8,4,1319,1203,779,806,1313,1278,805,3%,22,4%,17,94,86,174,98,18%,8%,123,91%,5.08,156,4%,34%,10,240,39,3,12%,1%,1.55,2.54,1.66,7.04,0%
DZ00270,Rosspark Central,Corriebeg,745,434,500,32,7,4,2,364,378,858,326,1347,1234,513,16%,119,12%,51,117,126,199,77,18%,6%,93,86%,4.63,254,7%,18%,11,237,45,5,13%,2%,1.46,1.67,0.69,6.8,0%
DZ00084,Langtoun South,Aldmoor,940,602,1252,79,16,8,4,1390,1361,988,1149,283,1198,1317,4%,40,3%,19,72,126,84,118,16%,5%,87,89%,5.66,145,4%,48%,16,167,18,3,7%,0%,4.94,5.29,4.59,16.67,4%
DZ00088,Whindale East,Aldmoor,598,353,730,46,10,5,3,880,869,953,798,138,425,972,12%,74,5%,18,77,77,74,78,17%,5%,97,89%,5.33,174,4%,33%,25,284,38,3,10%,1%,5.4,6.33,5.44,20.57,8%
DZ00445,Lochanlea Central,Aldmoor,847,544,383,24,5,3,2,374,290,807,885,166,750,224,16%,133,13%,70,88,95,35,110,18%,7%,81,88%,5.29,170,4%,38%,19,217,73,10,18%,4%,5.76,6.14,4.76,22.0,7%
DZ01096,Lochanbank West,Fallinmuir,889,548,1476,93,19,10,5,1481,1507,1259,1072,1217,1368,1050,1%,9,1%,7,77,49,48,81,18%,2%,82,88%,5.14,181,3%,42%,14,107,38,3,10%,1%,2.3,2.37,1.88,6.12,0%
DZ00750,Strathmuir South,Corriebeg,762,479,1475,93,19,10,5,1450,1090,1562,1396,1429,1581,1047,3%,21,6%,28,78,60,37,53,8%,5%,72,90%,6.01,116,1%,45%,0,5,35,5,10%,2%,0.93,1.06,1.14,3.0,0%
DZ01362,Lochanshaws,Eskbrae,933,596,900,57,12,6,3,1128,770,647,1103,676,691,481,7%,70,7%,41,102,193,143,98,17%,8%,100,88%,5.64,139,3%,41%,20,314,53,8,12%,3%,3.0,3.11,2.18,11.75,2%
DZ00268,Lochanwood South,Corriebeg,822,527,262,17,4,2,1,183,417,227,349,1121,19,135,20%,167,11%,59,165,227,198,150,24%,6%,145,79%,4.92,239,6%,28%,45,483,79,13,19%,4%,2.32,1.96,1.45,5.98,0%
DZ00985,Whinfield North,Glenhaven,854,574,1573,99,20,10,5,1585,1569,1552,1496,1110,986,527,1%,9,1%,6,48,51,28,76,8%,3%,67,93%,6.28,72,1%,51%,13,210,53,8,12%,2%,2.97,2.33,1.4,6.43,2%
DZ01135,Strathpark East,Fallinmuir,862,513,1249,79,16,8,4,1293,1196,1347,792,1250,850,800,1%,11,2%,11,92,64,117,63,11%,5%,76,88%,5.19,174,5%,34%,20,287,44,3,9%,2%,1.35,1.64,1.81,5.86,0%
DZ01481,Rossgate Central,Eskbrae,645,412,1561,98,20,10,5,1561,1579,1586,1403,51,1598,1396,1%,6,1%,4,51,32,18,63,4%,8%,46,91%,6.06,123,0%,48%,0,0,17,0,4%,1%,6.54,7.43,6.07,21.45,9%
DZ00568,Langlea Central,Aldmoor,873,543,26,2,1,1,1,54,37,27,13,317,359,1150,24%,213,21%,112,252,183,380,202,29%,9%,226,76%,3.74,353,12%,4%,20,357,31,4,8%,1%,4.25,4.71,4.53,14.88,5%
DZ00342,Rossburn South,Corriebeg,971,569,925,58,12,6,3,1154,767,812,928,706,647,953,7%,69,8%,44,111,114,74,90,16%,7%,71,87%,5.45,160,5%,33%,28,287,29,2,11%,3%,2.98,3.25,2.3,13.19,4%
DZ00183,Whincraig East,Corriebeg,867,575,1540,97,20,10,5,1569,1543,1547,1212,805,1249,865,1%,9,1%,6,60,98,52,53,4%,5%,73,90%,5.63,102,2%,41%,10,176,35,5,13%,2%,2.36,2.56,2.53,8.86,3%
DZ01451,Glenpark,Fallinmuir,659,382,517,33,7,4,2,461,439,723,522,751,891,1018,16%,108,11%,42,97,66,270,101,20%,6%,112,82%,4.95,195,6%,36%,20,229,43,5,8%,1%,2.28,2.43,2.32,9.91,1%
DZ01588,Craigholm,Glenhaven,1053,656,1592,100,20,10,5,1599,1549,1573,1584,59,1596,1571,1%,11,1%,7,35,32,44,65,7%,4%,62,95%,6.43,39,0%,60%,0,0,1,0,0%,0%,6.78,6.6,5.33,23.63,9%
DZ01417,Lochanmains Central,Fallinmuir,642,436,565,36,8,4,2,657,628,232,302,1503,538,837,13%,86,12%,53,151,235,94,158,25%,5%,115,82%,4.72,285,8%,22%,25,252,27,6,8%,2%,1.8,0.96,0.79,3.19,0%
DZ01550,Kinshaws West,Glenhaven,678,394,1063,67,14,7,4,1298,1091,1366,949,28,879,1037,7%,45,7%,26,78,77,34,83,14%,7%,69,89%,5.29,164,5%,36%,22,258,41,4,8%,1%,7.48,8.18,6.13,24.72,10%
DZ01278,Fernside,Harlawmuir,557,372,972,61,13,7,4,1044,1037,962,1024,235,1102,1233,10%,54,7%,28,107,88,73,67,15%,5%,129,85%,5.49,123,4%,46%,16,234,26,2,7%,0%,5.39,5.86,5.62,17.74,8%
DZ01109,Branpark East,Glenhaven,902,562,1156,73,15,8,4,1254,915,1316,1171,533,1072,1469,7%,63,8%,45,72,56,87,76,12%,6%,74,92%,5.47,148,0%,35%,12,201,20,1,2%,0%,3.24,3.88,3.34,11.45,4%
DZ00641,Glenbank West,Aldmoor,1136,710,1274,80,16,8,4,1399,1238,1241,1150,360,1273,1425,2%,21,2%,14,103,60,38,74,12%,4%,98,88%,5.74,144,4%,33%,15,190,15,3,5%,1%,5.31,4.52,4.09,14.97,5%
DZ00120,Daltoun North,Drumlarach,939,566,240,15,3,2,1,370,182,295,308,454,190,348,15%,141,15%,85,136,176,72,120,25%,9%,115,81%,4.34,296,7%,27%,35,399,73,8,13%,3%,3.81,4.43,3.85,15.7,4%
DZ00539,Langtoun Central,Brackenlaw,606,352,1326,83,17,9,5,1452,1184,1158,1275,839,1336,376,2%,12,7%,24,85,73,48,83,15%,3%,79,88%,5.76,154,3%,42%,6,211,74,10,13%,3%,3.04,2.77,2.81,8.32,1%
DZ00673,Whinbrae South,Drumlarach,886,567,1047,66,14,7,4,1070,1286,1058,623,569,914,134,10%,90,4%,21,76,91,47,118,15%,5%,144,88%,4.97,226,6%,26%,14,259,70,10,17%,4%,2.96,3.74,3.19,11.61,2%
DZ01443,Strathhill,Eskbrae,1045,686,654,41,9,5,3,590,553,679,568,1470,771,750,14%,146,10%,67,107,120,122,99,18%,7%,94,88%,5.11,230,6%,32%,22,295,42,7,9%,2%,0.56,1.3,1.2,3.0,0%
DZ01273,Dalgate East,Harlawmuir,929,614,1400,88,18,9,5,1243,1455,1284,1511,764,840,1437,7%,62,2%,10,74,132,44,70,15%,3%,60,93%,6.24,34,1%,67%,22,229,14,0,5%,0%,2.65,3.26,2.66,11.11,5%
DZ00103,Inverhaugh North,Corriebeg,608,364,1491,94,19,10,5,1485,1380,1133,1525,1236,1585,478,3%,20,3%,11,78,156,66,78,16%,7%,100,95%,6.37,70,0%,51%,0,0,54,9,15%,2%,2.05,1.05,1.23,5.83,1%
DZ01363,Invercraig West,Eskbrae,647,440,749,47,10,5,3,774,1111,291,551,522,1153,698,10%,66,6%,27,112,123,172,112,27%,10%,136,83%,4.77,244,5%,34%,14,166,38,7,13%,3%,2.98,4.0,3.77,14.55,6%
DZ00262,Inverpark Central,Corriebeg,1042,651,222,14,3,2,1,329,302,212,66,697,377,471,14%,148,14%,92,121,377,153,149,21%,9%,154,82%,4.02,308,10%,25%,26,296,51,9,13%,1%,2.91,3.03,2.47,11.65,3%
DZ01119,Dalburn South,Harlawmuir,741,497,507,32,7,4,2,749,353,437,786,254,1299,447,10%,72,13%,65,92,183,104,107,20%,5%,112,87%,5.1,150,3%,30%,16,119,53,6,15%,2%,5.1,5.51,4.52,17.7,4%
DZ01074,Strathtoun South,Harlawmuir,890,578,492,31,7,4,2,464,566,622,282,563,1108,482,15%,137,10%,60,88,96,77,87,19%,7%,120,82%,4.79,238,7%,29%,23,149,54,9,13%,2%,3.85,3.74,3.66,11.1,5%
DZ00857,Melwood North,Fallinmuir,945,641,866,55,11,6,3,873,758,810,1163,961,338,952,10%,97,9%,56,113,166,97,81,19%,5%,120,91%,5.88,114,2%,40%,25,277,46,4,9%,2%,3.04,2.71,2.79,10.66,1%
DZ00666,Ferncraig East,Corriebeg,841,564,966,61,13,7,4,826,1070,665,974,1424,514,604,10%,81,7%,38,119,127,250,88,18%,8%,94,91%,5.52,204,4%,34%,31,248,40,10,11%,2%,0.5,0.54,0.94,3.0,0%
DZ01191,Rossford South,Harlawmuir,771,461,971,61,13,7,4,1065,724,1092,1085,670,989,503,8%,65,9%,42,123,119,95,99,18%,6%,102,87%,5.33,152,5%,35%,19,223,46,8,14%,2%,3.15,2.77,3.14,12.48,3%
DZ00049,Lochanpark Central,Aldmoor,927,625,1390,87,18,9,5,1308,1494,1461,1541,79,893,1063,7%,65,3%,16,75,41,51,62,12%,3%,83,91%,6.14,112,1%,54%,22,201,40,4,10%,3%,5.85,6.56,5.96,21.91,9%
DZ01039,Torshaws,Harlawmuir,943,606,683,43,9,5,3,903,815,418,756,140,1155,1388,11%,102,9%,54,114,114,193,109,21%,9%,104,85%,5.1,171,5%,34%,8,110,23,0,5%,1%,5.41,6.08,4.69,19.44,8%
DZ00814,Dunwood Central,Fallinmuir,772,463,1189,75,15,8,4,1207,1019,1481,1244,512,672,914,7%,54,7%,32,44,77,50,74,9%,4%,75,90%,5.41,127,2%,45%,24,271,25,6,10%,1%,3.86,3.58,3.34,12.54,5%
DZ00252,Birkcraig West,Brackenlaw,733,454,414,26,6,3,2,524,408,596,555,73,1270,281,16%,120,12%,57,97,97,176,96,16%,6%,90,84%,4.88,181,7%,33%,9,137,67,8,16%,4%,6.13,6.34,5.72,22.54,8%
DZ00164,Inverbank West,Aldmoor,897,556,997,63,13,7,4,887,1154,462,1510,189,1228,1313,4%,40,4%,23,90,116,174,99,23%,4%,129,92%,6.22,68,3%,53%,9,158,26,4,6%,1%,5.6,6.17,4.34,20.29,7%
DZ00915,Whinhaugh West,Harlawmuir,862,568,739,47,10,5,3,847,415,1134,841,567,1247,371,12%,100,13%,72,69,50,123,89,16%,4%,93,89%,5.01,164,6%,37%,8,223,51,5,13%,2%,2.65,4.07,3.74,12.05,4%
DZ01063,Balside South,Glenhaven,771,510,785,50,10,5,3,890,540,754,1130,473,1214,1301,10%,78,9%,45,96,131,86,130,16%,6%,81,88%,5.6,224,3%,44%,2,180,24,5,7%,1%,3.68,4.21,3.43,11.5,3%
DZ00672,Rossfield East,Drumlarach,813,476,1453,91,19,10,5,1466,1384,1214,1386,960,1558,809,3%,28,1%,5,93,120,142,78,18%,2%,115,92%,5.54,85,3%,49%,0,38,45,7,13%,4%,2.07,2.48,2.59,9.3,3%
DZ00170,Rosscraig Central,Aldmoor,565,335,1202,76,16,8,4,1313,1199,1028,1336,267,853,1390,3%,14,7%,25,93,55,61,113,15%,7%,97,87%,6.14,127,0%,43%,15,242,0,2,5%,0%,4.23,4.76,4.57,18.29,8%
DZ01277,Fernside,Harlawmuir,863,584,307,20,4,2,1,451,325,360,396,119,409,737,15%,126,17%,97,130,157,109,111,18%,8%,105,86%,4.86,230,6%,29%,21,346,45,5,16%,1%,5.67,5.56,4.91,22.22,8%
DZ01559,Strathmains East,Harlawmuir,596,401,1192,75,15,8,4,1189,1250,879,1482,193,1431,1064,4%,25,6%,25,86,68,73,111,20%,5%,94,95%,6.23,64,3%,55%,5,88,12,3,12%,2%,5.44,6.08,4.54,17.19,7%
DZ01062,Dungate North,Glenhaven,821,491,1357,85,17,9,5,1364,1327,1069,1448,974,922,1285,3%,22,4%,18,87,100,132,84,16%,7%,94,92%,6.01,53,1%,57%,18,156,34,5,8%,1%,2.01,2.39,2.59,8.34,2%
DZ01595,Birktoun South,Harlawmuir,938,619,1492,94,19,10,5,1470,1532,1438,1370,155,1563,1536,1%,9,1%,6,57,81,26,75,12%,5%,61,91%,6.16,84,1%,55%,0,21,3,0,5%,1%,5.38,6.25,5.39,21.43,9%
DZ00233,Rosslaw West,Drumlarach,974,579,643,41,9,5,3,546,691,980,369,1330,347,380,14%,139,9%,50,75,70,145,80,15%,5%,101,81%,4.94,219,8%,26%,31,358,49,8,13%,4%,1.57,1.33,1.35,5.76,1%
DZ01141,Branhaugh,Glenhaven,1053,706,1265,80,16,8,4,1149,1346,1449,1231,534,713,815,5%,58,2%,12,51,63,108,81,16%,4%,110,93%,5.79,117,4%,43%,22,270,39,4,13%,3%,2.85,3.2,3.23,12.62,5%
DZ01354,Strathtoun West,Harlawmuir,693,470,1308,82,17,9,5,1426,1050,1483,1391,351,1194,780,1%,7,6%,29,81,69,32,77,6%,4%,79,88%,5.56,123,1%,48%,14,181,28,7,12%,3%,4.1,4.41,4.09,16.66,6%
DZ00999,Torshaws,Harlawmuir,912,618,931,59,12,6,3,814,1058,673,862,700,1356,1274,9%,78,6%,38,112,130,93,102,19%,8%,111,88%,5.56,179,3%,37%,14,142,12,5,5%,1%,3.12,2.39,2.31,10.38,2%
DZ01316,Craiggate Central,Harlawmuir,717,454,301,19,4,2,1,298,429,566,337,97,289,971,16%,114,12%,55,108,144,149,83,22%,8%,123,81%,4.58,259,6%,30%,23,364,27,3,8%,3%,5.39,6.45,4.83,21.86,9%
DZ00512,Dalmuir,Drumlarach,795,521,112,8,2,1,1,240,184,81,12,1317,45,431,17%,139,16%,84,204,200,269,144,25%,6%,145,76%,3.75,385,12%,12%,36,522,47,8,15%,2%,1.68,1.77,1.74,5.69,0%
DZ00327,Glengate,Aldmoor,764,467,123,8,2,1,1,152,119,167,180,1226,25,85,21%,163,17%,78,138,125,375,153,26%,11%,114,81%,4.33,285,9%,12%,47,525,77,12,17%,4%,1.46,2.21,1.53,5.52,0%
DZ01525,Lochanshaws South,Eskbrae,701,408,1541,97,20,10,5,1527,1570,1558,1434,566,683,1534,1%,7,1%,4,44,60,42,77,9%,4%,70,93%,6.06,60,1%,48%,32,285,3,0,0%,0%,3.78,3.4,2.23,12.31,4%
DZ00831,Dunfield North,Harlawmuir,853,535,906,57,12,6,3,752,1002,1081,1071,404,886,817,9%,81,6%,34,81,100,100,88,18%,8%,80,89%,5.33,143,5%,42%,20,245,39,6,12%,3%,3.95,4.23,3.4,15.47,5%
DZ01020,Newbank South,Fallinmuir,888,548,268,17,4,2,1,204,392,357,320,1126,46,2,20%,174,13%,72,216,171,216,136,23%,5%,141,84%,4.51,217,7%,28%,30,447,116,21,28%,5%,1.52,1.42,2.35,9.62,1%
DZ00930,Newlea West,Eskbrae,835,531,325,21,5,3,2,441,194,156,400,1345,516,242,13%,107,14%,73,247,251,368,173,27%,7%,140,88%,4.86,203,6%,24%,28,346,58,11,15%,4%,2.0,2.04,1.71,6.84,1%
DZ01373,Lochanhaugh Central,Fallinmuir,760,486,1328,83,17,9,5,1192,1259,1233,1382,1493,887,1281,4%,32,2%,11,62,104,41,95,16%,6%,142,88%,6.0,61,3%,45%,22,277,32,5,5%,1%,0.5,1.51,0.5,3.0,0%
DZ00402,Craigside South,Aldmoor,797,489,1568,98,20,10,5,1591,1554,1555,1578,43,1552,1496,1%,8,1%,5,45,52,47,74,7%,4%,62,93%,6.39,48,0%,60%,0,70,9,0,5%,0%,6.55,6.87,5.91,21.89,10%
DZ01118,Fernhaugh Central,Harlawmuir,968,623,1177,74,15,8,4,881,1314,1360,1470,263,851,1129,13%,122,2%,13,76,33,46,56,12%,6%,82,86%,6.09,110,1%,48%,24,280,26,6,7%,1%,4.95,4.84,4.59,18.59,8%
DZ01592,Glenfield Central,Harlawmuir,899,577,818,52,11,6,3,786,838,809,1287,182,1360,597,9%,82,9%,51,76,64,106,92,17%,7%,119,91%,5.78,106,3%,42%,5,223,38,6,13%,3%,5.72,6.23,4.88,20.94,8%
DZ00548,Craigbank Central,Corriebeg,651,430,681,43,9,5,3,788,369,947,720,1228,590,861,11%,70,13%,54,86,101,93,68,15%,5%,95,85%,5.34,177,6%,33%,19,311,39,5,12%,2%,1.38,1.94,0.93,8.48,0%
DZ00951,Branbrae Central,Harlawmuir,565,337,573,36,8,4,2,690,549,719,654,75,1312,1403,13%,71,12%,41,81,112,60,98,20%,6%,82,81%,5.27,175,6%,35%,14,178,16,5,11%,0%,5.73,7.12,5.77,24.28,8%
DZ00190,Langtoun West,Corriebeg,783,458,493,31,7,4,2,448,558,466,387,747,1070,329,14%,112,12%,53,121,185,98,104,19%,7%,94,81%,4.69,209,9%,22%,11,241,68,7,14%,3%,2.8,3.04,2.52,8.28,0%
DZ00914,Fernfield East,Harlawmuir,785,512,862,54,11,6,3,839,760,797,1168,495,1199,1085,9%,73,9%,49,118,151,117,119,19%,7%,94,88%,5.43,133,3%,49%,11,190,32,3,8%,1%,3.85,3.5,3.92,12.09,4%
DZ01166,Balwood West,Eskbrae,794,485,661,42,9,5,3,808,541,488,751,854,1046,253,11%,89,12%,59,118,124,166,112,20%,6%,97,88%,5.07,192,6%,43%,16,225,62,8,18%,3%,2.48,2.45,2.65,11.78,3%
DZ01151,Rossford South,Harlawmuir,792,484,1479,93,19,10,5,1471,1388,1485,1322,975,1362,1546,1%,11,3%,14,55,87,87,85,11%,3%,77,91%,5.61,127,2%,46%,8,84,6,0,3%,0%,2.02,2.41,2.19,8.31,2%
DZ01598,Langholm East,Harlawmuir,731,434,1420,89,18,9,5,1443,1495,1421,1288,334,1327,222,2%,15,1%,4,66,72,61,80,14%,2%,78,91%,6.03,134,1%,49%,2,168,66,10,16%,3%,4.47,5.04,3.96,16.68,5%
DZ01043,Newlea South,Eskbrae,675,409,1549,97,20,10,5,1580,1574,1437,1131,797,1576,297,1%,7,1%,4,43,83,60,59,10%,4%,63,92%,5.33,140,3%,45%,2,66,65,10,12%,3%,2.86,3.63,2.24,9.65,2%
DZ00621,Glenwood West,Corriebeg,694,440,1078,68,14,7,4,1261,784,1095,832,1340,1110,294,7%,50,10%,45,115,73,237,90,16%,6%,88,88%,5.48,230,1%,37%,16,223,65,7,18%,4%,1.84,1.58,1.26,7.37,1%
DZ01071,Invermuir Central,Harlawmuir,822,504,251,16,4,2,1,419,153,452,235,380,445,146,17%,137,16%,78,139,139,115,103,18%,8%,145,83%,4.7,252,8%,18%,25,272,68,8,18%,4%,3.95,4.87,3.8,14.91,5%
DZ00087,Whindale East,Aldmoor,912,590,70,5,1,1,1,199,34,62,231,319,565,118,19%,170,21%,122,236,138,390,172,28%,8%,223,84%,4.82,281,8%,15%,28,366,73,11,18%,4%,4.82,5.56,3.83,16.15,5%
DZ00975,Inverdale Central,Fallinmuir,965,609,402,26,6,3,2,259,234,425,588,1567,586,1247,21%,201,14%,83,118,143,75,157,17%,5%,116,84%,5.02,247,6%,31%,18,347,26,4,10%,1%,0.92,0.5,0.86,3.0,0%
DZ00870,Fernhill,Glenhaven,831,514,559,35,7,4,2,676,491,476,267,1278,860,771,13%,106,13%,65,133,118,146,129,17%,5%,103,80%,4.95,268,8%,25%,22,240,28,6,14%,2%,1.79,1.65,1.64,5.94,0%
DZ00579,Torshaws Central,Brackenlaw,772,468,986,62,13,7,4,830,1284,882,724,628,929,609,11%,83,5%,26,102,128,162,109,19%,5%,82,87%,5.17,158,5%,35%,22,335,46,7,11%,2%,3.17,3.92,2.16,10.08,4%
DZ01402,Lochanshaws,Eskbrae,913,598,970,61,13,7,4,857,912,510,1175,1171,1237,1489,9%,79,8%,49,106,232,333,116,21%,8%,87,89%,5.88,147,3%,46%,5,149,7,0,5%,1%,1.93,1.64,1.54,6.77,0%
DZ00684,Birkbrae East,Aldmoor,858,542,59,4,1,1,1,80,111,25,104,796,135,342,23%,196,18%,99,326,303,355,178,32%,8%,167,79%,4.12,292,9%,14%,33,394,37,12,12%,3%,1.9,3.11,2.97,10.88,2%
DZ01450,Strathdale South,Eskbrae,957,614,443,28,6,3,2,320,357,243,757,1455,742,1133,17%,158,13%,81,137,224,528,115,20%,7%,113,88%,4.97,133,5%,39%,27,254,23,4,9%,1%,1.14,1.41,1.8,3.01,0%
DZ00716,Newbank,Drumlarach,762,512,1195,75,15,8,4,1203,1303,760,1146,862,1230,574,7%,51,5%,24,88,116,190,110,19%,6%,103,86%,5.72,78,4%,45%,12,179,45,7,16%,2%,2.71,3.14,2.91,11.52,3%
DZ00185,Langlaw,Corriebeg,766,496,1553,98,20,10,5,1525,1575,1590,1499,470,661,1132,1%,8,1%,5,58,54,43,69,5%,3%,51,92%,6.12,108,1%,50%,20,282,23,0,7%,0%,3.63,4.37,2.94,11.98,5%
DZ00534,Kilmuir Central,Brackenlaw,780,513,256,16,4,2,1,342,312,226,106,504,502,1181,16%,125,14%,72,129,158,101,141,23%,8%,99,81%,4.26,308,12%,18%,18,408,21,2,10%,1%,3.68,3.67,3.57,15.46,3%
DZ00082,Melburn West,Aldmoor,942,549,481,31,7,4,2,608,373,795,379,76,1545,1454,13%,121,13%,71,122,73,166,106,18%,4%,81,84%,4.75,254,7%,19%,0,149,4,0,4%,1%,6.17,6.65,5.53,22.57,8%
DZ01083,Newlea South,Eskbrae,637,402,390,25,5,3,2,346,647,231,199,1344,120,746,19%,118,10%,40,184,204,242,154,25%,7%,197,82%,4.51,279,9%,22%,33,379,47,8,8%,3%,1.38,1.54,1.33,6.27,0%
DZ01507,Glenlaw North,Glenhaven,897,551,315,20,4,2,1,428,262,536,325,118,1001,912,15%,134,15%,83,136,134,130,105,22%,7%,125,83%,4.46,240,9%,25%,15,246,37,6,8%,2%,5.35,6.45,5.14,23.02,6%
DZ01426,Craighaugh North,Glenhaven,860,562,170,11,3,2,1,254,237,23,203,830,641,404,19%,160,16%,88,233,410,367,237,31%,7%,181,81%,4.3,325,6%,18%,15,279,40,6,14%,3%,1.79,3.18,2.11,9.98,3%
DZ01025,Whinfield North,Glenhaven,872,582,1341,84,17,9,5,1329,1309,1305,1148,1328,876,1117,4%,31,4%,21,118,82,84,93,12%,5%,81,89%,5.71,149,4%,46%,12,241,34,4,6%,2%,1.73,2.23,0.89,8.63,2%
DZ00369,Langdale Central,Aldmoor,776,479,1246,78,16,8,4,1211,1275,880,1491,539,1337,271,6%,45,5%,23,97,63,44,74,18%,6%,112,92%,6.04,57,0%,56%,10,87,53,9,16%,4%,3.54,2.85,2.14,12.91,5%
DZ00053,Lochanford Central,Brackenlaw,613,406,798,50,10,5,3,942,1029,674,859,142,1141,355,11%,67,8%,32,101,121,125,105,19%,5%,110,85%,5.46,135,5%,39%,10,296,43,12,17%,3%,5.77,6.17,5.17,20.32,7%
DZ01231,Branmains West,Harlawmuir,923,611,1354,85,17,9,5,1419,1210,1452,1346,639,959,987,2%,22,6%,35,66,76,38,73,14%,5%,65,90%,5.96,84,2%,46%,19,244,21,4,10%,2%,3.1,3.06,2.69,12.47,3%
DZ00421,Craigbank North,Corriebeg,946,630,455,29,6,3,2,446,518,403,316,980,300,1014,16%,152,12%,77,96,191,145,102,23%,6%,137,82%,4.84,256,7%,19%,36,351,41,0,8%,1%,2.64,3.1,2.53,10.24,3%
DZ01143,Duncraig South,Glenhaven,918,537,1120,70,14,7,4,972,1177,1163,1070,927,1075,588,9%,79,7%,39,85,66,91,59,15%,5%,83,87%,5.06,155,3%,40%,15,213,54,8,13%,2%,2.49,2.55,2.75,7.56,1%
DZ01348,Rossdale North,Glenhaven,766,490,1391,87,18,9,5,1397,1400,1228,1446,800,559,1461,4%,29,2%,10,53,55,39,83,16%,7%,89,92%,6.34,73,2%,46%,24,342,10,1,9%,0%,2.71,2.9,3.19,10.28,1%
DZ01298,Strathlea West,Fallinmuir,883,536,399,25,5,3,2,449,238,668,487,1049,115,678,15%,136,17%,89,113,95,50,101,18%,7%,121,86%,5.07,225,6%,34%,43,460,35,7,11%,2%,2.19,2.53,2.29,8.37,1%
DZ01077,Fernhaugh Central,Harlawmuir,681,404,1295,81,17,9,5,1369,1449,1218,1078,389,328,1397,2%,11,1%,4,59,57,71,77,15%,5%,77,89%,5.39,108,5%,41%,33,287,17,1,2%,1%,4.0,4.1,2.98,14.34,5%
DZ00876,Fernmuir Central,Harlawmuir,829,501,603,38,8,4,2,368,733,491,837,1465,221,268,16%,136,12%,61,113,118,106,108,23%,3%,104,86%,5.22,149,7%,41%,32,393,44,7,14%,2%,0.56,1.54,0.54,5.64,0%
DZ00463,Dunfield South,Corriebeg,922,583,99,7,2,1,1,182,137,181,42,611,17,1399,19%,179,19%,110,118,318,163,165,26%,7%,99,81%,3.93,302,11%,13%,45,502,18,1,1%,0%,3.6,3.19,3.59,11.95,3%
DZ00575,Glenholm North,Brackenlaw,842,572,361,23,5,3,2,307,485,387,252,1450,59,464,19%,161,12%,66,99,143,192,104,22%,6%,93,82%,4.3,257,10%,24%,43,422,55,8,14%,3%,1.39,1.15,1.6,5.57,0%
DZ00062,Glenhill West,Corriebeg,989,638,1496,94,19,10,5,1489,1437,1567,1285,315,1583,1189,4%,40,3%,17,49,42,62,72,9%,5%,55,88%,5.98,143,2%,44%,0,13,11,4,6%,2%,3.64,5.05,4.08,16.5,6%
DZ00047,Brangate Central,Aldmoor,882,595,105,7,2,1,1,155,108,195,327,120,469,249,22%,197,17%,99,202,120,170,121,26%,7%,177,87%,4.62,248,7%,28%,30,264,60,8,15%,3%,5.52,6.22,5.18,21.77,8%
DZ00113,Langmuir Central,Drumlarach,902,543,1317,83,17,9,5,1360,1194,1480,918,1024,940,1519,3%,24,7%,40,56,57,60,58,13%,3%,67,86%,5.65,107,5%,46%,22,232,8,0,1%,0%,2.84,2.59,2.04,6.18,2%
DZ01111,Invermuir Central,Harlawmuir,882,585,834,53,11,6,3,652,730,1309,1135,350,1210,565,14%,121,8%,47,70,84,89,75,14%,7%,69,90%,5.54,156,4%,44%,12,187,48,10,15%,2%,4.9,4.18,3.95,14.04,4%
DZ00905,Kintoun North,Glenhaven,1040,660,1070,67,14,7,4,994,867,975,1239,1292,1192,1059,9%,98,7%,48,122,97,64,87,16%,6%,96,89%,5.56,165,3%,45%,17,207,20,3,7%,2%,1.55,1.55,1.38,6.39,2%
DZ00514,Glenmains West,Drumlarach,798,526,277,18,4,2,1,153,359,216,582,1143,92,236,19%,151,13%,70,212,242,154,113,23%,7%,143,85%,4.98,169,7%,32%,38,450,61,10,15%,3%,2.04,2.28,1.47,5.58,2%
DZ01389,Birkhill,Glenhaven,701,468,310,20,4,2,1,326,227,512,261,815,207,1306,16%,112,13%,60,142,137,106,129,17%,8%,123,82%,4.63,262,9%,22%,34,381,28,1,4%,1%,2.03,3.49,1.6,10.09,2%
DZ00101,Kinshaws East,Corriebeg,715,430,1149,72,15,8,4,1206,1273,796,1303,433,926,345,7%,48,5%,21,106,90,90,102,18%,8%,99,93%,5.76,108,2%,54%,19,208,53,4,15%,3%,3.88,4.45,3.58,13.59,5%
DZ01410,Birkwood Central,Eskbrae,601,384,239,15,3,2,1,94,260,523,209,1523,277,105,19%,114,15%,58,122,157,101,117,23%,6%,120,81%,4.06,272,8%,25%,41,362,60,12,14%,2%,0.93,1.21,1.24,3.0,0%
DZ01249,Killea,Eskbrae,889,536,393,25,5,3,2,491,314,173,537,1346,395,214,13%,114,11%,62,131,200,232,122,26%,8%,127,83%,4.97,191,8%,26%,24,383,60,8,18%,3%,1.52,1.78,1.21,3.97,1%
DZ01061,Dungate North,Glenhaven,850,559,512,32,7,4,2,596,231,782,585,1291,999,117,11%,97,14%,81,103,89,67,92,17%,6%,120,85%,4.8,178,5%,19%,9,198,75,14,21%,3%,1.65,1.41,1.34,8.98,2%
DZ01240,Craigburn East,Harlawmuir,802,485,1488,93,19,10,5,1446,1491,1568,1507,96,1503,1073,3%,24,2%,8,45,37,57,62,7%,5%,58,90%,5.91,95,1%,51%,2,101,31,4,13%,1%,5.09,6.39,5.27,20.55,9%
DZ00726,Kilgate South,Aldmoor,565,358,815,51,11,6,3,913,856,856,626,657,796,1119,11%,62,8%,28,87,94,211,108,20%,3%,96,83%,5.21,215,4%,36%,24,333,37,4,10%,3%,2.9,2.72,2.81,13.81,3%
DZ00444,Inverwood Central,Aldmoor,932,548,622,39,8,4,2,906,536,307,953,130,1264,1511,9%,80,12%,67,133,216,248,124,22%,5%,122,87%,5.27,156,4%,38%,7,166,10,0,1%,0%,5.78,6.46,5.28,20.82,8%
DZ00303,Torlaw North,Corriebeg,768,504,887,56,12,6,3,943,999,841,981,806,151,388,9%,69,9%,45,92,135,192,115,15%,6%,100,86%,5.64,168,5%,40%,36,379,62,7,15%,3%,2.86,3.5,2.83,11.63,2%
DZ00244,Melcraig Central,Aldmoor,726,483,639,40,8,4,2,645,1097,666,225,141,1494,568,12%,85,6%,29,138,105,85,110,21%,6%,80,85%,4.36,251,9%,19%,0,133,43,9,10%,2%,5.37,6.63,5.31,22.02,7%
DZ00033,Ashbrae North,Drumlarach,758,483,1535,96,20,10,5,1434,1562,1333,1369,1514,1429,1526,1%,8,1%,5,71,90,68,90,12%,6%,60,92%,6.0,78,2%,52%,6,142,4,0,2%,0%,1.43,0.71,1.08,3.0,0%
DZ01154,Ashside East,Harlawmuir,893,573,438,28,6,3,2,514,484,531,745,190,376,359,16%,140,11%,61,138,79,146,105,22%,7%,91,84%,5.25,190,4%,46%,29,342,61,11,13%,3%,5.22,5.97,5.35,17.68,9%
DZ01101,Dungate North,Glenhaven,875,566,1032,65,13,7,4,953,1253,865,635,1275,461,1058,11%,97,5%,28,93,123,88,107,19%,4%,101,85%,4.69,214,5%,30%,28,289,41,3,10%,1%,2.11,1.93,1.95,6.84,2%
DZ00649,Rosshill East,Aldmoor,588,347,164,11,3,2,1,151,230,253,173,501,140,479,19%,109,14%,48,126,166,313,91,22%,8%,137,82%,4.44,287,9%,18%,36,432,41,7,14%,2%,3.8,4.08,3.19,13.0,4%
DZ00942,Kinlea Central,Glenhaven,642,396,1142,72,15,8,4,1222,964,897,1269,1203,611,1427,5%,32,8%,30,97,115,83,59,20%,4%,115,88%,5.68,135,2%,40%,30,291,15,0,6%,1%,2.17,1.73,1.74,8.2,1%
DZ01452,Glenpark,Fallinmuir,856,532,1117,70,14,7,4,1125,1118,1174,697,1474,137,1583,7%,59,5%,28,65,117,136,86,16%,7%,90,88%,5.28,190,7%,37%,40,457,0,0,0%,0%,0.5,1.0,0.59,3.79,0%
DZ01180,Rossmuir West,Fallinmuir,758,470,1556,98,20,10,5,1506,1548,1587,1526,861,1430,603,2%,12,1%,5,48,38,50,55,7%,0%,56,90%,6.22,42,2%,55%,2,103,52,10,13%,2%,1.95,2.82,3.28,9.96,2%
DZ00688,Kilgate North,Aldmoor,888,558,176,11,3,2,1,201,115,583,206,730,21,1130,18%,157,17%,94,104,196,163,95,17%,8%,128,83%,4.48,262,8%,29%,54,457,50,3,12%,1%,2.62,3.25,2.43,9.05,2%
DZ00681,Glenbank West,Aldmoor,632,378,1517,95,19,10,5,1482,1572,1427,1502,364,1172,774,1%,6,1%,4,52,53,56,76,16%,5%,83,94%,5.76,113,1%,51%,12,213,54,5,10%,3%,4.2,5.13,3.34,16.12,4%
DZ00578,Langcraig North,Brackenlaw,715,441,1335,84,17,9,5,1361,1289,1105,1398,540,1385,1540,4%,28,4%,17,67,68,62,127,14%,8%,110,90%,6.01,77,0%,52%,10,18,7,0,2%,1%,2.97,4.05,2.9,11.07,3%
DZ00792,Dungate,Drumlarach,688,399,912,57,12,6,3,883,662,1101,1080,713,1138,1257,10%,70,11%,44,87,162,102,80,19%,5%,72,90%,5.24,197,4%,42%,11,192,23,3,8%,1%,2.72,3.27,2.69,10.82,2%
DZ00151,Newcraig East,Drumlarach,572,335,1091,69,14,7,4,978,885,1143,1388,1381,471,643,8%,47,9%,30,100,116,27,95,16%,8%,84,92%,6.11,107,1%,50%,32,301,49,3,10%,3%,1.05,1.39,0.5,4.5,0%
DZ00574,Strathgate West,Brackenlaw,742,432,298,19,4,2,1,352,519,209,51,1130,258,170,15%,112,10%,44,132,184,129,149,24%,10%,145,78%,4.21,363,11%,12%,32,398,67,13,18%,4%,1.94,1.93,1.61,4.2,1%
DZ00465,Torhill North,Corriebeg,1094,653,327,21,5,3,2,280,402,290,518,694,291,142,17%,189,12%,80,135,105,263,114,25%,8%,161,83%,4.58,247,5%,35%,32,325,57,11,21%,4%,3.23,3.36,2.85,10.43,3%
DZ00500,Langtoun Central,Brackenlaw,936,584,699,44,9,5,3,619,799,1031,513,1248,106,205,14%,130,9%,53,106,64,97,111,17%,7%,88,85%,4.65,257,6%,29%,37,415,65,12,17%,3%,1.19,1.86,1.93,5.44,0%
DZ00093,Kilburn West,Brackenlaw,707,444,1046,66,14,7,4,1042,1328,1136,1056,236,342,340,8%,57,6%,28,76,59,69,68,10%,5%,77,87%,5.68,203,4%,36%,37,332,59,11,12%,3%,4.52,5.42,4.82,16.48,8%
DZ00125,Newlaw North,Aldmoor,784,494,851,54,11,6,3,1267,690,921,972,45,1403,279,7%,55,9%,43,97,150,114,112,18%,6%,113,90%,5.14,164,4%,47%,6,117,48,11,14%,3%,7.23,6.73,4.98,23.68,11%
DZ01449,Strathdale South,Eskbrae,731,462,1090,69,14,7,4,1027,1075,1106,1235,1327,145,406,8%,56,4%,20,92,62,103,106,16%,5%,90,90%,5.61,112,3%,43%,38,454,51,12,13%,3%,2.12,1.98,1.39,3.85,1%
DZ01368,Inverford North,Eskbrae,662,418,143,9,2,1,1,132,163,202,156,1115,81,354,19%,129,16%,66,163,207,165,126,25%,6%,125,82%,4.49,274,9%,16%,34,433,58,11,18%,3%,1.91,2.49,1.85,9.02,0%
DZ00171,Langtoun,Brackenlaw,634,401,1383,87,18,9,5,1355,1421,1260,1399,323,1543,1140,4%,22,2%,6,69,59,67,80,13%,8%,80,89%,6.03,107,2%,47%,0,68,23,4,9%,2%,4.04,5.06,4.17,17.48,6%
DZ01134,Rossmains East,Fallinmuir,718,471,283,18,4,2,1,310,139,658,224,1546,6,919,17%,119,14%,67,96,149,119,102,18%,4%,87,85%,4.64,328,8%,22%,53,547,36,6,12%,3%,0.5,1.21,0.5,3.9,0%
DZ00051,Kilhaugh,Brackenlaw,565,353,465,30,6,3,2,946,348,420,433,94,745,1368,9%,51,14%,48,132,194,148,103,21%,6%,90,82%,4.88,198,8%,25%,19,193,21,1,5%,1%,6.15,6.8,5.58,23.77,8%
DZ01586,Dunmains Central,Glenhaven,842,508,1395,88,18,9,5,1436,1358,1251,1572,40,1572,1421,4%,36,3%,14,56,65,55,96,14%,3%,81,93%,6.68,80,0%,58%,0,12,12,3,5%,1%,6.43,7.43,5.6,25.62,10%
DZ01433,Rosstoun Central,Harlawmuir,728,428,823,52,11,6,3,1074,702,875,939,87,1495,1278,6%,45,8%,35,109,79,120,105,12%,5%,85,85%,5.38,149,4%,40%,0,112,27,2,6%,2%,6.67,6.51,5.43,23.29,8%
DZ00694,Dalcraig South,Brackenlaw,619,400,729,46,10,5,3,892,651,1036,276,824,1074,504,11%,66,11%,44,64,139,78,107,16%,6%,87,81%,4.55,222,8%,24%,8,157,56,5,16%,3%,2.94,3.23,2.56,9.01,3%
DZ00730,Birkmains Central,Aldmoor,861,532,905,57,12,6,3,1200,727,833,890,704,624,193,6%,55,9%,46,114,161,108,72,22%,5%,96,88%,5.4,119,6%,40%,15,242,62,14,16%,3%,3.26,3.1,3.04,10.75,2%
DZ01035,Torbank,Harlawmuir,638,416,926,58,12,6,3,1239,919,563,510,1100,810,476,5%,32,8%,33,105,129,180,101,20%,9%,90,86%,5.11,196,6%,28%,14,254,48,9,14%,2%,2.45,2.21,1.61,5.64,3%
DZ00715,Newbank,Drumlarach,696,437,789,50,10,5,3,965,825,555,425,1072,1115,928,10%,69,7%,30,114,134,137,129,18%,4%,101,80%,4.66,224,6%,28%,16,201,31,5,10%,2%,1.94,1.58,2.85,6.21,3%
DZ01378,Lochanmains Central,Fallinmuir,711,472,1017,64,13,7,4,662,1169,852,1417,1191,99,1060,10%,73,6%,28,83,81,81,84,18%,9%,92,92%,5.74,129,2%,48%,48,434,41,4,8%,2%,1.81,2.11,1.89,6.73,0%
DZ01064,Balside South,Glenhaven,854,508,811,51,11,6,3,710,774,1138,722,1043,508,639,12%,99,8%,40,80,86,60,117,16%,5%,85,87%,5.25,221,4%,41%,27,244,63,5,11%,3%,2.49,2.23,2.05,10.36,0%
DZ00712,Rossfield East,Drumlarach,730,468,1185,75,15,8,4,1279,1197,1140,592,1080,1184,1025,5%,33,4%,21,68,119,80,73,17%,3%,86,81%,5.29,168,6%,27%,15,180,54,5,10%,1%,2.25,2.28,2.25,8.37,3%
DZ00329,Langdale Central,Aldmoor,727,466,335,21,5,3,2,363,428,450,279,429,393,156,16%,119,12%,54,107,127,182,92,20%,7%,106,82%,4.43,249,6%,24%,33,334,68,10,14%,3%,3.96,4.58,4.01,15.68,5%
DZ00169,Rosscraig Central,Aldmoor,777,523,611,39,8,4,2,554,685,870,540,181,1456,821,12%,91,10%,52,102,73,58,84,17%,7%,97,82%,5.05,182,6%,33%,10,95,38,5,11%,1%,5.81,6.38,4.3,18.33,6%
DZ01287,Balholm North,Eskbrae,781,504,655,41,9,5,3,771,594,717,523,1040,670,55,14%,110,10%,52,116,146,119,120,18%,7%,101,84%,4.89,162,4%,32%,20,273,68,11,16%,3%,2.44,2.63,2.16,5.07,1%
DZ01088,Strathdale,Eskbrae,835,509,874,55,11,6,3,746,971,770,889,1398,229,762,13%,104,6%,31,84,118,139,102,17%,6%,83,86%,5.25,178,5%,40%,34,400,42,7,10%,2%,1.27,0.81,0.94,3.0,2%
DZ01000,Torshaws,Harlawmuir,737,435,1060,67,14,7,4,1126,1125,1326,855,158,1009,1557,8%,59,5%,22,48,77,67,78,10%,4%,84,87%,5.5,151,4%,42%,11,222,6,0,0%,0%,5.24,6.05,4.75,19.81,7%
DZ00423,Dunfield South,Corriebeg,885,563,475,30,6,3,2,377,396,748,381,1103,801,672,16%,138,10%,59,126,90,98,126,18%,3%,113,79%,5.06,229,9%,32%,29,280,40,10,11%,2%,2.04,1.77,2.78,4.9,1%
DZ01053,Glenmains East,Fallinmuir,460,299,911,57,12,6,3,872,766,772,950,1577,399,429,12%,56,9%,26,109,130,90,103,16%,5%,94,87%,5.01,128,2%,37%,29,340,66,10,17%,2%,0.5,0.5,0.55,3.0,0%
DZ01305,Langmains,Glenhaven,892,532,153,10,2,1,1,189,242,116,215,640,52,463,19%,167,13%,71,109,169,207,108,25%,9%,145,81%,4.83,253,10%,20%,36,449,51,10,13%,2%,3.06,3.19,2.68,10.63,5%
DZ00400,Lochanhaugh South,Drumlarach,911,594,431,27,6,3,2,513,407,331,264,1234,364,937,16%,148,13%,77,187,199,179,119,19%,8%,107,81%,4.23,280,8%,27%,27,402,43,7,9%,2%,1.22,2.04,1.27,5.47,1%
DZ00833,Dunlaw East,Harlawmuir,668,448,586,37,8,4,2,468,829,585,704,409,474,754,16%,107,7%,32,101,150,70,97,18%,5%,120,87%,5.19,184,9%,24%,29,351,39,7,11%,3%,4.0,4.21,3.2,12.74,4%
DZ00778,Whindale West,Brackenlaw,633,390,458,29,6,3,2,492,565,484,503,344,379,654,14%,90,12%,48,132,163,183,108,22%,6%,108,84%,4.78,246,6%,25%,23,332,46,10,9%,3%,4.24,4.37,4.11,17.77,7%
DZ00420,Mellaw West,Brackenlaw,736,456,1015,64,13,7,4,1143,1045,1071,696,811,262,1294,8%,55,9%,41,83,92,146,89,12%,6%,87,81%,4.88,174,5%,24%,30,380,25,4,7%,1%,2.38,2.63,2.51,8.69,2%
DZ00476,Balside,Drumlarach,741,503,1036,65,13,7,4,960,1202,814,886,996,786,657,11%,81,5%,27,76,179,210,98,17%,5%,89,85%,5.35,164,4%,38%,11,207,44,8,11%,2%,2.19,2.78,2.13,9.27,3%
DZ01454,Glenmuir West,Fallinmuir,841,553,1600,100,20,10,5,1600,1600,1585,1598,1417,1501,1103,1%,8,1%,6,42,51,31,60,9%,1%,60,96%,7.56,0,0%,69%,0,22,25,4,12%,2%,1.15,1.34,1.23,4.76,0%
DZ00618,Langcraig North,Brackenlaw,911,573,1399,88,18,9,5,1263,1445,1382,1465,196,1586,1531,5%,43,4%,23,62,86,44,72,12%,8%,66,91%,6.01,50,0%,56%,0,37,23,0,3%,0%,5.28,6.51,4.76,19.27,8%
DZ00714,Whinbrae South,Drumlarach,742,477,1175,74,15,8,4,1114,1281,785,1015,1425,1043,785,7%,50,3%,13,112,133,139,100,17%,7%,93,85%,5.52,135,4%,41%,21,191,52,5,13%,2%,1.3,1.31,1.19,5.54,0%
DZ00055,Glenholm East,Brackenlaw,625,399,665,42,9,5,3,687,639,860,725,621,448,620,15%,93,9%,38,106,121,84,104,14%,4%,85,88%,5.14,184,7%,30%,25,320,49,9,11%,2%,3.33,2.98,2.88,13.24,4%
DZ00643,Birkbrae East,Aldmoor,551,371,731,46,10,5,3,936,354,976,947,888,937,372,10%,53,13%,48,103,140,96,88,15%,5%,112,88%,5.72,205,5%,39%,15,218,46,8,11%,2%,2.53,3.06,3.26,9.51,2%
DZ01223,Torburn,Glenhaven,815,517,543,34,7,4,2,462,523,261,774,1421,600,611,12%,101,13%,69,131,214,205,138,25%,7%,148,86%,5.03,187,5%,30%,26,207,42,8,13%,3%,1.3,1.54,0.5,8.82,0%
DZ00973,Dalmains Central,Fallinmuir,904,556,1180,74,15,8,4,1235,921,821,1352,1361,1345,646,5%,43,9%,50,75,97,69,103,14%,7%,104,90%,6.44,87,2%,42%,8,142,47,5,11%,3%,0.87,1.0,0.92,3.4,0%
DZ00968,Birklea West,Eskbrae,857,521,918,58,12,6,3,1100,824,945,498,1149,874,742,11%,94,9%,48,103,167,88,121,22%,6%,77,82%,4.76,202,6%,32%,16,221,43,7,9%,1%,1.67,2.03,1.76,7.9,1%
DZ01058,Ashbrae,Fallinmuir,920,611,540,34,7,4,2,577,600,402,625,809,128,1468,13%,123,10%,62,153,158,156,117,16%,7%,124,84%,5.0,188,8%,41%,45,431,0,0,7%,0%,3.1,2.75,2.53,6.65,2%
DZ01173,Rossmains East,Fallinmuir,886,571,11,1,1,1,1,48,5,34,3,1009,370,255,27%,237,26%,146,285,228,220,220,27%,7%,199,73%,3.42,391,15%,0%,19,334,64,9,16%,3%,2.32,2.55,2.86,8.62,2%
DZ01164,Kinburn West,Eskbrae,624,409,128,8,2,1,1,239,101,88,64,1451,176,212,16%,99,18%,74,180,343,133,133,25%,9%,155,76%,3.99,319,10%,15%,38,433,54,9,18%,3%,1.33,1.33,1.52,3.78,0%
DZ00572,Glenpark North,Brackenlaw,789,508,349,22,5,3,2,651,148,237,437,605,512,1587,12%,94,16%,83,193,264,233,127,26%,9%,118,84%,5.01,194,7%,23%,28,224,0,0,0%,0%,3.52,3.54,3.27,13.52,4%
DZ00105,Kilwood Central,Corriebeg,587,371,1503,94,19,10,5,1570,1389,1231,1498,728,1166,1245,1%,6,5%,18,52,58,76,87,13%,5%,90,93%,5.96,93,3%,56%,6,163,31,5,5%,1%,3.29,3.16,3.02,9.19,4%
DZ00651,Kilhaugh West,Brackenlaw,761,456,166,11,3,2,1,379,154,80,32,1039,829,42,15%,115,19%,87,212,198,314,172,24%,11%,131,80%,3.72,350,13%,16%,13,245,78,15,24%,3%,1.93,1.81,2.63,9.88,3%
DZ01175,Strathpark East,Fallinmuir,701,461,1263,79,16,8,4,988,1187,1372,1329,1320,1367,522,11%,80,5%,22,81,56,68,84,12%,4%,61,87%,5.93,78,2%,44%,9,96,41,7,13%,2%,1.2,2.6,1.39,5.99,0%
DZ01012,Strathholm,Fallinmuir,928,610,25,2,1,1,1,24,54,13,89,671,114,235,29%,267,20%,122,257,355,1049,203,28%,9%,162,80%,3.85,242,10%,7%,36,406,63,10,18%,3%,3.13,2.48,1.93,8.07,3%
DZ00379,Strathlaw Central,Brackenlaw,710,437,1321,83,17,9,5,1333,1198,1019,1378,1060,1167,1585,6%,41,5%,20,89,121,157,95,17%,9%,80,90%,5.64,97,5%,47%,10,199,0,0,2%,0%,3.04,2.7,2.39,9.69,2%
DZ00590,Craighill,Corriebeg,919,620,366,23,5,3,2,212,272,239,399,1600,556,775,18%,167,14%,88,130,224,305,131,26%,8%,104,85%,4.74,252,6%,28%,23,379,46,5,9%,3%,0.5,0.5,0.5,3.0,0%
DZ00796,Birkford West,Drumlarach,869,564,1174,74,15,8,4,1084,1051,889,1326,1538,870,851,8%,71,6%,34,81,77,220,93,18%,7%,115,91%,5.82,95,2%,47%,16,139,25,8,13%,2%,0.5,0.5,0.51,3.0,0%
DZ00067,Kindale North,Corriebeg,805,471,790,50,10,5,3,877,791,677,865,1052,360,343,13%,103,10%,46,76,120,109,127,18%,6%,114,85%,5.23,187,4%,41%,37,302,55,10,13%,3%,2.0,2.74,2.42,6.89,2%
DZ00004,Fernford South,Aldmoor,664,416,959,60,12,6,3,924,1035,1141,1126,57,1423,1293,10%,64,8%,32,66,86,53,94,16%,6%,74,87%,5.65,130,3%,38%,5,50,6,3,2%,1%,5.93,6.93,6.21,19.92,10%
DZ00640,Birklaw South,Drumlarach,804,494,66,5,1,1,1,113,159,57,46,337,494,112,21%,171,15%,75,241,163,263,151,29%,7%,166,75%,3.65,290,13%,14%,36,303,67,6,18%,4%,3.89,4.81,4.05,14.52,6%
DZ01270,Whinhaugh North,Glenhaven,827,538,284,18,4,2,1,556,251,170,409,414,88,97,13%,112,12%,67,145,215,402,138,22%,7%,159,83%,4.64,250,7%,26%,36,520,82,12,23%,4%,3.73,5.04,3.23,16.36,6%
DZ01513,Rossside North,Harlawmuir,898,548,1095,69,14,7,4,956,1121,1234,857,305,1591,1497,7%,65,6%,31,73,75,58,81,15%,3%,76,86%,5.37,124,5%,33%,0,108,15,1,4%,0%,4.31,5.25,4.22,17.11,6%
DZ00825,Strathgate East,Glenhaven,784,519,936,59,12,6,3,824,802,867,914,1251,1298,1169,8%,62,9%,47,94,93,125,108,14%,6%,88,85%,5.61,160,4%,38%,11,128,25,5,10%,2%,2.11,2.19,1.21,4.29,0%
DZ01531,Torlaw East,Fallinmuir,702,461,369,24,5,3,2,438,406,428,363,397,731,53,13%,89,13%,59,128,96,188,142,19%,5%,135,81%,5.04,247,7%,29%,14,276,67,16,18%,3%,2.81,4.25,3.88,14.7,5%
DZ01022,Newmains North,Glenhaven,618,380,963,61,13,7,4,1087,1206,742,319,755,830,1163,8%,50,5%,18,98,65,147,94,22%,7%,121,83%,4.76,212,9%,23%,31,325,28,1,7%,2%,2.67,3.29,2.65,12.54,2%
DZ00989,Ashbank West,Glenhaven,747,500,600,38,8,4,2,603,440,527,1214,580,741,198,14%,102,11%,55,117,167,201,106,21%,7%,140,88%,5.58,177,1%,45%,22,226,61,11,18%,3%,3.3,2.8,2.62,11.17,3%
DZ00035,Ashlea North,Drumlarach,829,559,1409,89,18,9,5,1498,1409,1525,912,280,1386,1438,1%,8,4%,20,73,121,28,69,6%,7%,60,87%,5.24,198,4%,36%,7,57,23,1,6%,1%,4.15,6.39,4.71,17.58,5%
DZ01346,Langmains,Glenhaven,834,566,146,10,2,1,1,86,430,276,119,281,133,911,22%,182,11%,63,169,113,124,111,23%,10%,118,77%,4.26,271,10%,15%,36,345,37,4,10%,2%,4.31,4.81,3.9,18.97,7%
DZ01241,Newhaugh East,Eskbrae,777,471,463,29,6,3,2,142,788,648,496,660,1034,488,22%,173,7%,35,65,133,171,93,19%,6%,98,82%,4.99,205,7%,23%,19,259,55,6,13%,2%,3.86,3.69,2.48,10.14,3%
DZ00226,Langlaw,Corriebeg,921,614,1557,98,20,10,5,1579,1594,1354,1263,856,664,1236,1%,9,1%,6,66,44,106,76,12%,5%,67,91%,5.5,168,3%,53%,24,292,33,4,4%,2%,3.11,3.55,2.78,9.98,3%
DZ01526,Lochanshaws South,Eskbrae,801,505,1452,91,19,10,5,1424,1520,1250,1127,1202,918,1162,3%,27,1%,5,57,41,108,59,14%,3%,87,91%,5.43,140,1%,43%,22,169,28,3,5%,1%,1.85,2.16,0.8,5.63,2%
DZ00438,Dallaw North,Drumlarach,827,528,1112,70,14,7,4,840,1076,1364,1206,679,1156,1287,9%,73,5%,28,64,108,77,79,16%,3%,84,89%,5.66,128,3%,45%,21,259,21,7,6%,1%,2.93,3.41,3.17,11.56,4%
DZ00161,Kilhill West,Aldmoor,664,451,1372,86,18,9,5,1476,1387,1428,1430,36,1308,1323,2%,16,1%,5,74,37,34,74,12%,4%,77,89%,6.27,68,1%,48%,19,150,26,3,6%,1%,6.49,7.87,6.69,24.88,10%
DZ00257,Melwood West,Brackenlaw,956,596,828,52,11,6,3,705,751,712,893,1109,1472,469,14%,130,10%,61,120,123,143,92,17%,6%,119,87%,5.76,182,4%,39%,10,133,42,9,15%,2%,2.2,2.67,2.21,5.08,2%
DZ00077,Ashbank,Drumlarach,525,326,482,31,7,4,2,541,224,895,653,594,652,1276,15%,78,14%,45,107,112,76,91,18%,5%,123,84%,5.03,215,4%,32%,34,278,30,3,3%,0%,3.22,3.58,2.67,12.55,4%
DZ01200,Lochanburn West,Harlawmuir,612,403,473,30,6,3,2,523,620,507,452,67,1464,316,15%,93,13%,52,105,121,242,109,21%,5%,110,84%,4.79,212,7%,28%,0,90,57,7,16%,3%,6.46,7.07,5.68,24.48,7%
DZ00908,Langlaw North,Glenhaven,714,429,626,40,8,4,2,682,750,688,591,577,299,197,10%,71,9%,40,117,203,106,94,18%,7%,97,90%,4.91,218,5%,27%,28,336,74,12,16%,2%,2.86,3.72,2.96,13.48,5%
DZ00162,Kilhill West,Aldmoor,565,374,1151,72,15,8,4,1117,1200,890,1184,417,1565,697,7%,41,6%,23,81,83,52,127,18%,6%,110,91%,5.42,122,2%,42%,0,12,40,5,13%,2%,3.83,3.96,3.51,12.39,4%
DZ00898,Lochanfield South,Fallinmuir,811,501,1081,68,14,7,4,797,1094,1190,790,1549,754,1433,12%,94,8%,40,73,88,132,85,16%,7%,83,87%,5.0,184,4%,25%,20,278,21,0,2%,1%,1.2,0.53,0.5,3.0,0%
DZ00332,Dalpark East,Brackenlaw,600,374,505,32,7,4,2,589,643,718,467,174,419,1249,13%,77,10%,36,100,108,74,112,17%,5%,146,83%,4.72,214,8%,30%,26,306,27,2,5%,1%,6.36,6.05,4.77,18.52,6%
DZ00001,Whinburn North,Aldmoor,606,376,328,21,5,3,2,597,336,629,251,30,451,1284,12%,75,15%,57,124,59,112,103,18%,5%,129,81%,4.26,284,9%,18%,30,254,23,1,6%,2%,6.07,7.16,5.66,21.26,11%
DZ01139,Rossmuir West,Fallinmuir,756,447,1232,77,16,8,4,1194,1117,1327,967,942,1584,232,6%,48,6%,25,44,99,53,78,14%,6%,71,84%,5.44,186,4%,47%,2,56,51,7,15%,4%,2.15,2.49,2.19,8.7,2%
DZ01207,Ashburn East,Eskbrae,640,382,275,18,4,2,1,235,423,220,359,944,33,138,17%,110,12%,47,123,169,369,140,25%,9%,139,85%,4.78,237,6%,26%,45,465,71,12,19%,3%,2.56,3.04,2.38,6.86,1%
DZ01339,Fernmains North,Fallinmuir,949,643,978,62,13,7,4,1124,902,829,658,753,1502,430,10%,92,8%,53,84,69,192,97,18%,8%,95,86%,4.98,193,3%,35%,0,53,48,9,11%,3%,2.8,3.58,2.74,13.84,3%
DZ00804,Rossside South,Eskbrae,791,493,757,48,10,5,3,944,808,480,692,859,320,992,8%,59,9%,45,125,194,190,100,22%,9%,116,88%,5.0,216,6%,31%,30,347,29,2,11%,2%,2.13,2.57,2.17,4.43,3%
DZ00843,Rossside South,Eskbrae,635,374,358,23,5,3,2,263,633,469,82,1162,404,472,18%,117,10%,38,116,175,165,94,20%,6%,87,79%,4.06,334,11%,11%,30,387,54,7,12%,3%,2.04,2.49,1.39,8.75,0%
DZ00987,Birkwood East,Glenhaven,792,506,1567,98,20,10,5,1549,1593,1569,1439,462,1050,1575,1%,8,1%,5,70,32,46,58,6%,4%,64,90%,5.92,146,1%,51%,13,191,7,1,3%,0%,3.61,4.39,3.4,12.92,4%
DZ00675,Newbank,Drumlarach,1018,641,1534,96,20,10,5,1342,1483,1531,1508,1598,1212,1518,7%,71,2%,13,62,70,88,58,13%,2%,75,95%,5.91,63,0%,54%,9,178,1,0,0%,0%,0.5,0.5,0.5,3.0,0%
DZ00419,Mellaw West,Brackenlaw,743,468,1184,74,15,8,4,1043,1282,1091,1254,896,543,1472,8%,61,3%,13,104,103,102,98,15%,5%,106,91%,5.72,127,1%,44%,24,250,0,0,1%,0%,2.79,3.32,2.37,9.0,2%
DZ00596,Torholm,Drumlarach,888,566,927,58,12,6,3,982,958,1175,456,614,1301,540,11%,98,5%,29,81,78,151,72,14%,5%,78,84%,4.74,220,7%,35%,15,128,58,10,12%,2%,2.77,3.87,2.98,12.11,5%
DZ00265,Torlaw South,Corriebeg,797,482,1598,100,20,10,5,1598,1591,1598,1542,443,1372,1406,1%,8,1%,5,36,40,59,43,5%,0%,46,94%,5.92,55,1%,56%,0,143,20,7,7%,0%,3.82,4.24,3.47,14.41,6%
DZ01194,Ashside East,Harlawmuir,965,592,353,23,5,3,2,403,530,308,466,285,290,370,17%,161,12%,72,123,160,258,102,24%,6%,148,85%,4.79,201,7%,27%,35,369,73,6,18%,2%,4.5,5.87,3.73,17.64,6%
DZ00373,Langford East,Brackenlaw,784,520,883,56,12,6,3,1055,753,813,1527,25,911,946,10%,78,9%,46,79,130,85,109,13%,6%,116,94%,6.31,74,0%,57%,18,196,37,6,7%,1%,7.89,7.6,6.74,25.57,11%
DZ01582,Glenside,Glenhaven,704,476,1440,90,18,9,5,1474,1477,992,1460,696,783,1332,1%,7,2%,9,85,104,42,108,18%,4%,80,92%,5.91,107,1%,51%,29,155,23,4,7%,2%,2.88,3.82,2.63,9.72,3%
DZ00727,Lochancraig,Aldmoor,809,487,74,5,1,1,1,93,96,11,157,1502,163,703,22%,176,19%,94,340,391,555,207,31%,10%,216,81%,4.51,258,11%,15%,31,365,40,10,13%,3%,1.26,1.25,0.56,3.0,0%
DZ00386,Fernlea,Corriebeg,898,610,90,6,2,1,1,90,125,20,143,1426,536,111,25%,220,19%,119,340,451,443,148,31%,11%,202,78%,4.08,306,10%,17%,27,318,60,5,17%,3%,0.98,1.32,0.95,4.46,1%
DZ00840,Inverburn South,Harlawmuir,799,507,1489,94,19,10,5,1484,1556,1488,1258,203,1014,1588,1%,8,1%,5,79,92,25,66,10%,6%,78,91%,5.52,112,3%,44%,19,167,1,0,0%,1%,5.21,5.53,4.86,19.35,8%
DZ01244,Dundale Central,Eskbrae,791,506,953,60,12,6,3,861,1038,738,677,1227,1030,1248,12%,94,5%,27,104,94,333,107,18%,7%,115,85%,5.26,218,6%,28%,23,227,18,4,8%,2%,2.18,2.26,1.21,4.38,0%
DZ00313,Branford West,Drumlarach,737,464,768,48,10,5,3,493,910,904,763,1388,417,569,14%,102,10%,45,114,166,170,126,17%,5%,101,87%,5.02,174,5%,35%,23,277,60,3,13%,3%,1.1,0.71,1.35,7.36,1%
DZ00072,Newgate South,Drumlarach,709,482,1352,85,17,9,5,1309,1297,1423,1262,860,1424,492,2%,15,5%,26,54,36,56,65,14%,5%,67,87%,5.4,75,2%,40%,9,150,46,9,14%,3%,2.44,2.66,2.31,11.6,0%
DZ00360,Lochanhaugh South,Drumlarach,568,351,1126,71,15,8,4,1093,1136,925,1007,1261,1033,722,7%,39,4%,13,93,197,89,131,16%,7%,91,87%,5.43,230,5%,39%,12,230,35,8,10%,2%,1.88,1.77,1.24,6.96,1%
DZ00591,Rossford Central,Drumlarach,674,401,185,12,3,2,1,120,170,112,448,1305,304,382,22%,145,16%,65,199,203,401,159,28%,5%,199,86%,4.63,228,7%,27%,31,373,56,9,13%,3%,1.54,1.94,1.8,3.0,0%
DZ01080,Dalburn South,Harlawmuir,974,626,904,57,12,6,3,963,913,1189,604,293,1364,1470,8%,81,7%,45,61,67,49,73,15%,3%,72,87%,4.98,216,8%,37%,13,147,12,0,0%,0%,4.99,5.17,4.09,16.08,6%
DZ00695,Melfield South,Brackenlaw,891,529,536,34,7,4,2,849,426,638,228,970,446,425,11%,99,15%,77,125,148,107,108,19%,8%,103,83%,4.4,248,9%,26%,27,292,56,8,15%,2%,2.85,2.75,2.5,7.01,1%
DZ01446,Strathfield North,Eskbrae,973,594,1213,76,16,8,4,1336,899,1378,1021,1045,984,1223,3%,32,8%,50,64,58,31,63,10%,6%,85,85%,5.3,165,5%,40%,14,168,22,5,11%,0%,2.4,2.73,1.48,7.97,2%
DZ00606,Rossgate North,Aldmoor,874,539,308,20,4,2,1,435,155,343,416,385,931,889,15%,134,16%,88,139,105,109,111,19%,6%,105,81%,4.91,233,8%,26%,17,210,41,6,10%,2%,4.39,4.33,3.36,15.97,6%
DZ00333,Langford East,Brackenlaw,874,529,1531,96,20,10,5,1528,1498,1594,1432,171,1556,1340,1%,9,3%,17,35,49,39,51,6%,4%,55,91%,5.88,99,1%,54%,0,54,20,1,2%,1%,5.24,5.73,5.05,21.29,7%
DZ00607,Langlea Central,Aldmoor,890,579,360,23,5,3,2,269,550,426,323,982,134,288,15%,138,11%,63,169,132,120,92,22%,6%,105,82%,4.53,230,8%,21%,35,395,57,13,16%,3%,2.05,2.45,1.88,10.67,1%
DZ01491,Glenpark,Fallinmuir,711,414,1135,71,15,8,4,1003,1193,1130,1122,976,1091,309,10%,69,5%,20,75,71,173,88,13%,6%,101,88%,5.47,139,2%,40%,15,163,46,12,16%,3%,1.97,2.29,1.83,7.44,1%
DZ00542,Melwood,Corriebeg,773,464,76,5,1,1,1,129,129,132,34,864,27,61,23%,180,17%,80,160,90,242,130,23%,9%,128,77%,3.84,289,11%,14%,46,535,80,11,19%,3%,2.08,3.01,2.15,10.52,0%
DZ00808,Dunmains,Eskbrae,901,578,1023,64,13,7,4,927,1109,1124,583,1288,883,459,12%,112,6%,35,76,89,91,88,14%,5%,121,83%,5.18,185,8%,31%,9,319,56,10,10%,3%,1.53,1.8,2.01,6.49,2%
DZ00821,Whinwood South,Glenhaven,834,525,856,54,11,6,3,1212,619,908,815,591,435,644,5%,46,10%,51,85,83,105,103,18%,7%,103,84%,5.05,170,5%,37%,30,280,45,8,15%,3%,2.95,3.1,2.9,12.78,5%
DZ00454,Torcraig South,Brackenlaw,746,438,1094,69,14,7,4,957,1302,930,1223,268,1459,870,9%,71,5%,20,63,85,66,93,17%,7%,126,92%,5.81,121,2%,46%,0,80,39,7,15%,2%,5.05,5.9,3.76,18.41,8%
DZ00229,Langtoun West,Corriebeg,946,610,56,4,1,1,1,62,35,105,128,1030,174,412,23%,213,20%,122,173,277,473,147,27%,7%,139,81%,4.36,308,10%,19%,31,422,51,7,12%,2%,2.44,2.77,2.3,6.76,1%
DZ00179,Lochanlaw North,Brackenlaw,942,639,380,24,5,3,2,268,629,610,221,420,913,166,20%,187,9%,56,91,131,180,88,20%,6%,80,82%,4.43,260,9%,16%,14,223,58,7,24%,3%,3.78,4.01,3.88,16.7,6%
DZ00683,Birkbrae East,Aldmoor,759,473,775,49,10,5,3,729,922,709,869,491,644,960,9%,68,10%,47,93,65,196,96,17%,5%,110,86%,5.14,183,4%,38%,17,294,22,7,8%,2%,4.22,4.14,3.94,11.08,3%
DZ00042,Whinburn North,Aldmoor,765,481,258,17,4,2,1,278,606,299,114,21,1258,172,17%,130,11%,54,219,133,160,142,20%,6%,138,84%,4.48,298,10%,14%,13,108,54,14,18%,4%,6.55,7.76,6.34,28.47,11%
DZ00066,Ashpark North,Corriebeg,908,613,670,42,9,5,3,607,812,413,576,1106,637,1359,16%,146,9%,53,171,133,124,104,22%,6%,135,85%,5.44,196,5%,36%,18,315,12,4,6%,1%,2.38,2.05,2.01,9.78,1%
DZ00215,Fernlea North,Brackenlaw,987,576,468,30,6,3,2,581,399,335,515,748,651,515,11%,107,13%,76,179,121,199,141,23%,8%,116,87%,4.92,232,6%,29%,24,328,54,6,18%,3%,2.67,2.54,2.45,9.33,2%
DZ01576,Whintoun East,Fallinmuir,893,547,189,12,3,2,1,245,196,281,123,855,112,257,17%,156,16%,90,144,136,238,130,22%,6%,115,83%,4.19,301,10%,12%,51,381,58,8,13%,3%,2.74,2.86,2.97,9.33,3%
DZ00346,Fernlea,Corriebeg,701,455,130,9,2,1,1,134,91,222,184,1218,101,265,23%,159,19%,85,132,170,176,152,29%,7%,131,79%,4.34,267,10%,20%,41,450,62,7,15%,2%,1.84,2.03,1.82,7.03,1%
DZ00998,Langshaws East,Harlawmuir,745,463,676,43,9,5,3,744,495,733,1253,391,254,1304,9%,70,11%,53,144,126,107,82,21%,4%,125,89%,5.93,143,1%,49%,34,331,23,5,4%,1%,4.52,4.83,3.64,13.04,5%
DZ00119,Daltoun North,Drumlarach,725,457,615,39,8,4,2,485,786,391,1006,906,438,33,15%,106,8%,36,113,159,139,108,23%,7%,126,87%,5.79,101,2%,40%,22,352,81,15,20%,4%,2.01,2.9,1.46,6.91,2%
DZ00048,Brangate Central,Aldmoor,986,652,710,45,9,5,3,741,557,1088,911,274,1061,958,12%,119,11%,72,90,56,46,94,13%,6%,91,88%,5.53,168,7%,34%,12,231,30,6,9%,2%,4.75,5.43,4.21,20.26,6%
DZ00377,Glenfield,Brackenlaw,724,466,1329,84,17,9,5,1323,1211,1334,1270,574,1359,1596,3%,23,4%,19,50,92,50,81,11%,5%,88,86%,5.63,123,3%,46%,2,151,0,0,0%,0%,3.26,3.51,2.37,13.27,3%
DZ00531,Dalholm,Brackenlaw,799,533,14,1,1,1,1,41,11,40,16,154,558,98,23%,183,21%,111,160,205,254,197,27%,9%,143,75%,3.33,337,13%,5%,30,259,71,12,17%,3%,5.72,5.91,5.17,19.88,8%
DZ00788,Fernmuir,Corriebeg,922,606,869,55,11,6,3,539,892,993,1158,1402,728,106,12%,113,8%,46,103,112,74,92,14%,5%,114,89%,5.56,152,3%,48%,21,248,67,14,21%,5%,1.56,1.88,1.09,3.42,1%
DZ01030,Ashbank West,Glenhaven,1136,744,1022,64,13,7,4,1136,920,1265,1094,256,1321,238,6%,63,8%,59,64,45,97,71,11%,3%,96,91%,5.71,166,3%,49%,6,168,58,7,16%,3%,4.82,5.84,4.46,18.98,7%
DZ00008,Brangate Central,Aldmoor,858,539,779,49,10,5,3,973,1049,613,641,99,1380,437,8%,71,8%,45,151,175,119,103,18%,4%,100,84%,5.33,207,4%,31%,6,192,50,6,15%,3%,4.82,6.13,6.1,23.6,8%
DZ00597,Kinmains Central,Drumlarach,823,542,1369,86,18,9,5,1322,1215,1253,1450,1334,908,1487,3%,25,5%,28,68,70,66,63,15%,5%,96,92%,6.13,72,1%,53%,13,263,11,0,3%,0%,1.44,2.35,1.33,3.0,1%
DZ01447,Langhaugh East,Eskbrae,666,445,1350,85,17,9,5,1503,1095,1212,1428,924,422,1398,3%,22,6%,25,79,94,50,76,11%,4%,85,90%,6.08,114,1%,46%,18,298,27,0,7%,1%,2.69,2.95,2.01,8.42,1%
DZ00677,Melpark North,Drumlarach,993,620,1411,89,18,9,5,1384,1332,1335,1487,904,956,1449,5%,50,3%,21,71,97,86,81,13%,3%,67,92%,6.11,66,1%,51%,20,149,11,0,5%,1%,2.77,3.2,2.75,12.15,2%
DZ01425,Craighaugh North,Glenhaven,837,503,60,4,1,1,1,30,120,73,76,1435,118,231,24%,200,16%,80,227,113,468,130,28%,7%,131,79%,3.81,330,8%,13%,45,399,75,10,15%,3%,0.98,1.48,1.57,3.12,0%
DZ00600,Birklaw South,Drumlarach,1085,677,140,9,2,1,1,300,63,163,86,1062,640,140,17%,182,18%,125,107,277,415,113,25%,9%,143,78%,4.04,277,11%,22%,20,278,66,10,14%,4%,2.3,2.56,1.4,4.15,4%
DZ01123,Kinburn West,Eskbrae,950,615,280,18,4,2,1,253,248,381,226,1238,222,410,18%,167,14%,86,119,211,161,113,22%,6%,142,79%,4.87,258,9%,19%,41,373,51,8,14%,3%,1.73,2.23,1.84,3.22,3%
DZ00406,Lochanlea Central,Aldmoor,848,538,122,8,2,1,1,193,243,118,55,355,284,820,22%,184,13%,72,174,139,306,144,25%,8%,129,80%,4.09,335,11%,7%,23,323,37,6,9%,2%,4.6,4.37,4.02,14.44,5%
DZ00154,Langmuir Central,Drumlarach,831,501,266,17,4,2,1,406,319,72,131,812,497,1111,18%,146,13%,63,215,189,422,182,29%,7%,142,81%,3.94,309,11%,14%,30,290,33,6,9%,1%,2.43,3.16,2.84,7.45,3%
DZ00248,Glenholm,Aldmoor,816,519,421,27,6,3,2,501,490,349,315,529,568,791,17%,136,13%,66,129,198,158,122,22%,8%,137,86%,4.57,216,8%,26%,18,249,48,9,14%,3%,2.18,4.33,3.44,11.09,5%
DZ01238,Fernside,Harlawmuir,469,274,679,43,9,5,3,807,949,259,896,211,1160,561,9%,44,9%,25,155,167,85,124,21%,8%,128,83%,5.29,154,4%,37%,13,149,39,9,15%,3%,4.72,5.51,4.76,20.0,6%
DZ00235,Lochanburn North,Drumlarach,685,402,928,58,12,6,3,966,880,682,1008,1199,658,834,9%,64,10%,41,137,144,145,86,19%,5%,130,87%,5.65,136,6%,38%,28,222,31,2,9%,2%,2.19,2.36,1.0,6.39,1%
DZ00586,Mellea,Corriebeg,1079,689,813,51,11,6,3,735,747,801,908,1182,582,1084,11%,124,9%,59,94,90,107,97,16%,8%,104,85%,5.54,177,3%,34%,26,247,27,5,5%,1%,2.48,1.66,1.97,8.82,1%
DZ00733,Birklea South,Brackenlaw,760,483,521,33,7,4,2,660,301,997,367,1213,343,365,12%,89,15%,72,87,164,112,96,16%,6%,88,81%,4.51,214,7%,25%,30,365,49,10,13%,3%,1.75,2.12,1.03,4.73,0%
DZ01377,Lochanmains Central,Fallinmuir,721,419,1080,68,14,7,4,1142,846,1274,1236,428,1118,1160,5%,34,6%,27,68,69,61,77,12%,5%,80,91%,5.05,151,2%,44%,17,198,28,4,6%,1%,3.23,4.08,3.86,12.8,3%
DZ00933,Branhill,Fallinmuir,942,564,1312,82,17,9,5,1346,1179,1186,1412,1396,348,819,4%,35,6%,34,86,92,138,103,18%,6%,116,92%,5.48,107,0%,41%,21,302,66,6,13%,1%,0.67,1.4,0.78,3.32,1%
DZ00371,Dalpark East,Brackenlaw,695,456,646,41,9,5,3,576,537,878,1046,559,442,1110,15%,106,11%,51,83,82,157,82,18%,5%,106,84%,5.6,111,3%,39%,30,305,43,7,10%,1%,3.32,2.97,3.94,11.06,4%
DZ00370,Langdale Central,Aldmoor,860,513,1127,71,15,8,4,986,1241,1331,1333,410,321,454,9%,75,6%,31,66,72,94,74,13%,6%,67,91%,5.66,73,2%,42%,28,335,50,3,11%,2%,3.48,4.34,4.24,16.45,5%
DZ00554,Glenmains West,Drumlarach,783,466,249,16,4,2,1,242,383,313,187,981,8,208,18%,141,11%,52,155,157,245,148,23%,6%,117,81%,4.66,269,9%,19%,47,578,72,9,19%,3%,2.09,2.14,2.57,9.21,2%
DZ01248,Ashburn East,Eskbrae,821,521,248,16,4,2,1,366,286,83,135,1466,242,20,19%,159,15%,79,226,239,393,164,24%,5%,242,82%,4.54,251,8%,23%,32,296,82,12,25%,3%,0.98,1.42,1.03,3.0,1%
DZ00838,Strathmuir West,Harlawmuir,661,397,1221,77,16,8,4,1190,1355,1222,1108,482,878,826,6%,38,5%,20,81,99,109,97,17%,3%,81,89%,5.66,143,4%,35%,27,227,43,7,9%,2%,4.29,3.8,2.67,14.71,4%
DZ00562,Balburn Central,Aldmoor,745,473,1401,88,18,9,5,1488,1390,1332,1027,589,1268,1509,1%,8,4%,17,93,96,50,81,11%,6%,76,87%,5.49,149,5%,36%,21,130,3,0,3%,0%,3.19,3.72,3.45,9.38,2%
DZ00157,Kildale,Drumlarach,792,499,909,57,12,6,3,1005,1067,544,969,471,759,1102,9%,70,8%,38,114,103,136,114,20%,7%,113,87%,5.98,176,4%,40%,20,297,36,7,8%,1%,3.84,4.59,3.52,14.91,3%
DZ01445,Strathfield North,Eskbrae,613,365,553,35,7,4,2,535,696,649,354,926,152,964,13%,82,10%,38,112,76,214,115,19%,7%,80,84%,4.39,206,8%,33%,43,452,32,7,9%,2%,2.28,2.44,2.93,8.77,4%
DZ00690,Rosshill East,Aldmoor,803,517,69,5,1,1,1,104,79,28,144,1232,50,331,21%,171,17%,88,190,349,436,200,30%,10%,188,82%,4.6,283,10%,19%,43,467,63,11,16%,3%,2.13,2.31,1.12,5.94,2%
DZ00038,Ashbank,Drumlarach,971,650,578,37,8,4,2,642,713,751,495,250,378,1429,11%,111,9%,58,115,72,94,85,18%,3%,103,83%,5.01,195,6%,18%,31,300,11,0,6%,2%,4.64,4.72,4.52,19.77,5%
DZ00925,Dalshaws West,Eskbrae,606,396,445,28,6,3,2,387,371,318,552,1419,432,772,17%,104,13%,50,126,148,230,102,17%,7%,113,85%,4.93,201,6%,32%,25,367,33,4,12%,3%,1.04,1.34,1.16,3.91,0%
DZ01197,Melcraig South,Harlawmuir,674,458,582,37,8,4,2,543,640,533,311,793,1197,1504,14%,95,11%,48,112,124,126,126,18%,8%,140,79%,4.48,213,9%,28%,11,131,6,0,4%,0%,3.27,3.2,2.73,12.8,1%
DZ01404,Invercraig West,Eskbrae,805,523,342,22,5,3,2,264,457,541,301,460,674,473,18%,147,11%,56,82,224,191,121,18%,6%,112,79%,4.59,189,9%,27%,20,289,51,6,15%,2%,4.08,4.25,2.95,13.33,5%
DZ01575,Whintoun East,Fallinmuir,748,464,149,10,2,1,1,178,156,49,186,1219,794,239,18%,135,18%,84,216,173,302,154,30%,7%,184,80%,4.76,304,10%,23%,14,261,53,6,16%,3%,1.25,2.13,1.7,3.46,0%
DZ00895,Langbank Central,Fallinmuir,641,429,829,52,11,6,3,675,818,855,858,1311,764,924,12%,74,7%,32,89,86,227,97,17%,5%,86,88%,4.67,185,5%,35%,14,305,29,2,10%,2%,1.39,1.9,1.46,3.63,1%
DZ00521,Torholm West,Aldmoor,962,614,1277,80,16,8,4,1410,1397,1085,1172,240,747,1554,5%,45,3%,20,88,63,57,84,12%,3%,104,91%,5.54,146,4%,48%,27,260,1,2,0%,0%,5.02,5.76,4.18,17.49,6%
DZ00172,Langtoun,Brackenlaw,970,608,410,26,6,3,2,512,266,767,533,264,1067,731,16%,151,15%,91,79,151,114,94,21%,8%,93,86%,5.29,228,7%,28%,5,249,37,2,10%,3%,5.39,5.6,4.69,16.83,3%
DZ00734,Birklea South,Brackenlaw,460,296,1002,63,13,7,4,959,1009,746,1165,897,1003,712,9%,41,8%,23,108,219,297,93,20%,7%,81,93%,5.82,121,3%,48%,14,251,69,7,14%,2%,1.92,3.28,2.08,7.48,4%
DZ01493,Glenmuir West,Fallinmuir,611,409,1589,100,20,10,5,1550,1597,1589,1595,390,1491,1360,1%,6,1%,4,48,53,45,56,8%,3%,51,96%,6.5,0,0%,63%,3,65,21,3,6%,1%,3.85,4.49,3.75,15.41,5%
DZ01171,Lochanshaws West,Fallinmuir,747,502,45,3,1,1,1,28,25,120,110,1452,266,267,27%,201,21%,106,178,220,243,132,27%,9%,147,79%,4.25,266,9%,16%,31,372,62,11,12%,3%,1.29,2.03,0.52,4.46,0%
DZ00199,Newside East,Drumlarach,768,448,721,46,10,5,3,431,883,991,490,1368,726,594,14%,110,6%,27,73,135,187,75,14%,6%,85,83%,4.71,233,5%,32%,28,360,57,3,16%,1%,1.41,1.12,0.58,3.18,0%
DZ00546,Rossbank North,Corriebeg,887,576,1247,78,16,8,4,1357,993,887,1179,1444,1521,387,4%,39,8%,44,114,120,102,82,17%,5%,130,90%,5.87,118,3%,43%,2,82,36,9,13%,3%,1.51,1.27,1.25,3.0,0%
DZ00543,Daltoun West,Corriebeg,680,413,220,14,3,2,1,238,190,305,220,966,464,17,20%,136,15%,60,97,172,68,93,23%,5%,126,85%,4.39,231,8%,24%,30,371,91,17,20%,4%,1.97,3.26,2.28,9.86,2%
DZ00250,Kilhill East,Aldmoor,622,368,939,59,12,6,3,702,965,1089,1156,437,1222,1275,12%,73,8%,28,65,55,157,90,15%,6%,80,89%,5.36,116,2%,39%,2,203,20,3,7%,0%,3.75,3.65,3.32,13.47,6%
DZ00950,Dunmuir West,Glenhaven,742,495,1245,78,16,8,4,1259,1151,1374,923,615,1473,1221,5%,41,7%,33,54,84,97,74,12%,6%,86,87%,5.53,156,4%,42%,1,67,30,6,8%,1%,3.2,3.81,2.69,10.45,5%
DZ00219,Lochanlaw North,Brackenlaw,977,606,631,40,8,4,2,790,486,540,780,939,622,204,12%,116,11%,68,123,157,217,114,19%,5%,105,87%,5.04,128,4%,30%,26,261,66,9,20%,3%,2.34,2.84,1.48,9.12,0%
DZ01145,Dunbank Central,Glenhaven,737,486,496,31,7,4,2,478,658,383,535,739,426,87,16%,118,9%,45,119,136,190,100,23%,10%,142,86%,4.99,220,5%,28%,31,322,67,12,16%,4%,3.15,3.54,3.78,10.9,3%
DZ00280,Birkshaws North,Drumlarach,992,672,12,1,1,1,1,25,7,2,60,1044,468,47,26%,257,25%,166,334,599,1179,227,37%,11%,174,79%,4.03,283,11%,14%,30,361,80,15,21%,3%,2.44,2.52,2.02,6.44,3%
DZ00776,Newside South,Brackenlaw,782,489,319,20,4,2,1,276,564,91,65,1562,331,655,20%,156,10%,50,129,221,419,138,25%,7%,161,74%,4.02,302,8%,17%,30,367,45,9,11%,3%,0.5,0.63,0.77,3.0,0%
DZ01568,Balbank Central,Eskbrae,691,432,594,38,8,4,2,695,563,1002,663,287,515,221,11%,79,10%,43,97,98,98,109,16%,3%,104,85%,5.11,199,3%,31%,22,213,62,6,15%,3%,4.66,4.99,3.8,15.76,5%
DZ00110,Whinshaws West,Corriebeg,862,577,596,38,8,4,2,612,683,1008,138,932,632,516,13%,116,11%,61,87,114,56,80,17%,8%,94,82%,4.72,237,8%,20%,18,272,48,5,18%,2%,2.3,1.99,2.35,8.94,2%
DZ00911,Branbrae Central,Harlawmuir,460,275,1387,87,18,9,5,1249,1450,1425,1431,631,897,1013,6%,29,4%,12,70,82,105,62,11%,7%,82,91%,5.48,111,0%,51%,18,327,32,5,9%,1%,3.71,3.8,2.77,11.44,3%
DZ01544,Ashpark West,Glenhaven,749,443,1576,99,20,10,5,1556,1538,1579,1594,868,1259,671,1%,7,1%,6,61,34,25,67,8%,1%,53,95%,6.52,0,0%,62%,9,112,58,8,11%,2%,2.74,3.19,2.02,9.75,1%
DZ01317,Dungate Central,Harlawmuir,710,420,190,12,3,2,1,241,276,347,339,14,963,390,17%,123,14%,60,152,114,77,126,22%,7%,100,81%,4.9,252,9%,26%,22,261,49,11,16%,3%,6.96,8.17,6.31,26.66,11%
DZ01388,Lochanshaws East,Glenhaven,880,592,363,23,5,3,2,260,424,370,903,252,939,439,18%,156,12%,70,131,94,92,101,19%,8%,138,89%,5.39,166,4%,39%,21,247,41,12,15%,3%,4.96,4.8,4.56,20.94,6%
DZ00751,Dungate,Drumlarach,651,390,1340,84,17,9,5,1412,1155,1509,1132,1325,498,529,6%,38,7%,27,65,82,29,86,16%,2%,93,91%,5.44,150,2%,42%,27,443,54,9,14%,2%,1.23,1.97,1.23,3.01,1%
DZ01116,Rossfield North,Harlawmuir,559,346,1275,80,16,8,4,1415,1190,1456,1088,217,1113,1584,4%,24,5%,19,73,63,48,78,12%,5%,60,84%,5.68,135,3%,46%,10,67,1,1,0%,0%,5.19,5.81,5.53,19.44,6%
DZ01342,Rosslea East,Glenhaven,792,471,838,53,11,6,3,683,1053,644,511,1259,1073,1214,10%,78,6%,30,141,87,185,124,19%,7%,94,82%,4.94,207,7%,31%,11,237,22,3,4%,1%,1.28,2.32,1.38,5.54,3%
DZ01455,Birkfield East,Fallinmuir,950,627,1593,100,20,10,5,1593,1585,1588,1557,785,1425,1446,1%,10,1%,6,46,59,43,51,5%,2%,54,95%,6.19,53,0%,52%,0,154,26,2,5%,1%,3.0,3.19,2.38,9.64,2%
DZ00378,Glenfield,Brackenlaw,806,546,1471,92,19,10,5,1403,1366,1426,1518,1157,1428,1164,3%,22,3%,17,67,65,44,78,15%,5%,74,92%,6.32,67,2%,46%,4,113,28,3,4%,2%,2.04,2.78,2.3,6.19,2%
DZ01412,Strathside West,Fallinmuir,1035,600,1404,88,18,9,5,1375,1301,1209,1549,847,1294,1184,1%,13,2%,13,74,77,77,79,14%,5%,91,91%,6.23,73,2%,58%,4,191,32,4,8%,2%,3.04,3.02,2.2,6.16,1%
DZ00604,Birkmuir South,Aldmoor,998,581,261,17,4,2,1,200,183,159,462,1132,1028,456,21%,209,16%,93,173,190,160,154,24%,8%,126,82%,4.91,208,8%,30%,15,220,57,7,14%,3%,2.17,2.32,1.81,5.43,3%
DZ00069,Kilcraig North,Corriebeg,833,557,566,36,8,4,2,604,649,230,699,983,686,203,11%,89,8%,45,164,245,146,121,23%,9%,91,88%,5.06,203,6%,27%,18,166,66,13,19%,3%,2.26,2.19,2.73,11.56,0%
DZ01321,Fernmuir North,Eskbrae,1155,783,110,7,2,1,1,100,105,580,90,878,28,384,23%,261,17%,134,106,130,149,111,19%,8%,131,77%,3.95,318,11%,14%,43,484,59,9,15%,2%,2.89,3.28,2.35,10.26,1%
DZ00187,Glenford West,Corriebeg,561,374,1362,86,18,9,5,1458,1342,1113,1284,1019,1026,259,1%,6,5%,18,107,94,142,96,18%,6%,84,89%,5.48,100,1%,40%,17,181,65,11,15%,3%,2.36,2.4,2.91,9.93,0%
DZ01147,Rossholm South,Glenhaven,535,358,1292,81,17,9,5,1297,1320,1385,765,808,1381,1176,7%,37,3%,12,59,75,64,59,10%,7%,94,84%,5.05,212,5%,34%,3,48,35,4,6%,1%,2.38,2.59,2.83,10.74,3%
DZ01187,Rossholm South,Glenhaven,953,635,1243,78,16,8,4,1216,1085,1356,1321,457,1426,1076,6%,56,6%,41,55,62,31,68,14%,2%,96,87%,6.1,119,2%,45%,5,107,27,5,10%,2%,2.93,4.55,3.34,12.12,6%
DZ00639,Birklaw South,Drumlarach,748,491,743,47,10,5,3,985,836,490,434,973,433,690,9%,67,8%,40,111,145,300,123,23%,6%,119,85%,4.65,228,6%,30%,22,327,35,6,11%,2%,1.67,2.6,1.76,7.89,0%
DZ01046,Kinlaw West,Eskbrae,475,288,754,48,10,5,3,444,918,444,971,1571,562,258,16%,74,6%,16,99,121,90,115,23%,7%,135,86%,5.17,172,4%,31%,27,325,60,7,16%,2%,0.5,0.5,0.5,3.0,0%
DZ00941,Kinlea Central,Glenhaven,634,412,1098,69,14,7,4,991,1283,1180,659,1050,580,1267,10%,66,4%,18,72,63,73,92,14%,4%,95,82%,5.15,205,8%,32%,27,247,19,3,4%,2%,1.73,2.39,1.68,7.98,3%
DZ01243,Dundale Central,Eskbrae,821,492,875,55,11,6,3,748,888,1001,729,1124,976,705,12%,96,9%,43,124,57,74,88,19%,4%,72,83%,5.12,196,5%,36%,16,255,40,6,13%,2%,1.8,2.25,1.63,8.91,2%
DZ00771,Strathbank North,Brackenlaw,829,542,1544,97,20,10,5,1516,1552,989,1576,1384,1544,847,3%,22,1%,5,91,126,99,91,16%,7%,99,94%,6.21,17,0%,63%,0,46,43,4,11%,2%,0.5,1.74,1.33,5.16,1%
DZ01295,Ashbrae Central,Fallinmuir,929,543,541,34,7,4,2,640,299,727,853,1255,67,871,12%,108,14%,77,125,129,151,88,19%,5%,99,88%,5.29,177,5%,34%,44,470,42,6,9%,2%,2.07,2.08,1.59,5.8,1%
DZ00758,Balpark East,Drumlarach,861,564,396,25,5,3,2,227,801,350,615,306,335,560,20%,169,9%,51,162,336,177,135,23%,7%,143,88%,4.82,192,7%,31%,33,390,50,6,15%,3%,4.81,4.88,3.65,17.1,6%
DZ00749,Strathmuir South,Corriebeg,714,458,973,61,13,7,4,921,976,1044,671,1366,526,962,8%,59,5%,25,125,52,78,113,15%,6%,109,84%,4.74,175,5%,41%,21,353,44,5,12%,2%,1.57,1.81,1.61,4.01,0%
DZ01051,Fernshaws West,Fallinmuir,917,597,6,1,1,1,1,5,9,8,20,1324,319,734,33%,301,22%,130,346,307,672,229,30%,10%,160,77%,3.83,377,12%,4%,32,409,41,8,10%,2%,1.6,1.84,1.55,3.0,1%
DZ01132,Lochanshaws West,Fallinmuir,596,357,131,9,2,1,1,108,97,70,341,1467,161,397,22%,133,17%,62,193,310,514,190,26%,11%,142,85%,4.6,241,7%,31%,33,436,52,11,10%,3%,0.83,1.28,0.55,3.0,0%
DZ01394,Rosstoun Central,Harlawmuir,1022,615,91,6,2,1,1,255,43,246,127,331,215,52,19%,192,19%,117,128,207,101,128,19%,9%,166,83%,4.17,295,10%,20%,43,249,87,13,19%,4%,5.0,5.23,4.47,16.99,7%
DZ00805,Mellaw East,Eskbrae,878,540,1087,68,14,7,4,1238,1066,685,840,1487,584,468,6%,56,8%,45,99,108,115,104,19%,6%,92,88%,5.1,188,5%,41%,24,228,58,9,12%,2%,0.8,1.13,0.9,3.0,0%
DZ00285,Birkhaugh Central,Aldmoor,827,511,1228,77,16,8,4,1325,1182,1237,1218,423,587,1457,3%,29,5%,27,59,89,80,84,14%,6%,66,88%,6.01,95,4%,46%,23,299,19,4,9%,1%,2.87,4.57,3.72,14.85,5%
DZ00003,Fernford South,Aldmoor,829,557,624,39,8,4,2,1045,726,449,573,63,846,470,10%,82,9%,53,183,106,143,112,19%,4%,125,85%,5.11,209,5%,34%,26,269,50,7,13%,2%,6.24,7.36,6.49,24.61,10%
DZ00631,Rossford Central,Drumlarach,1167,686,340,22,5,3,2,558,273,223,189,1372,453,40,14%,163,13%,90,132,149,111,107,24%,8%,149,84%,4.41,248,8%,20%,27,331,88,16,23%,4%,1.1,1.69,0.8,3.0,1%
DZ00847,Dunmains,Eskbrae,906,606,1006,63,13,7,4,1067,1098,1164,405,736,1236,466,9%,85,6%,35,62,98,40,83,15%,4%,84,83%,4.57,241,7%,32%,14,146,38,8,15%,3%,2.42,3.12,2.58,11.11,1%
DZ00480,Dunside Central,Drumlarach,837,539,84,6,2,1,1,83,52,130,113,1430,121,818,22%,184,18%,95,144,275,534,143,25%,7%,232,78%,4.18,280,11%,15%,39,398,39,7,12%,3%,0.79,1.84,1.12,3.51,1%
DZ00563,Birkmuir South,Aldmoor,862,517,1359,85,17,9,5,1335,1291,1304,1280,526,1523,1597,4%,38,3%,17,116,68,50,94,11%,4%,79,91%,5.66,95,3%,46%,7,73,0,0,0%,0%,3.49,4.29,3.08,11.66,6%
DZ00005,Glenside North,Aldmoor,865,529,1143,72,15,8,4,1391,1270,1276,788,50,1161,978,6%,48,4%,21,110,46,131,83,14%,5%,69,88%,5.44,173,6%,30%,14,183,30,3,8%,1%,6.74,6.89,5.55,25.34,9%
DZ01571,Torlaw East,Fallinmuir,854,531,480,30,6,3,2,764,280,393,687,562,804,247,11%,92,15%,81,155,124,89,145,23%,7%,149,84%,5.16,180,6%,34%,24,258,57,10,17%,3%,3.19,3.25,2.84,14.71,4%
DZ00061,Glenhill West,Corriebeg,673,429,1499,94,19,10,5,1497,1551,1299,1555,139,1106,1339,3%,22,1%,4,80,70,72,66,12%,6%,69,89%,6.06,62,0%,60%,18,150,12,1,6%,1%,5.3,6.21,6.14,19.34,7%
DZ01011,Strathholm,Fallinmuir,889,558,2,1,1,1,1,3,2,3,4,1596,231,129,32%,283,30%,166,257,312,871,230,32%,9%,283,75%,3.09,422,15%,0%,30,258,60,12,22%,3%,0.5,0.5,0.5,3.0,0%
DZ01168,Ashdale North,Eskbrae,919,591,490,31,7,4,2,196,356,657,860,1461,1220,954,19%,172,12%,74,124,146,287,106,16%,6%,130,85%,4.95,167,5%,28%,3,70,42,6,9%,1%,1.41,0.5,0.69,3.0,0%
DZ00153,Langmuir Central,Drumlarach,978,662,1472,92,19,10,5,1543,1227,1471,1323,921,1265,1574,1%,13,5%,35,75,59,39,82,11%,6%,50,88%,5.38,111,3%,57%,20,204,1,0,1%,0%,2.41,2.26,2.5,7.78,1%
DZ01325,Langdale West,Eskbrae,673,398,752,47,10,5,3,769,996,564,364,1163,382,1253,11%,73,5%,21,120,132,171,147,19%,4%,97,81%,5.07,236,6%,32%,29,377,23,2,8%,2%,1.65,1.69,1.78,5.41,2%
DZ00104,Inverhaugh North,Corriebeg,628,388,1597,100,20,10,5,1596,1590,1554,1597,477,1335,1299,1%,6,1%,4,68,52,32,58,8%,3%,56,97%,7.28,3,0%,69%,6,168,24,4,7%,1%,3.57,4.26,3.74,14.76,5%
DZ01291,Torside,Fallinmuir,881,584,79,5,1,1,1,95,77,66,125,1140,217,79,21%,186,18%,108,171,188,648,142,27%,10%,150,79%,4.35,319,9%,18%,31,417,71,11,20%,3%,2.74,2.25,2.01,4.56,3%
DZ01546,Dunmains Central,Glenhaven,771,480,806,51,11,6,3,834,806,961,1272,382,90,903,11%,88,10%,50,93,180,159,96,19%,6%,94,89%,5.48,109,3%,40%,43,481,32,4,11%,1%,3.87,4.21,4.41,11.99,6%
DZ00528,Newshaws North,Aldmoor,531,349,229,15,3,2,1,206,297,463,331,180,456,548,19%,99,16%,56,123,239,86,124,22%,8%,90,84%,4.58,199,9%,27%,27,299,47,6,14%,2%,5.27,6.16,5.46,16.95,7%
DZ01279,Craigburn East,Harlawmuir,771,447,1405,88,18,9,5,1486,1399,1249,1463,179,1533,695,2%,13,3%,12,69,69,38,80,11%,4%,99,90%,6.07,135,0%,46%,0,37,38,8,16%,3%,5.5,6.13,4.87,19.5,7%
DZ01271,Branmains West,Harlawmuir,668,452,1003,63,13,7,4,669,1105,1132,1291,770,480,876,12%,79,4%,17,75,81,66,110,17%,5%,95,88%,5.89,107,2%,42%,19,372,41,7,12%,2%,3.51,2.6,2.98,13.03,4%
DZ00218,Melbank,Brackenlaw,716,416,83,6,2,1,1,70,86,143,88,1201,223,266,25%,179,19%,81,175,105,598,187,27%,9%,145,81%,4.25,307,10%,14%,34,330,65,11,16%,4%,2.03,1.46,1.67,9.19,0%
DZ00605,Rossgate North,Aldmoor,574,374,286,18,4,2,1,314,279,125,479,722,822,217,17%,98,15%,58,186,155,432,157,28%,10%,143,86%,4.84,230,6%,34%,22,280,61,11,19%,3%,3.59,3.26,2.4,11.5,1%
DZ01042,Mellaw North,Eskbrae,699,436,1380,87,18,9,5,1362,1377,1257,1111,842,1540,1486,4%,29,4%,18,69,89,120,83,13%,3%,85,87%,5.76,156,4%,41%,6,64,7,0,4%,0%,2.23,2.74,2.5,9.18,2%
DZ00787,Fernmuir,Corriebeg,703,472,590,37,8,4,2,766,534,823,253,664,767,786,11%,75,12%,57,92,69,141,106,17%,5%,73,79%,4.84,237,8%,23%,28,221,36,2,11%,2%,3.22,3.64,2.08,10.48,5%
DZ00324,Strathdale North,Aldmoor,547,357,1035,65,13,7,4,1247,1257,667,1066,126,789,1155,6%,32,6%,21,138,188,230,130,21%,5%,101,87%,5.36,149,4%,44%,19,278,32,4,7%,1%,5.47,6.99,5.54,21.16,9%
DZ00286,Birkhaugh Central,Aldmoor,656,411,238,15,3,2,1,466,203,268,287,286,63,677,17%,113,17%,70,142,342,245,103,23%,8%,119,84%,4.61,268,7%,23%,46,417,48,7,14%,3%,4.88,6.02,4.93,14.72,6%
DZ00489,Ashwood South,Aldmoor,1047,680,935,59,12,6,3,967,741,835,1011,542,1449,1537,11%,117,9%,61,81,95,156,93,17%,6%,126,89%,5.37,174,4%,43%,8,102,0,0,2%,0%,3.5,3.42,2.71,13.14,2%
DZ00263,Torlaw North,Corriebeg,823,535,690,44,9,5,3,614,848,560,983,810,324,161,15%,120,8%,42,111,98,123,79,25%,10%,104,86%,5.26,154,3%,39%,28,374,68,10,18%,3%,3.29,3.9,2.67,10.97,4%
DZ00202,Kilhill West,Aldmoor,1057,695,554,35,7,4,2,691,710,528,525,122,706,1475,11%,121,11%,76,111,163,109,99,20%,8%,139,85%,5.1,219,8%,27%,18,292,16,0,8%,0%,6.1,6.48,5.29,22.62,8%
DZ01059,Lochanbrae,Fallinmuir,533,347,511,32,7,4,2,677,547,175,521,1174,428,408,13%,72,10%,34,120,260,211,131,20%,9%,170,85%,5.03,205,6%,27%,19,245,59,9,11%,2%,1.18,2.72,2.39,7.16,1%
DZ00137,Kinbank South,Brackenlaw,1039,624,200,13,3,2,1,107,306,142,275,1054,421,396,20%,206,15%,95,151,209,323,125,26%,9%,113,86%,4.93,263,7%,25%,24,338,47,10,15%,2%,1.89,3.1,1.96,9.92,2%
DZ00632,Rossford Central,Drumlarach,711,454,477,30,6,3,2,382,665,574,500,472,447,417,17%,123,9%,42,101,105,402,101,22%,5%,100,85%,4.69,204,6%,34%,22,290,45,8,13%,3%,3.65,4.3,3.96,13.35,5%
DZ00902,Kinlea Central,Glenhaven,964,595,1168,73,15,8,4,1079,1304,1099,961,1161,571,963,8%,79,4%,21,89,74,55,94,17%,5%,66,86%,5.05,156,2%,35%,28,262,37,1,9%,2%,2.53,0.93,1.73,6.28,0%
DZ01124,Kinburn West,Eskbrae,683,399,339,22,5,3,2,284,509,475,348,403,636,45,16%,112,12%,49,241,94,183,105,20%,6%,115,83%,4.62,212,6%,19%,28,305,73,16,18%,4%,3.78,4.72,3.45,15.75,5%
DZ01566,Lochanshaws South,Eskbrae,708,424,1487,93,19,10,5,1459,1459,1294,1514,1033,1291,484,1%,7,1%,5,105,121,78,71,9%,5%,80,91%,5.72,75,0%,54%,11,197,51,12,13%,2%,1.82,2.34,1.38,9.49,1%
DZ01336,Ashbrae Central,Fallinmuir,774,525,1437,90,18,9,5,1422,1451,1282,1328,675,1093,1563,2%,19,2%,9,54,72,101,84,12%,4%,104,86%,5.58,147,1%,50%,19,162,16,0,5%,0%,2.36,3.56,2.64,11.27,4%
DZ01499,Dunholm East,Fallinmuir,821,552,1449,91,19,10,5,1565,1027,1397,1313,1013,1559,662,1%,8,8%,44,57,101,85,85,14%,5%,80,88%,5.72,127,3%,51%,0,31,33,4,13%,2%,2.64,3.06,1.33,8.19,1%
DZ00603,Birkmuir South,Aldmoor,873,518,890,56,12,6,3,1080,447,917,1186,1456,465,398,7%,64,13%,67,77,55,236,127,18%,4%,86,90%,5.83,132,4%,47%,21,312,49,9,15%,4%,0.81,0.93,1.09,3.0,0%
DZ01514,Rossside North,Harlawmuir,871,578,1533,96,20,10,5,1566,1571,1564,1224,108,1243,1576,1%,9,1%,6,49,46,32,63,8%,4%,67,88%,5.41,135,4%,48%,4,186,3,0,5%,0%,4.8,6.46,6.01,21.01,8%
DZ01583,Ashpark West,Glenhaven,763,461,1071,67,14,7,4,958,1017,1026,1438,445,1011,1238,11%,84,8%,37,121,124,172,109,17%,7%,63,92%,5.95,38,3%,54%,14,176,6,2,7%,2%,3.66,4.26,2.83,13.79,3%
DZ00977,Langfield North,Fallinmuir,584,342,656,41,9,5,3,1030,475,459,372,749,1313,813,8%,47,10%,35,81,128,302,105,21%,9%,104,83%,4.56,196,6%,19%,18,109,29,3,10%,1%,2.76,3.28,2.6,11.73,3%
DZ00076,Ashlea North,Drumlarach,938,579,556,35,7,4,2,633,590,465,356,863,522,1412,13%,124,10%,61,102,147,117,103,22%,6%,108,81%,4.9,253,7%,25%,32,294,10,0,8%,0%,2.52,3.14,1.88,8.54,4%
DZ01528,Balbank Central,Eskbrae,721,424,1552,97,20,10,5,1534,1523,1565,1575,752,1005,949,1%,7,1%,5,53,38,55,60,9%,3%,59,96%,6.29,32,0%,54%,12,218,31,3,7%,1%,2.67,3.39,3.12,10.06,3%
DZ01247,Ashburn East,Eskbrae,648,383,660,42,9,5,3,951,520,522,355,1295,401,1371,9%,60,13%,50,129,214,262,81,20%,5%,87,79%,5.01,238,9%,22%,23,314,11,0,4%,1%,2.23,2.36,1.79,4.97,0%
DZ00917,Rosslaw South,Harlawmuir,492,318,1428,90,18,9,5,1129,1447,1499,1425,877,1508,1243,6%,31,2%,6,68,84,42,48,12%,3%,77,93%,6.2,104,2%,47%,0,108,29,4,8%,2%,3.61,2.5,1.4,10.69,2%
DZ01333,Ballaw Central,Fallinmuir,1003,588,762,48,10,5,3,582,890,898,646,494,1162,1564,14%,143,9%,51,75,89,91,99,17%,7%,82,88%,5.25,185,6%,36%,14,269,0,0,1%,0%,3.68,4.33,2.73,14.22,4%
DZ01251,Dalford North,Fallinmuir,1171,689,858,54,11,6,3,708,798,603,614,1597,1019,816,13%,149,10%,70,137,96,114,79,18%,5%,136,81%,5.01,189,6%,29%,20,254,38,4,11%,4%,0.5,0.5,0.5,3.0,0%
DZ00222,Glenmuir Central,Corriebeg,568,374,177,12,3,2,1,165,264,152,93,1071,187,801,20%,115,14%,52,142,221,411,145,25%,8%,129,79%,4.16,338,9%,17%,27,391,49,4,11%,2%,1.51,1.83,2.05,8.61,2%
DZ00210,Rosscraig Central,Aldmoor,486,323,1079,68,14,7,4,1232,968,1165,1176,348,867,942,3%,15,5%,16,105,102,175,85,14%,4%,80,87%,5.55,138,4%,40%,19,263,47,5,13%,1%,4.01,4.93,4.15,16.41,5%
DZ00460,Mellaw West,Brackenlaw,532,339,977,62,13,7,4,1137,1025,843,1043,399,357,1143,9%,49,6%,19,104,218,169,130,17%,9%,86,89%,5.47,189,2%,42%,31,237,19,5,11%,1%,3.65,4.98,3.4,13.33,4%
DZ01590,Kinshaws West,Glenhaven,620,402,1278,80,16,8,4,1461,1258,1229,1521,84,510,740,4%,23,6%,25,106,123,83,67,19%,5%,62,90%,5.72,87,1%,60%,22,319,56,4,14%,2%,5.82,7.07,5.5,22.99,8%
DZ00887,Fernshaws North,Eskbrae,799,490,474,30,6,3,2,609,370,270,618,803,1045,51,14%,109,13%,63,137,182,204,132,21%,9%,136,86%,5.27,195,8%,26%,11,156,90,10,21%,4%,3.16,3.23,2.63,12.24,2%
DZ00044,Fernford South,Aldmoor,865,576,824,52,11,6,3,874,1101,582,897,117,1325,1383,10%,84,8%,46,177,119,99,84,19%,7%,117,85%,5.54,192,3%,38%,8,136,8,0,8%,1%,6.01,6.6,5.02,20.39,8%
DZ00182,Glenmuir Central,Corriebeg,1118,677,506,32,7,4,2,401,776,252,527,1269,125,824,15%,165,10%,71,128,186,125,101,21%,10%,159,84%,4.91,199,7%,42%,31,440,31,5,7%,2%,1.71,1.66,1.65,3.0,0%
DZ01600,Strathmains East,Harlawmuir,890,557,485,31,7,4,2,703,444,825,776,3,1279,536,13%,117,13%,74,88,51,159,104,15%,4%,78,84%,5.24,187,6%,38%,11,197,35,7,15%,2%,7.47,8.91,7.19,28.97,13%
DZ01535,Whintoun East,Fallinmuir,568,357,632,40,8,4,2,933,556,612,655,715,97,578,10%,56,9%,33,99,115,93,121,22%,7%,107,86%,5.21,261,6%,32%,36,339,48,8,10%,2%,3.3,3.64,2.81,8.45,3%
DZ00809,Dalfield West,Eskbrae,715,433,1132,71,15,8,4,1340,845,914,882,1443,902,1232,5%,39,9%,40,108,131,106,104,14%,5%,107,84%,4.94,201,4%,30%,14,260,38,4,9%,1%,1.42,1.58,0.75,3.96,0%
DZ00134,Kilburn West,Brackenlaw,641,428,932,59,12,6,3,789,950,1123,863,617,1347,528,12%,76,8%,36,67,70,72,93,13%,6%,105,87%,5.0,149,3%,33%,4,100,47,9,13%,2%,3.47,4.07,3.98,11.87,2%
DZ01448,Langhaugh East,Eskbrae,778,523,1514,95,19,10,5,1389,1508,1415,1445,1539,1263,997,6%,43,1%,5,63,74,98,90,14%,5%,62,90%,6.13,73,0%,50%,6,128,31,6,10%,1%,1.04,0.5,0.94,3.0,0%
DZ00269,Rosspark Central,Corriebeg,833,564,365,23,5,3,2,470,340,206,595,892,122,632,14%,117,11%,64,156,227,504,133,23%,7%,132,86%,4.84,202,7%,33%,33,366,43,6,16%,3%,1.9,3.45,1.82,8.83,1%
DZ01490,Strathdale South,Eskbrae,1009,589,382,24,5,3,2,494,453,164,296,885,356,1209,14%,142,14%,82,205,428,211,95,25%,8%,118,80%,4.94,218,7%,25%,30,367,22,3,6%,1%,2.93,3.04,2.94,8.88,3%
DZ01581,Glenside,Glenhaven,883,523,1030,65,13,7,4,937,817,1112,1245,792,1281,1061,10%,85,10%,52,102,87,77,88,15%,5%,71,85%,5.44,63,2%,60%,14,147,40,3,10%,1%,2.81,3.25,2.52,10.6,4%
DZ00996,Torbank,Harlawmuir,819,520,1211,76,16,8,4,1036,1084,1534,1198,487,1286,1263,7%,61,6%,29,44,96,41,58,9%,5%,55,88%,5.72,123,4%,45%,8,138,30,3,8%,1%,3.74,2.73,2.65,15.46,4%
DZ01138,Langshaws North,Fallinmuir,571,367,1394,88,18,9,5,1170,1560,1204,1228,916,849,1123,5%,30,1%,4,77,94,108,86,14%,5%,95,89%,5.39,166,4%,44%,13,253,21,3,11%,1%,2.69,2.17,2.96,6.75,2%
DZ01104,Balside South,Glenhaven,584,353,649,41,9,5,3,664,648,579,916,548,595,680,12%,72,11%,39,103,134,215,141,21%,5%,127,89%,5.64,198,5%,33%,19,313,30,5,7%,1%,3.23,4.29,2.87,9.93,5%
DZ01438,Melgate North,Harlawmuir,712,423,370,24,5,3,2,331,526,728,269,105,1037,1197,14%,102,10%,40,95,144,144,102,18%,7%,92,81%,4.65,236,7%,23%,17,205,27,5,7%,1%,6.17,6.79,6.14,22.08,7%
DZ00223,Whincraig East,Corriebeg,748,486,1424,89,18,9,5,1285,1475,1405,1377,1189,549,1145,4%,32,1%,5,98,63,61,86,12%,6%,59,92%,5.93,95,3%,43%,20,362,31,5,10%,1%,1.67,2.02,1.34,5.47,1%
DZ00926,Dalshaws West,Eskbrae,1039,614,694,44,9,5,3,618,632,553,909,1266,614,694,13%,137,10%,63,99,127,143,90,20%,7%,155,87%,5.03,127,4%,29%,33,265,36,6,13%,2%,2.1,1.94,1.15,7.02,1%
DZ01369,Birkwood Central,Eskbrae,982,659,255,16,4,2,1,115,311,348,223,911,749,1328,21%,208,14%,89,166,98,259,144,22%,4%,102,79%,4.66,231,9%,16%,26,289,21,5,5%,1%,2.55,3.29,2.65,9.97,1%
DZ00862,Whinwood South,Glenhaven,925,626,1511,95,19,10,5,1457,1446,1559,1476,561,1513,1006,1%,9,4%,24,57,36,37,72,5%,4%,77,90%,6.09,66,1%,56%,5,36,33,6,6%,2%,3.88,4.1,3.63,11.99,4%
DZ01338,Strathlea West,Fallinmuir,964,610,1580,99,20,10,5,1542,1582,1526,1566,1492,1436,717,1%,10,1%,6,58,57,68,53,11%,4%,57,91%,6.46,74,0%,62%,6,110,39,6,12%,2%,0.5,1.99,1.14,3.23,0%
DZ01541,Glenside,Glenhaven,882,523,338,22,5,3,2,294,305,734,446,401,606,526,14%,124,13%,70,102,152,127,105,17%,8%,123,83%,4.6,210,7%,25%,19,302,44,8,12%,2%,4.11,4.56,3.03,14.09,5%
DZ00181,Glenmuir Central,Corriebeg,901,570,782,49,10,5,3,718,721,869,1047,688,727,788,11%,96,7%,42,92,181,138,96,16%,6%,96,88%,5.7,172,5%,45%,25,208,43,4,11%,2%,3.48,3.15,2.24,12.0,4%
DZ01049,Branhaugh South,Eskbrae,706,410,206,13,3,2,1,217,240,108,204,689,704,1000,20%,140,16%,64,206,286,493,147,26%,8%,142,82%,4.6,302,9%,20%,20,219,38,6,10%,2%,3.14,2.88,3.41,11.29,2%
DZ00720,Newshaws West,Drumlarach,631,375,896,57,12,6,3,885,927,969,457,787,1442,1290,11%,68,7%,26,72,92,97,96,15%,6%,83,83%,4.67,183,6%,26%,8,127,26,0,6%,1%,2.26,2.86,2.39,9.79,3%
DZ00198,Duncraig Central,Drumlarach,862,528,1293,81,17,9,5,1330,1382,1063,1246,449,1365,378,6%,55,3%,14,86,98,142,105,15%,4%,80,87%,5.63,139,3%,41%,1,182,52,7,20%,3%,4.0,3.74,3.38,14.07,4%
DZ01548,Craigholm,Glenhaven,750,446,1590,100,20,10,5,1590,1583,1595,1590,208,1331,1586,1%,8,1%,4,51,33,28,61,3%,1%,53,94%,6.73,39,0%,61%,13,106,0,0,7%,1%,5.6,6.2,5.35,17.67,7%
DZ01293,Ballaw Central,Fallinmuir,910,616,1188,75,15,8,4,1047,1172,1051,1347,1023,791,1333,6%,58,5%,32,78,172,113,83,16%,5%,89,91%,5.49,92,2%,40%,21,194,26,0,9%,1%,2.14,2.36,1.93,8.74,2%
DZ01494,Glenmuir West,Fallinmuir,770,521,1289,81,17,9,5,1210,1340,1466,1041,757,970,758,6%,46,4%,21,53,34,30,75,11%,4%,62,87%,5.19,119,4%,37%,19,183,39,6,12%,1%,2.75,3.31,2.65,9.52,1%
DZ00959,Dunside South,Harlawmuir,1017,662,886,56,12,6,3,704,1116,1217,901,492,71,1127,14%,145,6%,37,75,54,101,107,14%,5%,85,89%,5.95,163,5%,38%,46,430,33,2,10%,2%,3.62,4.29,3.75,12.71,5%
DZ00674,Whinbrae South,Drumlarach,789,486,1433,90,18,9,5,1430,1476,1240,1162,619,1510,1344,3%,21,3%,14,65,74,215,84,12%,4%,96,91%,5.17,129,3%,41%,0,102,21,0,8%,1%,3.11,3.65,2.77,10.55,2%
DZ00642,Glenbank West,Aldmoor,876,520,1057,67,14,7,4,882,1279,979,986,738,1398,9,12%,105,5%,27,93,54,77,88,17%,5%,109,88%,5.2,144,4%,45%,9,66,91,16,24%,4%,2.62,3.48,3.22,14.16,3%
DZ01159,Lochanburn West,Harlawmuir,938,637,989,62,13,7,4,818,1189,959,1073,279,942,1555,10%,95,7%,45,87,137,70,88,16%,7%,86,91%,5.32,142,4%,30%,20,224,10,0,3%,1%,4.96,4.59,3.89,15.96,7%
DZ00992,Strathpark South,Harlawmuir,766,465,1466,92,19,10,5,1494,1416,1533,1467,326,1094,908,1%,10,3%,12,51,76,15,60,10%,4%,64,91%,6.13,70,0%,48%,9,149,42,7,11%,1%,5.69,5.05,3.66,17.06,6%
DZ01467,Glenlaw North,Glenhaven,763,464,10,1,1,1,1,16,20,24,23,109,168,181,27%,206,21%,97,365,246,532,254,31%,8%,194,76%,4.15,404,11%,2%,38,384,66,12,20%,4%,5.93,6.39,5.75,22.03,7%
DZ00866,Strathgate East,Glenhaven,996,604,341,22,5,3,2,426,186,367,544,875,380,897,14%,140,16%,99,109,228,128,112,23%,7%,116,84%,4.87,172,8%,33%,25,396,35,6,9%,2%,2.19,3.33,2.58,8.48,2%
DZ01424,Birkpark South,Glenhaven,544,326,929,59,12,6,3,925,1021,615,1134,1007,406,559,12%,66,7%,23,100,157,300,82,19%,9%,117,88%,5.9,138,5%,41%,27,290,49,6,14%,2%,2.03,2.42,2.59,8.72,2%
DZ00300,Rossdale Central,Brackenlaw,809,501,398,25,5,3,2,347,404,248,478,1365,546,164,15%,123,11%,57,150,300,177,146,22%,8%,110,82%,4.64,246,7%,31%,31,305,77,13,18%,3%,1.41,1.62,1.61,3.98,0%
DZ01050,Branhaugh South,Eskbrae,1019,686,15,1,1,1,1,6,23,18,35,1436,333,66,29%,301,21%,146,230,268,651,217,34%,5%,153,78%,3.59,362,11%,4%,24,282,73,12,18%,3%,0.96,2.2,1.03,3.69,1%
DZ01309,Whincraig West,Glenhaven,928,547,1191,75,15,8,4,1258,1110,1062,1332,415,1352,534,4%,35,7%,39,71,79,121,101,18%,4%,85,90%,6.01,114,1%,47%,3,178,62,7,11%,3%,3.78,4.35,3.87,12.95,6%
DZ00348,Melhill Central,Corriebeg,761,508,126,8,2,1,1,139,67,76,230,1511,175,891,20%,150,21%,106,149,380,409,182,27%,6%,138,83%,4.63,243,8%,22%,27,334,42,5,12%,1%,1.13,1.19,1.48,5.65,0%
DZ00797,Balpark East,Drumlarach,651,405,903,57,12,6,3,1006,1148,838,165,1099,757,1350,9%,57,6%,24,88,104,172,96,17%,6%,93,80%,4.29,283,8%,17%,13,260,3,0,7%,1%,2.5,2.1,2.23,5.07,1%
DZ01081,Mellaw North,Eskbrae,460,268,1543,97,20,10,5,1551,1539,1482,1353,775,1515,1460,1%,5,1%,3,53,43,46,93,7%,5%,82,89%,5.95,96,2%,45%,0,109,17,0,3%,0%,3.55,3.23,2.89,9.34,2%
DZ01495,Birkfield East,Fallinmuir,676,456,1448,91,19,10,5,1402,1381,1571,1277,1093,552,1021,3%,20,4%,17,37,39,58,70,7%,4%,44,91%,5.81,137,3%,48%,26,269,37,4,8%,2%,3.72,2.78,2.11,7.48,1%
DZ00670,Meldale West,Corriebeg,588,354,1270,80,16,8,4,1304,843,1340,1194,1507,1262,1443,4%,24,8%,30,79,57,46,85,13%,4%,74,84%,5.57,165,3%,41%,7,186,9,0,6%,1%,1.31,1.34,0.69,3.53,0%
DZ00755,Birkford West,Drumlarach,779,510,778,49,10,5,3,707,708,645,1077,874,1071,477,9%,72,7%,37,83,122,127,92,19%,8%,108,88%,5.34,106,5%,45%,10,124,49,10,12%,3%,3.25,2.8,2.62,9.0,3%
DZ00881,Torlaw Central,Eskbrae,812,538,1462,92,19,10,5,1218,1501,1330,1565,723,1439,833,4%,34,2%,8,85,87,35,76,15%,3%,68,94%,6.64,76,0%,56%,0,150,38,4,14%,2%,2.1,3.29,3.25,11.46,2%
DZ00555,Balshaws North,Drumlarach,694,468,196,13,3,2,1,181,195,103,519,649,540,101,24%,164,16%,75,164,250,186,171,26%,8%,136,86%,5.29,222,6%,28%,28,350,68,11,18%,4%,3.05,3.56,3.18,12.65,4%
DZ01335,Ashbrae Central,Fallinmuir,964,652,732,46,10,5,3,629,850,233,675,1578,982,353,14%,133,8%,50,90,162,116,139,23%,5%,124,85%,5.24,166,5%,34%,21,187,49,11,16%,3%,0.5,0.5,0.5,3.0,0%
DZ01482,Rossgate Central,Eskbrae,939,598,254,16,4,2,1,243,209,122,883,458,318,457,18%,167,13%,80,101,110,198,135,26%,7%,115,89%,5.23,172,4%,35%,24,308,61,7,16%,1%,4.29,3.93,3.06,15.25,4%
DZ00335,Branshaws East,Brackenlaw,803,466,1385,87,18,9,5,1341,1454,1451,1282,332,1311,1271,3%,23,4%,20,64,126,131,88,7%,5%,66,90%,5.39,94,3%,45%,13,140,27,6,5%,1%,4.41,5.29,3.93,15.51,7%
DZ00382,Rossburn South,Corriebeg,912,612,509,32,7,4,2,762,380,310,543,1129,286,518,11%,102,12%,74,143,149,156,120,22%,3%,135,80%,4.92,212,5%,30%,17,324,36,4,14%,2%,2.51,2.62,1.44,7.94,1%
DZ00889,Newlea West,Eskbrae,696,426,816,51,11,6,3,574,900,630,905,1469,1087,538,12%,83,8%,34,96,73,69,91,24%,7%,74,82%,5.11,208,3%,33%,11,122,60,8,13%,2%,0.5,1.44,1.22,3.0,0%
DZ01539,Branburn,Fallinmuir,900,609,1485,93,19,10,5,1421,1513,1507,1181,898,1038,1569,2%,18,1%,6,61,88,44,75,11%,5%,77,90%,5.79,150,1%,33%,16,239,1,2,6%,1%,3.36,2.72,2.09,9.34,1%
DZ01089,Branhaugh South,Eskbrae,809,548,943,59,12,6,3,974,909,846,866,957,684,1395,10%,81,8%,44,101,165,118,80,15%,6%,116,87%,5.32,227,4%,33%,19,246,4,0,3%,1%,2.48,2.52,2.53,8.54,3%
DZ00499,Langtoun Central,Brackenlaw,500,316,1165,73,15,8,4,1056,1222,881,1424,936,615,761,8%,42,6%,19,116,85,171,135,12%,4%,90,89%,5.95,75,2%,49%,25,202,36,9,13%,2%,1.5,2.48,2.41,12.26,1%
DZ00383,Brancraig North,Corriebeg,1053,617,1406,88,18,9,5,1423,1402,1208,1316,1194,1142,584,2%,24,2%,10,69,50,83,72,14%,8%,92,87%,5.8,72,3%,47%,12,185,46,8,14%,2%,1.11,2.23,1.25,8.11,4%
DZ01086,Kinlaw West,Eskbrae,1108,679,243,16,4,2,1,177,379,396,41,768,1047,544,19%,210,14%,92,154,135,169,112,21%,6%,128,80%,3.66,320,10%,18%,15,228,42,8,11%,2%,2.62,3.63,2.54,10.2,2%
DZ00952,Branbrae Central,Harlawmuir,792,467,787,50,10,5,3,868,875,774,816,243,1290,1187,8%,61,10%,48,128,113,119,94,21%,7%,98,87%,5.43,154,5%,37%,5,125,26,5,4%,1%,4.71,5.26,4.1,17.99,7%
DZ00691,Kilhaugh West,Brackenlaw,861,507,144,9,2,1,1,98,268,320,263,300,225,215,22%,187,15%,78,160,137,158,129,23%,10%,93,81%,4.85,211,7%,16%,17,382,70,17,15%,4%,5.0,5.68,4.02,17.24,6%
DZ01085,Kinlaw West,Eskbrae,861,555,894,56,12,6,3,812,945,1145,805,964,532,160,9%,76,9%,51,84,99,87,63,14%,3%,92,84%,5.36,180,5%,38%,18,336,67,10,19%,3%,1.94,3.4,2.3,7.63,1%
DZ00520,Craigtoun East,Drumlarach,558,337,51,4,1,1,1,49,66,26,196,1169,178,104,26%,147,21%,70,228,282,429,209,29%,7%,179,82%,4.53,271,8%,22%,35,347,95,9,16%,4%,1.45,1.74,1.03,10.45,1%
DZ01073,Strathtoun South,Harlawmuir,750,463,602,38,8,4,2,540,677,891,1191,93,279,545,14%,106,11%,49,112,77,155,103,17%,7%,80,90%,5.73,118,4%,43%,36,278,53,7,14%,3%,5.97,6.64,5.78,21.66,9%
DZ01465,Langburn,Glenhaven,857,564,355,23,5,3,2,348,388,399,333,895,297,877,14%,122,12%,67,107,127,107,100,16%,6%,117,80%,4.88,238,7%,21%,23,327,32,6,11%,2%,1.4,2.85,2.42,9.41,2%
DZ01067,Craigfield South,Glenhaven,799,495,1518,95,19,10,5,1575,1426,1375,1489,601,1180,1410,1%,8,1%,6,100,73,141,88,9%,3%,78,93%,5.92,116,1%,55%,23,231,27,0,7%,1%,2.55,3.87,2.84,11.93,5%
DZ00990,Ashbank West,Glenhaven,717,459,124,8,2,1,1,138,130,199,167,693,322,18,21%,151,18%,81,113,192,459,136,23%,9%,150,82%,4.12,290,8%,16%,29,384,77,13,20%,3%,2.95,3.28,3.45,10.23,3%
DZ00932,Fernmains Central,Fallinmuir,1012,620,1186,75,15,8,4,1054,1072,1040,1538,1223,234,1038,10%,99,6%,37,86,142,71,123,14%,6%,85,91%,5.94,18,1%,53%,34,334,53,4,7%,2%,1.68,1.91,2.02,6.53,2%
DZ01436,Fernlea Central,Harlawmuir,969,579,40,3,1,1,1,58,84,43,95,269,94,589,22%,213,20%,115,219,283,339,138,27%,9%,188,81%,4.51,303,9%,13%,39,478,56,6,9%,3%,5.03,5.59,4.02,17.39,8%
DZ00374,Langford East,Brackenlaw,973,626,1159,73,15,8,4,1347,1231,1086,1196,95,1076,838,3%,31,4%,22,76,84,50,91,16%,6%,78,89%,5.66,146,3%,44%,16,198,29,6,12%,2%,6.06,7.19,4.83,20.39,9%
DZ00017,Kildale Central,Brackenlaw,488,305,405,26,6,3,2,369,496,433,650,110,1238,939,18%,89,11%,33,176,134,154,98,21%,8%,141,86%,4.82,215,4%,30%,20,164,41,6,8%,1%,6.15,6.51,4.62,22.11,7%
DZ00906,Kintoun North,Glenhaven,727,432,880,56,11,6,3,1121,819,1038,286,1301,293,1231,6%,46,10%,42,66,99,101,105,17%,8%,74,81%,4.81,293,9%,28%,33,373,19,4,7%,1%,1.17,1.97,2.36,7.58,0%
DZ00284,Melcraig Central,Aldmoor,808,491,1000,63,13,7,4,1175,878,1254,1118,295,685,409,12%,95,9%,42,66,65,111,73,15%,6%,94,89%,5.58,150,4%,41%,22,211,46,9,15%,3%,5.31,5.29,4.85,18.92,6%
DZ01562,Dalwood,Eskbrae,831,558,614,39,8,4,2,908,615,702,292,272,1131,1208,9%,76,13%,73,98,145,130,122,20%,9%,123,83%,4.59,237,8%,30%,13,174,15,5,6%,1%,4.02,5.53,5.04,17.96,8%
DZ01060,Lochanbrae,Fallinmuir,811,532,386,25,5,3,2,332,226,254,676,1558,814,44,19%,154,13%,71,112,241,136,139,22%,7%,159,85%,5.58,166,6%,32%,23,233,79,14,23%,4%,0.5,1.16,0.5,3.0,0%
DZ00819,Dalshaws Central,Fallinmuir,770,479,961,61,13,7,4,1038,870,737,1169,837,1053,73,7%,57,9%,41,106,155,119,93,20%,5%,103,86%,5.62,148,2%,42%,18,182,76,14,17%,4%,3.01,3.03,2.59,9.03,2%
DZ01533,Craiggate North,Fallinmuir,759,498,804,51,11,6,3,631,1224,400,562,1076,639,1239,13%,97,6%,30,93,332,236,143,21%,5%,113,85%,5.11,215,5%,34%,26,262,26,3,8%,1%,2.04,3.25,2.19,11.02,0%
DZ01262,Whindale North,Glenhaven,720,438,1554,98,20,10,5,1562,1515,1545,1477,1297,648,1541,1%,7,4%,17,66,54,53,99,7%,4%,71,89%,6.35,109,2%,59%,19,231,0,0,2%,0%,2.2,2.13,1.72,7.7,1%
DZ00064,Tormuir East,Corriebeg,644,391,964,61,13,7,4,859,984,1236,1229,342,272,1345,10%,67,7%,26,72,84,97,68,11%,3%,97,90%,5.96,115,3%,45%,32,363,18,2,6%,1%,4.62,4.91,4.41,16.48,6%
DZ00092,Glenpark West,Brackenlaw,728,437,669,42,9,5,3,693,851,791,811,10,1529,1206,12%,90,9%,40,91,103,72,92,17%,4%,103,87%,5.09,190,5%,32%,4,0,36,1,6%,2%,7.17,8.14,6.15,29.4,12%
DZ00700,Melbrae West,Brackenlaw,820,493,1054,66,14,7,4,730,1080,1009,1222,1515,780,145,11%,92,7%,32,77,106,117,94,20%,5%,120,90%,5.6,94,4%,36%,20,280,68,13,19%,3%,1.2,1.57,0.9,3.0,0%
DZ00398,Strathwood Central,Drumlarach,656,392,1407,88,18,9,5,1395,1299,1419,1458,698,1326,1316,3%,19,4%,16,61,61,107,72,12%,5%,90,92%,6.08,74,0%,48%,10,182,30,0,8%,0%,2.51,3.23,2.24,12.17,2%
DZ00533,Kilmuir Central,Brackenlaw,809,514,1287,81,17,9,5,1334,1272,1407,1129,209,1480,1580,2%,20,4%,20,70,58,36,79,10%,6%,84,93%,5.63,147,4%,36%,2,129,0,0,1%,0%,4.64,6.22,4.65,17.34,6%
DZ00065,Ashpark North,Corriebeg,702,457,723,46,10,5,3,998,795,504,491,430,1025,618,11%,74,7%,32,152,133,63,105,24%,8%,126,86%,4.98,193,6%,33%,10,275,51,8,10%,3%,3.45,4.38,3.53,15.97,4%
DZ00867,Brandale,Glenhaven,761,510,899,57,12,6,3,948,957,762,502,1286,839,1055,8%,63,9%,45,80,114,215,116,16%,3%,110,83%,4.79,202,4%,32%,21,233,21,8,10%,2%,1.81,1.26,1.17,7.47,1%
DZ00490,Ashwood South,Aldmoor,885,556,589,37,8,4,2,809,787,171,723,320,834,590,9%,83,11%,58,157,141,186,119,24%,9%,113,84%,5.24,183,6%,38%,15,235,50,10,15%,2%,3.83,5.01,4.16,14.59,6%
DZ01113,Strathtoun South,Harlawmuir,661,403,539,34,7,4,2,515,894,285,360,278,1369,1440,14%,92,10%,41,121,211,235,110,25%,8%,127,84%,4.83,254,7%,27%,4,160,11,0,5%,1%,5.8,5.29,3.83,20.17,6%
DZ01437,Melgate North,Harlawmuir,694,445,202,13,3,2,1,277,433,134,260,80,220,593,17%,115,14%,63,165,143,455,199,26%,9%,140,81%,4.83,228,9%,17%,39,416,37,5,11%,2%,6.18,7.22,5.63,22.91,9%
DZ01551,Glenfield Central,Harlawmuir,755,467,194,13,3,2,1,135,437,263,177,107,859,595,22%,164,14%,66,124,107,146,119,24%,8%,128,78%,4.65,259,9%,24%,21,322,40,3,12%,3%,5.3,7.3,5.68,21.91,7%
DZ01392,Lochanlea South,Harlawmuir,931,541,759,48,10,5,3,852,826,1114,402,977,123,280,11%,103,9%,48,103,107,70,87,18%,4%,90,84%,5.29,256,9%,31%,40,393,48,7,17%,3%,2.09,3.07,2.41,9.5,1%
DZ00525,Melshaws East,Aldmoor,779,512,546,35,7,4,2,865,778,235,657,24,1159,828,8%,63,10%,50,137,134,125,100,26%,5%,202,85%,5.1,168,5%,32%,15,198,15,9,10%,3%,5.9,7.82,6.0,23.74,11%
DZ00456,Langlea South,Brackenlaw,812,473,1307,82,17,9,5,1286,1392,1411,1050,197,1511,1578,6%,48,2%,8,71,55,66,77,14%,5%,71,87%,5.58,149,4%,50%,0,95,5,0,0%,0%,5.83,5.53,4.5,18.05,8%
DZ01374,Lochanhaugh Central,Fallinmuir,934,594,985,62,13,7,4,1162,859,605,1209,941,657,318,4%,34,8%,49,170,117,114,128,18%,6%,76,85%,5.94,137,2%,41%,27,190,68,11,18%,2%,1.6,3.25,1.91,10.69,1%
DZ01252,Dalford North,Fallinmuir,904,607,321,21,5,3,2,222,222,539,271,1482,710,119,18%,160,16%,95,88,141,219,133,20%,6%,103,86%,4.28,249,8%,21%,27,306,77,12,20%,4%,1.56,1.08,1.23,4.1,1%
DZ00667,Balcraig South,Corriebeg,1021,614,354,23,5,3,2,234,478,346,259,1392,317,512,19%,190,10%,63,136,162,192,132,18%,7%,121,84%,4.54,276,10%,30%,27,356,62,3,12%,2%,0.71,1.96,1.27,7.29,1%
DZ00023,Tormuir East,Corriebeg,747,452,1473,93,19,10,5,1472,1394,1519,1545,82,1587,1495,2%,16,4%,17,51,78,58,58,13%,2%,67,92%,6.37,55,0%,61%,0,0,9,0,0%,1%,5.76,6.79,5.81,23.47,10%
DZ01142,Branhaugh,Glenhaven,983,625,1207,76,16,8,4,1296,1183,1125,989,1150,392,841,1%,12,5%,34,107,60,72,96,15%,3%,106,88%,5.01,186,3%,45%,30,324,50,7,11%,2%,2.32,1.82,2.02,6.32,1%
DZ00729,Birkmains Central,Aldmoor,719,420,497,32,7,4,2,487,321,477,705,1341,413,1177,15%,109,14%,58,144,175,233,154,22%,5%,104,85%,5.32,178,8%,33%,25,226,31,5,9%,2%,1.28,2.24,1.71,4.01,2%
DZ00535,Newdale West,Brackenlaw,745,455,494,31,7,4,2,616,360,397,667,408,1300,881,10%,77,14%,62,106,160,192,126,17%,4%,127,84%,5.08,213,6%,33%,14,135,38,3,8%,1%,4.72,3.81,4.22,15.41,5%
DZ01421,Inverdale North,Glenhaven,701,423,1360,85,17,9,5,1455,1212,1277,1449,763,866,543,1%,7,5%,23,85,99,143,90,14%,6%,69,92%,5.96,60,2%,55%,2,165,61,5,10%,2%,2.57,2.04,2.59,9.17,2%
DZ00511,Dalmuir,Drumlarach,701,467,9,1,1,1,1,8,14,5,45,1186,195,1,31%,215,22%,101,264,678,904,223,33%,13%,229,80%,4.22,306,11%,21%,28,368,123,21,33%,7%,1.32,2.27,0.83,7.4,0%
DZ01523,Strathholm West,Eskbrae,616,393,734,46,10,5,3,644,895,675,766,531,1032,728,12%,75,8%,32,144,131,165,133,20%,4%,103,86%,5.25,200,6%,36%,15,185,41,8,11%,1%,4.25,3.12,2.87,13.82,3%
DZ01048,Strathdale,Eskbrae,789,509,1016,64,13,7,4,828,863,1361,1059,1158,714,582,10%,78,7%,37,61,91,84,79,10%,3%,93,85%,5.59,151,6%,36%,15,213,39,5,13%,3%,2.18,1.35,1.55,6.69,1%
DZ01343,Craigside West,Glenhaven,627,387,1009,64,13,7,4,1155,794,1100,976,652,1261,150,7%,46,10%,37,58,107,94,80,17%,7%,82,87%,5.53,156,4%,35%,8,113,62,11,18%,3%,3.86,3.34,2.89,12.39,2%
DZ01268,Strathfield East,Glenhaven,784,531,1410,89,18,9,5,1365,1470,1298,1279,858,1085,1124,2%,15,1%,5,78,147,79,83,17%,5%,72,92%,5.54,87,3%,48%,11,193,32,2,12%,2%,2.19,2.88,2.5,12.4,3%
DZ00522,Torholm West,Aldmoor,780,484,1157,73,15,8,4,1174,1057,1348,1068,241,1547,1535,6%,45,8%,39,57,102,69,87,15%,3%,70,86%,5.57,173,3%,35%,0,34,0,0,2%,0%,4.55,4.66,4.29,20.06,5%
DZ00657,Whinpark East,Brackenlaw,869,551,1285,81,17,9,5,1227,992,763,1551,1483,1435,1165,5%,44,7%,41,120,109,167,103,15%,4%,95,95%,5.95,98,0%,53%,16,62,21,3,8%,1%,0.87,1.5,0.96,4.28,0%
DZ01489,Strathdale South,Eskbrae,758,475,1596,100,20,10,5,1576,1599,1597,1591,597,1505,1367,1%,8,1%,5,38,31,22,54,7%,2%,54,95%,6.57,38,0%,58%,0,102,17,6,5%,1%,2.59,3.74,2.27,13.3,4%
DZ01492,Glenpark,Fallinmuir,640,398,1176,74,15,8,4,922,941,1119,1437,1367,1276,1543,11%,73,8%,34,85,98,67,100,17%,7%,89,92%,6.04,109,2%,49%,20,155,8,0,3%,0%,2.15,1.41,1.53,6.85,0%
DZ01429,Birkhill,Glenhaven,655,417,571,36,8,4,2,499,661,1017,617,270,788,163,14%,94,10%,40,72,154,34,88,15%,7%,78,84%,4.8,253,5%,31%,20,239,65,10,19%,3%,4.17,5.49,4.46,20.08,8%
DZ01430,Birkhill,Glenhaven,897,586,448,29,6,3,2,606,471,166,664,227,1390,648,12%,111,14%,79,151,143,186,145,24%,8%,111,83%,5.07,168,6%,39%,6,140,46,7,11%,3%,5.5,5.64,4.64,18.22,7%
DZ00245,Birkhaugh Central,Aldmoor,808,521,629,40,8,4,2,866,461,1074,668,330,282,850,9%,69,11%,59,76,145,120,100,19%,7%,90,86%,4.88,232,7%,37%,32,360,34,7,12%,2%,5.15,5.24,4.74,17.31,6%
DZ00081,Melburn West,Aldmoor,1013,627,1279,80,16,8,4,1178,1165,1377,1505,288,1438,1506,7%,72,6%,39,71,74,37,67,12%,1%,77,89%,6.01,79,0%,56%,5,64,0,0,3%,0%,4.25,5.19,4.82,14.64,7%
DZ00057,Kildale Central,Brackenlaw,903,585,58,4,1,1,1,103,16,154,374,478,136,109,23%,207,22%,130,122,133,301,150,27%,6%,130,80%,4.46,266,7%,21%,38,415,63,13,22%,4%,3.36,3.65,3.0,13.08,6%
DZ00816,Inverbrae South,Fallinmuir,1163,730,1483,93,19,10,5,1343,1425,1387,1492,1408,1410,1318,5%,58,2%,18,60,62,59,63,17%,7%,89,91%,6.24,72,0%,52%,8,162,24,2,6%,1%,1.2,2.08,1.5,3.8,2%
DZ01538,Lochantoun East,Fallinmuir,969,619,1527,96,20,10,5,1500,1506,1523,1552,677,730,1552,1%,10,2%,10,50,99,65,67,11%,5%,69,97%,6.03,46,0%,56%,28,293,0,0,0%,0%,3.11,3.45,2.78,10.38,1%
DZ00050,Lochanpark Central,Aldmoor,873,508,1170,74,15,8,4,1058,1219,1170,1338,253,1400,1478,8%,73,6%,29,83,103,126,79,13%,3%,82,89%,5.63,166,2%,39%,1,113,19,1,5%,1%,4.66,5.84,4.33,18.0,7%
DZ01204,Dundale Central,Eskbrae,819,504,527,33,7,4,2,508,602,421,321,1173,949,507,14%,115,11%,54,106,105,161,104,22%,6%,131,82%,4.53,225,8%,24%,10,144,57,7,14%,4%,0.71,1.99,1.82,7.59,1%
DZ00509,Ashside South,Corriebeg,837,502,118,8,2,1,1,141,216,65,134,1364,1,34,20%,165,14%,70,165,279,378,159,28%,9%,124,79%,4.2,256,9%,18%,51,632,85,14,21%,3%,1.61,2.42,1.22,3.08,0%
DZ01487,Langhaugh East,Eskbrae,616,384,1441,91,19,10,5,1385,1357,1498,1423,637,1396,1341,2%,10,3%,11,50,59,63,64,13%,4%,58,90%,5.77,119,0%,50%,4,92,22,2,9%,1%,3.53,3.46,2.94,11.32,4%
DZ00096,Strathbrae Central,Brackenlaw,819,530,205,13,3,2,1,143,175,296,578,1014,103,13,22%,177,16%,82,111,219,90,151,22%,9%,132,83%,4.75,200,5%,29%,42,401,91,17,22%,4%,2.44,2.13,1.91,10.14,2%
DZ00874,Dunlaw East,Harlawmuir,750,474,449,29,6,3,2,498,329,590,473,536,654,1464,14%,105,12%,57,104,111,149,101,20%,8%,128,83%,5.13,190,6%,25%,24,275,18,3,2%,1%,4.01,3.69,2.57,13.04,2%
DZ00698,Whinpark East,Brackenlaw,635,406,753,48,10,5,3,813,617,764,455,1499,601,1188,10%,62,9%,38,71,155,214,83,20%,5%,94,85%,4.85,220,6%,23%,28,292,31,3,8%,1%,0.5,1.23,0.63,3.26,0%
DZ00178,Melbank,Brackenlaw,721,429,385,25,5,3,2,416,375,394,454,1015,109,499,17%,122,12%,52,149,188,168,121,25%,5%,126,86%,4.87,189,6%,25%,37,375,53,10,13%,3%,2.71,2.97,3.17,7.03,0%
DZ00644,Birkbrae East,Aldmoor,788,500,282,18,4,2,1,147,269,681,429,654,203,864,18%,143,16%,80,102,126,153,131,20%,5%,89,86%,5.03,162,7%,33%,28,365,45,7,8%,1%,3.24,3.4,2.49,13.43,4%
DZ01537,Lochantoun East,Fallinmuir,820,545,591,37,8,4,2,500,746,635,580,1002,138,580,14%,119,10%,53,133,126,114,103,19%,4%,114,81%,5.04,225,7%,34%,34,360,34,6,13%,3%,2.16,2.6,2.68,9.46,2%
DZ00108,Killaw South,Corriebeg,469,312,348,22,5,3,2,488,193,614,397,701,186,718,13%,60,15%,47,96,184,125,103,18%,6%,96,82%,4.92,202,6%,31%,28,386,41,4,11%,2%,2.87,3.04,3.02,11.28,0%
DZ01024,Dunlea East,Glenhaven,712,459,1348,85,17,9,5,1276,1316,1292,1300,835,1498,1180,7%,48,5%,22,63,84,40,103,15%,5%,74,91%,5.82,91,2%,46%,0,94,20,4,9%,2%,3.19,2.96,1.98,10.3,2%
DZ01219,Rosshill North,Fallinmuir,791,534,1227,77,16,8,4,1159,1237,1440,797,1137,1114,577,6%,48,4%,20,41,50,40,61,13%,5%,96,82%,4.86,173,3%,39%,16,203,36,6,12%,2%,2.61,2.99,2.32,6.03,3%
DZ00508,Craigbank Central,Corriebeg,821,551,34,3,1,1,1,29,45,37,145,1256,29,168,27%,219,20%,110,246,408,248,135,29%,9%,125,79%,4.46,237,10%,19%,51,514,53,10,18%,3%,1.02,1.67,1.78,6.97,0%
DZ00699,Melbrae West,Brackenlaw,946,550,1381,87,18,9,5,1418,1473,955,1124,820,1320,1369,5%,48,2%,13,85,91,135,81,15%,5%,114,91%,5.26,158,4%,39%,10,81,23,0,8%,1%,3.14,2.61,2.62,8.71,1%
DZ01176,Strathpark East,Fallinmuir,946,619,680,43,9,5,3,760,451,392,844,1207,1332,955,10%,91,11%,69,114,98,211,129,18%,7%,112,85%,5.57,142,6%,29%,7,116,43,8,11%,1%,2.01,1.56,2.08,5.9,1%
DZ01555,Birktoun South,Harlawmuir,999,603,1269,80,16,8,4,1537,1255,963,1177,34,1416,1288,1%,15,4%,26,90,115,88,116,16%,5%,123,91%,5.66,141,3%,38%,3,77,43,2,6%,1%,6.67,7.25,6.28,22.03,11%
DZ00165,Whinhaugh East,Aldmoor,845,534,502,32,7,4,2,525,552,351,660,345,1370,338,13%,113,12%,62,166,224,67,133,24%,4%,100,84%,5.29,224,5%,29%,0,147,64,6,11%,3%,4.13,5.5,3.8,14.54,5%
DZ01409,Birkwood Central,Eskbrae,841,516,198,13,3,2,1,361,169,61,272,1008,185,307,17%,147,16%,81,202,357,519,178,29%,10%,164,80%,4.56,260,7%,23%,34,383,66,9,17%,2%,2.99,2.79,2.1,8.87,0%
DZ01208,Ashburn East,Eskbrae,859,508,230,15,3,2,1,97,214,177,258,1566,753,621,26%,221,16%,83,133,310,319,135,28%,8%,167,82%,4.25,233,9%,17%,17,204,50,9,13%,2%,0.5,0.8,0.5,3.0,0%
DZ00865,Strathgate East,Glenhaven,815,536,1038,65,13,7,4,926,1074,1439,876,616,444,542,8%,62,7%,37,53,50,27,79,11%,6%,87,85%,5.26,190,4%,40%,24,314,41,10,16%,3%,3.6,3.77,3.0,11.93,4%
DZ01360,Ashmains South,Harlawmuir,657,386,1563,98,20,10,5,1592,1492,1540,1559,27,1600,1567,1%,7,2%,9,59,36,33,64,12%,3%,57,94%,6.41,60,0%,51%,0,0,0,0,1%,0%,6.78,7.63,6.57,24.44,10%
DZ01289,Langbank East,Eskbrae,556,374,988,62,13,7,4,722,925,505,1200,1586,799,1362,9%,48,8%,30,116,184,98,122,22%,7%,111,85%,5.58,148,2%,48%,15,213,35,5,4%,1%,0.5,0.5,1.15,3.0,0%
DZ00366,Langlea,Aldmoor,877,571,895,56,12,6,3,845,1114,938,480,1000,555,730,10%,92,4%,26,122,95,74,99,17%,5%,100,84%,4.68,196,6%,27%,21,271,61,6,11%,2%,2.46,2.37,2.41,9.96,1%
DZ00538,Ashford Central,Brackenlaw,943,612,1393,88,18,9,5,1405,1213,1179,1411,1363,1490,839,2%,17,5%,32,63,99,43,67,16%,5%,78,90%,5.78,71,2%,52%,10,94,44,6,11%,1%,1.41,1.11,0.5,5.79,1%
DZ01312,Ashlaw South,Harlawmuir,547,325,1012,64,13,7,4,964,1016,877,871,1138,1329,190,10%,57,7%,23,116,90,123,86,15%,5%,89,87%,4.73,135,3%,33%,3,132,57,14,14%,2%,2.64,2.62,1.92,8.18,1%
DZ00501,Melwood,Corriebeg,719,435,452,29,6,3,2,365,481,567,674,772,239,241,15%,110,11%,47,98,206,176,116,19%,7%,118,84%,5.01,215,6%,38%,37,314,57,11,18%,4%,3.53,3.16,2.94,10.62,1%
DZ00469,Torgate,Corriebeg,71,45,77,5,1,1,1,36,95,78,194,1490,199,77,26%,19,18%,8,138,185,140,112,28%,8%,150,84%,4.59,309,9%,17%,32,362,78,10,18%,4%,0.5,0.5,0.95,3.28,0%
DZ01420,Kilford,Fallinmuir,742,492,1294,81,17,9,5,1131,1406,1359,1314,645,761,905,6%,44,5%,25,92,74,101,76,13%,5%,87,89%,5.85,137,2%,40%,17,272,37,5,13%,2%,3.16,3.17,3.46,13.7,4%
DZ01102,Dungate North,Glenhaven,688,419,1200,75,15,8,4,1032,1160,900,1295,1573,715,857,8%,56,6%,27,73,125,214,95,18%,7%,74,89%,5.94,81,3%,48%,15,195,29,5,13%,2%,1.0,0.5,0.6,3.0,0%
DZ00393,Glenburn West,Drumlarach,769,482,210,14,3,2,1,247,300,71,391,1105,20,70,21%,158,13%,62,264,246,414,158,29%,7%,115,85%,4.7,243,9%,35%,45,531,78,12,18%,3%,2.25,2.79,1.82,6.3,3%
DZ00669,Meldale West,Corriebeg,885,556,666,42,9,5,3,772,613,808,284,1527,156,858,14%,126,11%,60,149,107,112,76,17%,5%,101,82%,4.45,256,8%,27%,38,401,37,4,8%,2%,0.9,1.41,0.55,3.06,0%
DZ00759,Whinfield Central,Drumlarach,822,523,372,24,5,3,2,424,355,434,639,72,1164,1434,16%,130,13%,70,133,129,54,136,23%,5%,135,85%,5.41,191,5%,32%,15,174,16,2,6%,1%,6.52,7.61,6.0,23.15,9%
DZ01505,Langburn,Glenhaven,823,502,253,16,4,2,1,188,256,401,366,447,638,549,19%,154,16%,80,106,220,258,119,23%,9%,97,78%,4.96,225,8%,30%,26,256,46,8,15%,2%,4.31,3.34,3.13,15.0,2%
DZ00770,Birkmains Central,Aldmoor,989,607,1217,77,16,8,4,931,1164,1256,1232,1418,957,1560,9%,88,4%,27,76,78,110,91,15%,5%,89,91%,6.05,85,3%,39%,18,194,8,0,0%,1%,1.52,2.06,0.93,3.0,0%
DZ00872,Dunfield North,Harlawmuir,615,417,1001,63,13,7,4,1041,684,1194,742,1183,1310,1378,6%,40,9%,39,64,87,105,86,13%,7%,67,85%,5.11,167,6%,33%,17,136,24,0,0%,0%,1.2,2.25,1.35,7.66,1%
DZ00475,Balside,Drumlarach,1019,687,1478,93,19,10,5,1310,1359,1513,1494,1415,1463,1098,3%,34,4%,29,57,26,75,100,10%,3%,69,91%,6.06,121,1%,46%,8,111,31,0,8%,2%,1.51,1.11,0.92,3.91,0%
DZ00224,Whincraig East,Corriebeg,964,637,1579,99,20,10,5,1577,1525,1548,1561,1535,1536,1146,1%,10,1%,6,60,49,55,78,8%,6%,51,95%,6.29,80,0%,62%,2,103,24,3,4%,1%,0.5,0.73,0.5,3.0,0%
DZ00620,Torshaws Central,Brackenlaw,685,404,1490,94,19,10,5,1431,1460,1213,1562,1391,557,1336,4%,29,2%,7,78,44,38,71,14%,3%,82,92%,6.2,88,0%,60%,26,328,12,1,10%,1%,1.31,2.04,0.5,3.63,1%
DZ01345,Langmains,Glenhaven,699,458,429,27,6,3,2,442,346,430,207,1352,1208,501,18%,129,11%,52,167,156,268,154,22%,6%,130,82%,4.74,295,9%,12%,12,229,50,10,10%,2%,1.5,1.88,1.22,5.22,0%
DZ00892,Fernmains Central,Fallinmuir,720,425,1004,63,13,7,4,1022,931,1033,703,1457,669,553,11%,82,7%,30,92,125,189,91,15%,4%,100,85%,5.07,181,7%,28%,27,275,43,6,14%,3%,1.48,1.47,0.9,3.0,0%
DZ00550,Ashside South,Corriebeg,711,483,101,7,2,1,1,122,141,107,50,1410,132,62,20%,145,18%,89,156,137,235,155,23%,7%,121,74%,4.11,294,12%,10%,38,388,75,14,23%,3%,1.17,1.34,1.23,3.64,1%
DZ01177,Langshaws North,Fallinmuir,596,363,657,42,9,5,3,526,463,326,1413,1371,441,651,15%,90,12%,43,124,177,340,122,22%,5%,107,91%,5.99,113,1%,47%,29,292,39,4,13%,2%,0.86,2.08,2.14,6.86,0%
DZ00564,Birkmuir South,Aldmoor,769,467,742,47,10,5,3,447,752,546,1157,678,1528,1201,15%,113,8%,40,112,106,100,108,20%,5%,111,86%,5.22,144,3%,40%,2,98,26,3,9%,2%,2.59,3.63,3.46,10.97,3%
DZ00541,Melwood,Corriebeg,612,356,169,11,3,2,1,159,160,275,148,841,462,234,20%,120,16%,56,142,121,167,145,22%,8%,123,87%,4.48,272,10%,23%,29,317,62,7,19%,3%,2.47,3.27,2.53,9.43,1%
DZ00772,Strathbank North,Brackenlaw,589,400,1398,88,18,9,5,1242,1404,1550,1252,1134,570,1407,6%,36,3%,13,52,61,90,50,7%,8%,68,91%,5.84,161,2%,48%,25,266,12,3,6%,1%,1.98,2.13,1.88,10.42,2%
DZ00457,Brangate North,Brackenlaw,952,576,668,42,9,5,3,457,502,868,1107,691,1324,896,14%,133,11%,64,84,74,125,119,17%,4%,93,87%,5.47,156,4%,40%,13,144,41,7,10%,2%,3.48,3.45,3.45,9.64,3%
DZ00293,Ashshaws South,Brackenlaw,838,545,1388,87,18,9,5,1512,1386,1255,1237,134,1481,1573,1%,8,3%,16,107,38,40,76,13%,6%,82,90%,5.72,128,1%,46%,0,86,0,1,2%,0%,5.66,6.37,4.57,21.44,10%
DZ00701,Birkwood West,Corriebeg,723,428,514,33,7,4,2,715,368,169,768,1497,248,415,11%,77,13%,56,138,219,195,121,26%,6%,166,85%,5.57,193,4%,32%,35,414,46,10,16%,2%,1.08,0.87,0.5,3.68,0%
DZ00193,Rosslaw West,Drumlarach,692,414,1116,70,14,7,4,1020,1119,1107,1373,556,1082,122,10%,70,5%,19,87,140,123,70,16%,4%,66,92%,6.02,91,2%,44%,20,194,73,12,23%,3%,3.0,3.85,2.99,15.72,5%
DZ00485,Melshaws East,Aldmoor,732,459,441,28,6,3,2,686,393,602,468,178,682,357,11%,80,12%,54,118,91,142,125,21%,7%,112,81%,5.14,208,5%,27%,9,261,47,7,14%,3%,5.12,5.88,5.26,18.55,8%
DZ01280,Craigburn East,Harlawmuir,723,435,1599,100,20,10,5,1594,1588,1600,1582,153,1599,1565,1%,7,1%,4,61,12,25,47,2%,0%,53,93%,6.58,9,0%,60%,0,0,0,0,2%,0%,5.32,6.22,5.07,19.87,7%
DZ00560,Craigtoun East,Drumlarach,728,481,295,19,4,2,1,207,307,146,291,1358,807,616,19%,139,14%,66,159,208,276,120,21%,6%,146,81%,4.72,290,8%,26%,21,177,53,6,9%,2%,1.59,1.45,1.51,4.13,0%
DZ00937,Lochanfield South,Fallinmuir,863,547,948,60,12,6,3,787,676,996,968,1581,545,1365,12%,101,12%,65,100,67,88,85,16%,7%,102,87%,5.22,124,5%,44%,38,303,3,0,4%,0%,0.5,0.5,0.5,3.0,0%
DZ01125,Balwood West,Eskbrae,905,559,447,28,6,3,2,471,510,407,273,1074,329,649,14%,128,11%,60,127,192,233,155,19%,8%,136,84%,4.38,242,10%,28%,25,314,44,9,12%,2%,2.08,2.16,1.92,7.52,0%
DZ00482,Torholm West,Aldmoor,900,567,1239,78,16,8,4,1115,1351,1516,1271,66,1402,917,11%,96,4%,22,50,71,57,77,12%,5%,56,88%,5.8,156,1%,44%,11,174,42,6,11%,2%,5.93,6.63,5.9,25.5,8%
DZ00580,Torshaws Central,Brackenlaw,536,364,391,25,5,3,2,459,313,467,412,1026,201,413,14%,76,14%,52,172,118,99,130,20%,5%,117,85%,4.44,212,8%,26%,29,408,45,9,13%,3%,2.72,2.57,2.31,10.88,1%
DZ00380,Strathlaw Central,Brackenlaw,978,609,652,41,9,5,3,719,522,587,685,1464,372,226,8%,76,12%,75,142,168,125,102,20%,5%,112,85%,4.88,210,5%,37%,26,294,78,9,17%,4%,0.51,1.23,0.66,3.22,0%
DZ00742,Strathside Central,Corriebeg,899,543,619,39,8,4,2,584,482,929,847,585,680,290,13%,121,12%,63,80,164,130,117,16%,4%,104,86%,5.31,157,7%,37%,20,254,50,10,15%,2%,2.76,3.42,2.51,10.76,6%
DZ00697,Whinpark East,Brackenlaw,846,574,524,33,7,4,2,538,607,255,539,1057,785,219,12%,100,12%,68,135,118,167,151,24%,8%,150,84%,5.09,192,6%,25%,20,255,69,14,17%,2%,1.5,2.24,2.59,6.6,1%
DZ00201,Kilhill West,Aldmoor,641,381,1204,76,16,8,4,1133,1369,1386,1155,53,1344,1568,7%,45,3%,12,68,55,61,69,13%,4%,91,87%,5.48,156,3%,44%,9,139,0,0,3%,0%,6.41,6.93,6.34,22.15,9%
DZ01255,Invermains South,Fallinmuir,730,433,979,62,13,7,4,1049,842,595,1099,1205,1251,379,6%,47,9%,39,84,126,123,127,19%,8%,112,85%,5.65,177,5%,44%,8,100,58,7,15%,2%,1.71,2.8,1.83,7.69,0%
DZ01004,Baltoun West,Eskbrae,671,445,659,42,9,5,3,858,539,498,960,989,54,856,10%,69,9%,42,104,104,161,138,23%,7%,126,86%,5.12,144,4%,38%,49,536,32,7,11%,2%,1.81,3.17,2.36,8.36,2%
DZ01185,Dunbank Central,Glenhaven,882,591,187,12,3,2,1,160,398,325,140,363,68,195,19%,167,13%,74,146,214,185,104,21%,7%,131,80%,4.38,261,9%,21%,39,486,70,13,15%,3%,4.32,4.5,3.59,14.94,4%
DZ00883,Branbank South,Eskbrae,782,520,1581,99,20,10,5,1552,1578,1542,1567,1545,1165,606,1%,8,1%,5,61,56,36,73,10%,3%,57,98%,6.23,85,0%,65%,19,143,37,7,12%,2%,0.99,1.21,0.5,3.56,0%
DZ00824,Torburn West,Glenhaven,939,624,1525,96,20,10,5,1531,1434,1414,1537,1089,1203,1485,1%,9,3%,19,64,55,114,71,14%,5%,65,94%,6.43,29,1%,57%,11,182,16,0,5%,1%,2.31,2.53,1.97,11.59,2%
DZ01013,Dalmains Central,Fallinmuir,776,458,531,34,7,4,2,623,318,481,609,1380,598,957,15%,113,16%,71,102,135,98,127,20%,4%,141,84%,4.97,219,4%,37%,28,332,38,8,11%,1%,1.31,1.28,1.28,4.34,3%
DZ00822,Whinwood South,Glenhaven,577,385,1166,73,15,8,4,996,1345,1262,938,708,868,965,8%,47,5%,21,76,101,35,97,15%,5%,73,88%,5.39,165,4%,35%,17,257,42,5,9%,2%,2.97,3.27,2.68,8.8,3%
DZ00839,Inverburn South,Harlawmuir,590,380,1106,70,14,7,4,1208,1163,1131,727,833,592,630,6%,35,5%,18,78,78,159,88,15%,6%,58,89%,5.2,164,7%,33%,22,285,49,6,13%,2%,2.53,2.99,1.83,10.17,5%
DZ01148,Rossholm South,Glenhaven,722,424,1162,73,15,8,4,1241,1043,1242,1225,732,542,779,7%,47,7%,29,82,99,94,100,12%,6%,68,88%,5.26,125,3%,48%,16,386,52,9,12%,2%,2.75,2.8,1.95,10.81,2%
DZ00679,Newshaws West,Drumlarach,1079,657,186,12,3,2,1,213,206,293,146,636,224,286,19%,208,15%,100,106,193,118,158,24%,8%,149,76%,4.13,287,8%,17%,39,338,60,4,15%,3%,2.87,3.09,2.7,10.41,2%
DZ00411,Dalshaws North,Brackenlaw,841,508,346,22,5,3,2,311,255,446,463,519,1244,1112,18%,147,15%,77,139,98,146,107,21%,5%,113,86%,4.7,221,6%,24%,1,200,31,5,8%,0%,3.21,4.02,3.64,13.89,4%
DZ00718,Melpark North,Drumlarach,1005,644,1097,69,14,7,4,1181,1055,732,1227,783,1211,306,5%,53,7%,42,89,160,250,74,13%,6%,92,91%,6.01,102,5%,45%,10,270,62,7,14%,3%,3.49,3.08,3.39,10.2,2%
DZ01199,Lochanburn West,Harlawmuir,985,641,758,48,10,5,3,758,771,788,736,308,1418,1286,10%,97,9%,59,96,115,117,102,22%,5%,91,83%,5.08,161,7%,34%,4,92,21,5,9%,1%,4.6,4.13,3.54,17.21,5%
DZ01225,Dalshaws East,Glenhaven,802,527,552,35,7,4,2,421,680,487,787,303,1412,436,14%,113,12%,64,77,115,70,92,23%,6%,69,87%,5.21,159,4%,40%,0,140,48,7,16%,2%,5.25,5.41,3.79,18.67,5%
DZ00256,Kilmains Central,Brackenlaw,748,475,389,25,5,3,2,458,456,352,504,451,98,989,16%,116,12%,57,133,178,205,107,25%,4%,117,80%,5.02,222,7%,31%,40,397,37,3,10%,3%,4.15,4.09,3.26,16.24,6%
DZ00566,Rossgate North,Aldmoor,785,522,630,40,8,4,2,624,668,864,516,994,245,185,13%,103,9%,50,132,112,100,141,13%,6%,124,85%,4.38,192,7%,27%,32,379,53,13,17%,3%,2.93,2.08,2.17,8.79,0%
DZ01463,Whinhill East,Glenhaven,788,498,919,58,12,6,3,661,729,1080,1143,1449,916,675,11%,89,8%,40,58,56,122,120,16%,6%,73,85%,5.51,155,3%,48%,15,171,42,5,14%,3%,0.65,1.24,0.98,3.0,1%
DZ00931,Fernmains Central,Fallinmuir,857,569,203,13,3,2,1,273,90,336,117,1442,577,94,15%,125,19%,108,216,157,206,94,21%,7%,88,81%,4.49,309,10%,18%,23,272,71,14,21%,4%,1.34,1.35,0.89,4.8,0%
DZ01128,Ashdale North,Eskbrae,854,548,1303,82,17,9,5,1151,1401,883,1061,1485,1517,985,6%,53,2%,12,105,99,171,98,16%,7%,95,90%,5.42,197,3%,38%,0,162,34,4,8%,2%,1.24,0.69,1.38,3.96,0%
DZ01126,Balwood West,Eskbrae,738,432,1206,76,16,8,4,1078,1226,1050,1116,1532,907,374,8%,60,3%,15,83,92,78,75,15%,5%,68,89%,5.34,161,2%,37%,20,264,70,7,15%,3%,0.89,1.59,0.63,3.6,0%
DZ00897,Lochanfield South,Fallinmuir,913,555,945,60,12,6,3,780,1042,899,1039,1312,205,570,9%,78,8%,42,108,104,126,94,18%,5%,87,88%,5.23,147,5%,37%,32,364,35,5,10%,3%,1.24,2.05,1.58,4.7,1%
DZ00142,Kinshaws East,Corriebeg,612,383,1136,71,15,8,4,1168,1014,1004,1362,592,1149,860,8%,48,8%,30,91,126,151,99,14%,4%,94,93%,5.64,127,1%,42%,19,200,32,3,10%,2%,2.88,3.68,2.65,11.96,3%
DZ00204,Inverbank West,Aldmoor,643,409,650,41,9,5,3,977,501,643,819,198,1242,641,8%,50,11%,44,139,73,135,141,20%,8%,79,87%,4.95,198,5%,39%,18,114,55,8,13%,2%,5.38,5.75,5.64,18.8,6%
DZ00498,Ashford Central,Brackenlaw,602,367,1146,72,15,8,4,1017,1158,1442,1005,603,985,798,11%,68,4%,13,70,84,74,71,13%,3%,77,88%,5.38,137,4%,42%,13,155,35,3,8%,2%,3.89,3.74,2.89,12.65,3%
DZ00387,Melhill Central,Corriebeg,909,613,67,5,1,1,1,59,32,218,108,1595,14,3,24%,218,19%,119,138,201,236,125,25%,10%,149,80%,4.29,274,9%,18%,53,455,96,18,25%,4%,0.5,0.5,0.5,3.0,0%
DZ01564,Strathholm West,Eskbrae,709,458,942,59,12,6,3,1120,716,1472,1069,162,507,844,6%,46,9%,42,97,94,37,73,13%,3%,80,87%,5.39,152,3%,45%,27,306,32,5,11%,2%,5.44,7.04,4.91,19.1,8%
DZ00029,Kilcraig North,Corriebeg,866,581,1397,88,18,9,5,1146,1372,1430,1530,1006,1379,794,7%,61,4%,22,90,56,54,62,14%,6%,85,90%,5.71,85,1%,56%,14,151,39,7,10%,2%,2.55,1.97,1.74,10.57,2%
DZ00982,Newmains North,Glenhaven,966,655,792,50,10,5,3,870,675,435,1166,1035,725,633,12%,118,12%,77,147,142,223,104,18%,7%,114,89%,5.32,126,4%,36%,24,232,31,4,11%,2%,2.17,2.69,2.56,5.96,5%
DZ00962,Torcraig East,Eskbrae,895,559,1565,98,20,10,5,1517,1567,1535,1573,919,1549,1045,1%,9,1%,6,45,43,55,55,11%,5%,60,92%,6.2,24,0%,56%,5,69,23,6,10%,1%,2.48,2.5,2.23,9.84,2%
DZ01182,Branhaugh,Glenhaven,998,668,337,22,5,3,2,397,239,234,662,666,501,789,15%,146,14%,95,183,214,161,109,22%,9%,153,85%,5.17,162,6%,33%,34,249,39,5,14%,2%,3.38,2.15,2.8,10.05,4%
DZ00757,Balpark East,Drumlarach,631,376,400,25,5,3,2,567,261,611,389,527,527,510,12%,77,16%,61,87,133,238,105,19%,5%,87,82%,4.73,276,5%,28%,15,324,48,6,16%,2%,3.53,3.98,3.45,12.75,3%
DZ00592,Rossford Central,Drumlarach,785,523,43,3,1,1,1,39,143,52,29,791,30,440,27%,209,19%,98,246,158,265,132,27%,8%,149,79%,3.71,350,12%,10%,38,449,38,9,14%,2%,3.18,3.51,2.44,10.63,1%
DZ01457,Kinshaws Central,Fallinmuir,765,520,1073,68,14,7,4,1053,1209,641,1067,702,1202,1255,7%,51,4%,20,70,122,149,99,19%,6%,93,89%,5.34,144,4%,39%,3,208,29,4,8%,1%,2.68,2.42,2.3,11.97,4%
DZ00743,Fernbrae North,Corriebeg,706,471,1262,79,16,8,4,1185,1343,1474,624,1554,389,149,6%,41,5%,22,67,83,79,72,10%,5%,65,84%,4.42,179,6%,34%,29,307,69,9,18%,3%,0.5,0.55,0.5,3.0,0%
DZ00155,Fernholm North,Drumlarach,841,545,867,55,11,6,3,656,738,1087,1173,867,841,940,12%,104,11%,58,73,101,157,94,14%,5%,89,89%,5.43,139,5%,41%,16,269,40,8,9%,2%,2.11,2.06,2.4,8.65,1%
DZ00929,Newlea West,Eskbrae,713,439,109,7,2,1,1,110,147,77,247,1237,15,174,21%,149,18%,78,200,133,223,164,26%,8%,183,83%,4.82,234,8%,16%,50,560,66,12,18%,3%,1.33,1.63,1.41,6.07,1%
DZ00735,Newside South,Brackenlaw,595,391,356,23,5,3,2,279,414,619,410,444,459,1065,20%,120,11%,44,97,206,234,100,18%,4%,101,85%,4.87,222,8%,25%,31,343,39,5,11%,2%,4.41,4.28,3.33,13.54,4%
DZ00811,Strathwood East,Fallinmuir,533,346,1417,89,18,9,5,1112,1516,1220,1490,1096,1088,1375,7%,38,1%,3,99,75,112,73,15%,5%,109,91%,5.75,114,0%,57%,12,142,13,4,5%,2%,1.97,2.78,2.59,7.53,2%
DZ00139,Strathfield West,Brackenlaw,919,619,311,20,4,2,1,272,324,149,572,485,824,1158,17%,157,13%,78,131,367,243,162,26%,6%,145,87%,5.02,240,7%,34%,14,182,34,5,9%,2%,3.93,4.03,3.1,12.62,5%
DZ01264,Torburn,Glenhaven,834,519,991,62,13,7,4,1150,809,971,900,642,772,1547,4%,37,9%,46,72,229,184,102,19%,3%,102,90%,5.56,154,4%,47%,13,291,2,0,0%,0%,2.8,3.5,2.76,12.65,3%
DZ00216,Fernlea North,Brackenlaw,781,506,267,17,4,2,1,357,210,509,202,669,87,563,18%,144,14%,73,116,328,322,102,19%,7%,99,79%,4.68,261,9%,23%,40,439,45,8,11%,3%,2.86,3.06,2.82,10.39,2%
DZ01432,Lochanlea South,Harlawmuir,800,527,715,45,9,5,3,871,849,626,781,83,1257,1428,12%,96,10%,52,126,86,201,100,19%,8%,108,85%,5.59,172,5%,41%,24,127,27,0,4%,0%,6.72,6.45,5.63,22.12,9%
DZ00367,Glengate,Aldmoor,875,556,478,30,6,3,2,443,448,549,517,853,295,1373,11%,100,13%,74,122,120,201,86,22%,5%,106,85%,4.83,259,7%,33%,32,411,26,2,4%,0%,2.37,3.55,2.64,8.52,1%
DZ00311,Whinwood,Drumlarach,803,512,725,46,10,5,3,572,904,745,682,1018,396,907,15%,117,8%,43,102,78,249,123,16%,9%,149,86%,4.8,196,5%,29%,27,291,29,6,8%,2%,2.08,2.32,1.89,6.99,2%
DZ01328,Balholm North,Eskbrae,590,347,343,22,5,3,2,412,151,327,471,1531,660,36,13%,79,16%,55,155,193,339,114,22%,7%,107,85%,5.02,219,7%,27%,17,228,74,16,23%,4%,0.98,1.51,1.04,3.0,0%
DZ00054,Lochanford Central,Brackenlaw,813,493,1333,84,17,9,5,1289,1464,1467,979,488,544,1423,9%,76,2%,9,68,55,65,62,10%,2%,53,87%,5.06,196,4%,43%,24,273,18,4,6%,2%,3.64,4.36,2.9,14.62,5%
DZ00403,Inverwood Central,Aldmoor,697,439,1123,71,15,8,4,1061,1330,1110,856,475,944,1227,8%,58,4%,15,120,68,126,80,13%,5%,89,87%,5.21,153,4%,38%,17,186,21,2,9%,1%,3.87,3.72,3.41,10.52,6%
DZ00453,Torcraig South,Brackenlaw,801,484,1066,67,14,7,4,1098,1130,1291,1397,22,875,1089,7%,58,7%,36,56,64,51,76,13%,4%,94,90%,5.64,56,3%,43%,29,257,27,6,8%,2%,6.69,7.89,6.31,26.43,12%
DZ01511,Baltoun North,Harlawmuir,723,436,519,33,7,4,2,665,515,468,884,206,455,1134,13%,92,11%,47,138,80,260,107,18%,9%,114,88%,5.04,194,5%,35%,21,363,38,2,8%,1%,4.79,6.03,4.29,19.99,8%
DZ01390,Birkhill,Glenhaven,679,398,270,17,4,2,1,176,412,224,160,1204,247,797,19%,128,11%,45,112,137,254,112,23%,6%,119,81%,4.32,273,10%,19%,28,376,48,5,11%,2%,1.85,2.18,1.75,9.27,2%
DZ00656,Melfield South,Brackenlaw,762,500,976,61,13,7,4,876,831,1108,881,826,1476,802,8%,62,8%,39,87,100,98,79,16%,6%,74,91%,5.37,140,6%,34%,3,31,41,6,10%,2%,2.99,3.01,3.03,11.3,3%
DZ01263,Torburn,Glenhaven,983,644,1403,88,18,9,5,1444,1322,1445,1305,633,1020,1548,2%,16,3%,19,65,62,82,80,15%,3%,85,90%,6.15,65,1%,37%,11,150,2,0,0%,0%,2.63,3.97,2.4,10.36,2%
DZ00192,Newshaws Central,Drumlarach,595,384,1085,68,14,7,4,1037,960,910,731,1537,1532,970,7%,39,8%,31,70,157,167,102,18%,4%,69,84%,5.16,164,4%,34%,0,33,37,3,11%,2%,1.08,1.04,0.89,3.0,0%
DZ01326,Langdale West,Eskbrae,1013,660,368,23,5,3,2,398,220,519,343,1241,373,1099,19%,191,15%,102,126,174,162,130,21%,7%,137,83%,4.48,205,6%,23%,25,323,30,6,10%,2%,1.54,2.36,1.32,8.34,1%
DZ00725,Kilgate South,Aldmoor,869,532,148,10,2,1,1,116,257,68,179,1309,219,68,21%,181,16%,83,162,297,187,150,27%,10%,152,82%,4.43,233,10%,18%,39,401,69,14,23%,3%,1.17,1.15,0.96,4.21,2%
DZ01095,Lochanbank West,Fallinmuir,991,663,1367,86,18,9,5,1373,1137,1118,1419,1322,1527,1277,5%,45,7%,45,62,86,172,84,19%,6%,86,91%,6.52,83,3%,51%,11,85,22,1,9%,0%,1.48,1.86,1.38,6.55,1%
DZ01105,Dunfield,Glenhaven,716,486,810,51,11,6,3,832,948,570,714,681,823,1471,10%,72,8%,41,123,394,207,108,16%,6%,115,86%,5.05,170,5%,32%,11,271,6,0,1%,0%,3.16,4.17,2.59,10.09,3%
DZ00868,Brandale,Glenhaven,817,506,637,40,8,4,2,536,621,672,469,1533,676,292,12%,98,9%,47,93,90,291,134,20%,6%,112,84%,4.91,209,6%,35%,18,357,54,16,16%,3%,0.86,0.8,0.5,3.0,0%
DZ01153,Ashside East,Harlawmuir,593,353,1442,91,19,10,5,1376,1395,1463,1524,352,1474,1473,5%,27,4%,16,88,64,80,80,13%,5%,65,90%,6.46,89,0%,51%,3,96,7,0,6%,1%,4.52,5.12,3.54,14.29,7%
DZ00602,Balburn Central,Aldmoor,823,506,1234,78,16,8,4,1108,1467,711,620,1460,1145,1515,8%,69,2%,8,108,120,169,80,20%,6%,97,89%,5.09,175,7%,31%,7,171,9,0,3%,1%,1.85,0.87,1.0,4.51,0%
DZ00894,Branhill,Fallinmuir,917,587,557,35,7,4,2,417,800,680,265,1092,574,407,18%,161,10%,61,90,84,312,107,20%,5%,115,82%,4.73,224,9%,30%,20,305,51,5,14%,2%,1.83,2.52,1.54,10.2,2%
DZ00558,Invergate,Drumlarach,761,501,1059,67,14,7,4,1059,985,780,852,1413,1177,1450,9%,70,8%,40,150,91,204,115,21%,6%,87,86%,5.3,150,5%,37%,16,182,0,0,4%,1%,1.37,1.44,0.84,5.19,0%
DZ00160,Daltoun North,Drumlarach,486,283,193,13,3,2,1,237,278,219,378,113,698,120,17%,85,16%,45,166,94,270,128,20%,9%,118,81%,4.89,218,8%,34%,21,270,65,14,15%,3%,5.91,6.49,5.1,23.82,9%
DZ00372,Dalpark East,Brackenlaw,774,455,685,43,9,5,3,763,937,414,990,175,603,1205,11%,83,8%,35,86,99,179,119,21%,6%,114,84%,5.16,168,5%,40%,25,245,23,3,9%,2%,4.84,6.1,5.77,19.84,6%
DZ01201,Newhaugh East,Eskbrae,864,569,235,15,3,2,1,281,277,204,73,1145,531,581,20%,169,13%,71,106,186,537,124,25%,7%,133,80%,4.12,262,12%,12%,16,204,22,8,12%,3%,1.17,1.59,2.02,5.1,2%
DZ00601,Balburn Central,Aldmoor,498,303,1291,81,17,9,5,1312,1529,651,1017,889,547,494,4%,21,1%,3,81,119,155,113,20%,5%,98,86%,5.38,160,2%,40%,26,298,54,13,14%,2%,2.16,2.53,2.15,10.48,1%
DZ00704,Melcraig East,Corriebeg,613,386,135,9,2,1,1,158,132,121,420,838,41,19,17%,107,15%,57,161,144,387,136,25%,7%,123,87%,4.81,243,8%,24%,43,519,95,13,24%,5%,2.97,3.32,2.58,8.05,2%
DZ01370,Birkwood Central,Eskbrae,910,545,260,17,4,2,1,195,291,151,436,1412,62,467,18%,167,15%,84,215,193,132,133,19%,9%,150,84%,4.72,246,7%,36%,40,485,36,11,15%,2%,1.14,1.74,1.13,4.14,0%
DZ00254,Ashshaws South,Brackenlaw,666,450,1077,68,14,7,4,1062,914,1182,1273,392,1388,1338,8%,53,7%,30,90,109,68,81,15%,4%,70,92%,5.5,79,3%,43%,8,38,34,0,6%,2%,4.31,4.42,3.45,15.22,6%
DZ00462,Craigbank North,Corriebeg,741,478,111,7,2,1,1,173,162,172,18,1131,105,455,20%,151,16%,78,134,152,209,111,24%,8%,112,76%,4.04,360,13%,5%,37,427,51,9,14%,2%,2.3,2.26,2.13,4.9,1%
DZ01596,Birktoun South,Harlawmuir,879,552,720,45,9,5,3,802,737,713,1264,183,484,460,10%,88,8%,46,80,65,97,111,18%,7%,116,86%,5.67,122,2%,49%,29,299,42,8,15%,2%,5.2,5.72,5.33,18.35,7%
DZ00611,Glenpark North,Brackenlaw,755,485,579,37,8,4,2,851,389,789,338,1242,434,14,10%,79,12%,59,81,129,157,123,21%,7%,89,79%,4.6,200,6%,23%,33,274,92,15,22%,5%,1.18,1.1,2.47,7.79,1%
DZ00339,Strathlaw Central,Brackenlaw,682,419,1484,93,19,10,5,1359,1480,1536,1474,887,1140,688,2%,17,1%,4,78,51,93,68,10%,4%,75,89%,5.91,57,0%,48%,16,248,42,8,13%,2%,2.61,3.54,1.42,8.6,2%
DZ00090,Dalcraig West,Aldmoor,997,631,1226,77,16,8,4,1317,1325,1317,834,127,1469,1513,3%,31,4%,25,90,79,43,92,12%,3%,79,87%,5.08,160,5%,38%,0,104,11,0,1%,0%,4.96,6.14,5.48,20.27,7%
DZ00392,Rossburn Central,Drumlarach,608,387,171,11,3,2,1,149,250,93,245,1181,110,21,19%,117,15%,58,177,167,214,136,29%,9%,114,82%,4.7,306,10%,19%,37,456,77,12,22%,4%,1.91,1.78,1.43,7.28,0%
DZ01364,Invercraig West,Eskbrae,783,502,1025,65,13,7,4,875,1127,1267,977,446,634,1193,7%,51,7%,34,86,127,102,72,18%,4%,97,86%,5.24,187,3%,33%,28,290,18,6,8%,2%,3.9,4.12,3.51,12.93,3%
DZ00849,Dalfield West,Eskbrae,870,571,1237,78,16,8,4,1111,1262,1413,1086,1004,744,1082,7%,65,5%,26,69,94,115,67,13%,4%,79,94%,5.43,106,5%,40%,19,233,20,4,8%,1%,2.81,2.75,2.56,9.15,1%
DZ00435,Balside,Drumlarach,932,628,1208,76,16,8,4,1135,1367,1235,825,951,815,579,4%,33,2%,12,87,48,91,108,13%,6%,87,87%,4.96,195,6%,40%,16,278,55,5,13%,2%,2.4,2.7,2.16,12.31,1%
DZ00497,Ashford Central,Brackenlaw,892,604,1290,81,17,9,5,1122,1225,1337,1380,952,1318,1036,7%,60,5%,31,50,49,59,82,15%,5%,71,90%,6.23,106,2%,40%,2,99,39,6,9%,2%,2.06,2.29,1.66,7.49,3%
DZ00449,Rossfield West,Aldmoor,512,307,1049,66,14,7,4,1026,1145,1196,1097,277,969,704,9%,45,8%,24,59,55,196,106,14%,5%,68,87%,5.66,106,3%,52%,20,244,46,4,13%,3%,4.74,5.24,4.55,18.13,5%
DZ00599,Birklaw South,Drumlarach,806,480,1007,63,13,7,4,768,1092,1076,965,1066,695,956,12%,100,7%,35,92,106,114,107,19%,4%,82,83%,5.33,151,5%,43%,16,208,43,2,9%,3%,2.99,2.69,1.42,7.49,0%
DZ01591,Glenfield Central,Harlawmuir,725,432,49,4,1,1,1,74,83,92,130,91,479,274,23%,169,18%,77,175,262,297,153,27%,8%,153,79%,4.25,285,9%,13%,32,270,61,9,14%,3%,5.47,7.12,5.62,20.54,8%
DZ00842,Newmuir South,Eskbrae,774,460,567,36,8,4,2,721,460,526,838,514,437,314,14%,105,13%,61,93,152,190,106,18%,4%,126,88%,5.46,200,5%,34%,25,286,62,12,16%,3%,4.02,3.81,2.52,14.89,4%
DZ01206,Balburn South,Eskbrae,841,539,470,30,6,3,2,415,322,660,430,1476,488,586,16%,135,15%,79,97,96,185,149,20%,8%,103,86%,4.54,226,6%,29%,21,290,52,9,15%,3%,1.13,2.11,1.08,3.0,0%
DZ00956,Whinhaugh West,Harlawmuir,840,559,854,54,11,6,3,1009,777,684,680,520,1506,1314,9%,75,10%,54,144,152,88,130,20%,6%,96,84%,5.08,244,5%,31%,0,85,14,3,7%,2%,3.27,4.28,3.23,13.49,3%
DZ00817,Melwood North,Fallinmuir,742,485,1219,77,16,8,4,803,1263,1429,1190,1432,930,1107,13%,98,4%,20,50,53,51,70,11%,5%,68,89%,5.62,119,2%,47%,25,261,32,2,6%,2%,1.46,1.14,1.3,6.9,0%
DZ01442,Rossgate Central,Eskbrae,583,346,1322,83,17,9,5,1231,1442,1295,1349,656,407,931,7%,39,2%,8,64,69,78,79,12%,5%,84,89%,5.66,70,2%,51%,26,329,39,8,12%,1%,3.52,3.9,3.23,15.48,3%
DZ00954,Fernfield East,Harlawmuir,749,479,770,49,10,5,3,765,929,824,465,725,838,793,8%,59,8%,39,106,71,52,92,15%,7%,104,83%,4.85,204,7%,25%,13,216,38,8,12%,2%,2.69,2.87,3.29,10.02,4%
DZ01408,Inverford North,Eskbrae,550,325,265,17,4,2,1,214,134,759,153,1500,200,369,19%,104,18%,57,116,111,140,67,18%,4%,108,78%,4.54,274,8%,23%,32,421,52,10,15%,1%,1.47,1.01,0.6,3.0,0%
DZ00938,Lochanfield South,Fallinmuir,763,482,951,60,12,6,3,886,834,1012,1153,948,751,511,9%,69,9%,44,74,198,76,119,18%,8%,106,90%,5.67,170,4%,42%,31,215,61,8,14%,3%,2.07,2.85,1.78,7.97,1%
DZ00616,Glenholm North,Brackenlaw,738,440,755,48,10,5,3,634,581,1000,1344,831,166,308,11%,84,11%,47,73,162,141,89,19%,4%,115,91%,5.78,136,2%,47%,36,408,73,8,16%,3%,2.84,3.16,2.66,8.17,2%
DZ00904,Inverlea West,Glenhaven,624,400,674,43,9,5,3,773,411,432,821,1513,518,1404,10%,64,11%,45,122,178,192,112,22%,5%,129,84%,5.22,193,4%,34%,24,366,5,1,5%,1%,1.32,0.75,1.17,3.0,1%
DZ00537,Ashford Central,Brackenlaw,669,437,933,59,12,6,3,831,1010,1030,713,1164,808,335,12%,83,8%,34,91,179,62,80,15%,7%,120,86%,5.15,198,4%,37%,18,186,57,12,14%,3%,2.34,2.68,2.0,5.86,1%
DZ01031,Strathpark South,Harlawmuir,688,434,748,47,10,5,3,1123,601,845,470,289,1274,1175,9%,63,14%,61,80,95,172,85,19%,6%,74,86%,4.87,177,8%,25%,3,180,25,4,7%,2%,4.54,5.43,4.14,18.16,4%
DZ00790,Strathmuir South,Corriebeg,553,365,1052,66,14,7,4,836,1168,982,1221,1188,173,906,10%,55,6%,21,62,113,58,103,19%,4%,113,91%,5.4,107,3%,49%,38,387,36,2,10%,2%,1.45,1.5,1.74,7.75,1%
DZ01353,Strathtoun West,Harlawmuir,649,409,955,60,12,6,3,918,1000,554,1016,931,816,1582,8%,55,7%,28,112,170,180,142,21%,7%,133,88%,5.27,159,5%,42%,17,262,0,0,2%,0%,2.21,3.36,2.56,8.98,0%
DZ01431,Lochanlea South,Harlawmuir,587,342,156,10,2,1,1,359,89,473,268,46,337,909,18%,105,18%,62,106,132,86,120,21%,7%,110,86%,4.48,251,10%,16%,28,342,42,4,12%,1%,6.49,7.87,5.59,24.23,10%
DZ01146,Dunbank Central,Glenhaven,830,484,950,60,12,6,3,835,1071,769,493,1390,997,1445,11%,91,7%,35,102,102,115,105,20%,6%,100,82%,4.7,207,7%,29%,8,217,9,1,6%,1%,1.82,1.24,0.5,5.33,0%
DZ00323,Strathdale North,Aldmoor,942,554,305,20,4,2,1,290,427,545,306,60,821,1007,16%,152,13%,69,132,184,155,104,15%,4%,114,81%,4.44,234,7%,25%,26,267,37,4,13%,2%,6.13,6.56,6.48,21.42,9%
DZ01558,Langholm East,Harlawmuir,963,605,1169,74,15,8,4,1214,1256,884,1217,212,1541,1453,6%,55,6%,34,89,179,127,88,14%,7%,116,89%,5.87,138,4%,39%,0,42,13,2,5%,0%,4.97,5.27,5.16,20.05,7%
DZ00030,Kilcraig North,Corriebeg,673,439,714,45,9,5,3,681,608,819,828,1193,439,367,10%,65,8%,36,64,100,62,94,19%,7%,85,87%,5.51,144,3%,35%,30,322,57,9,16%,3%,1.56,2.34,1.9,5.19,1%
DZ00993,Birkshaws East,Harlawmuir,933,585,769,49,10,5,3,753,966,547,447,1095,915,848,12%,115,8%,45,123,162,70,142,20%,7%,95,82%,4.7,206,5%,24%,20,300,46,5,10%,2%,2.19,1.83,1.98,7.56,3%
DZ00988,Birkwood East,Glenhaven,899,526,1167,73,15,8,4,980,1324,1052,1180,817,1288,216,7%,60,3%,17,110,100,384,95,16%,7%,69,91%,5.58,143,3%,44%,11,158,84,8,14%,3%,2.85,3.17,2.54,9.42,2%
DZ00278,Whinbrae East,Drumlarach,1046,684,1493,94,19,10,5,1463,1500,1464,1404,551,1101,1561,1%,10,1%,10,52,47,101,76,11%,6%,76,91%,5.64,102,0%,51%,8,172,0,0,3%,0%,3.25,4.25,2.8,11.74,5%
DZ00347,Melhill Central,Corriebeg,460,269,472,30,6,3,2,591,365,311,481,1184,492,564,12%,56,13%,34,102,231,156,139,22%,6%,95,81%,4.75,216,6%,25%,12,234,65,8,15%,2%,1.52,2.79,2.15,6.48,2%
DZ01087,Strathdale,Eskbrae,794,530,1425,90,18,9,5,1442,1260,1308,1324,1585,844,493,1%,8,6%,30,61,60,52,103,12%,3%,85,90%,5.87,122,1%,46%,18,273,55,8,15%,2%,0.5,0.5,0.5,3.0,0%
DZ00556,Balshaws North,Drumlarach,759,456,716,45,9,5,3,373,568,1200,996,1404,612,714,16%,118,11%,50,81,65,54,74,16%,4%,99,87%,5.36,155,6%,47%,16,303,36,9,15%,2%,1.17,1.65,0.8,6.17,0%
DZ00994,Birkshaws East,Harlawmuir,1143,673,350,22,5,3,2,375,514,225,124,872,899,498,18%,201,10%,64,102,119,234,103,24%,5%,137,80%,4.47,280,8%,17%,27,267,45,9,17%,4%,2.27,3.01,2.01,9.03,3%
DZ00570,Newbank North,Aldmoor,523,316,17,2,1,1,1,42,49,30,21,165,3,450,29%,152,20%,62,192,440,240,235,28%,6%,182,78%,3.88,356,11%,5%,51,638,47,6,14%,3%,5.24,5.89,5.44,20.76,8%
DZ01070,Branpark East,Glenhaven,862,553,764,48,10,5,3,821,624,826,801,814,1241,139,9%,75,9%,52,88,119,142,113,14%,6%,93,88%,5.23,185,5%,26%,11,162,73,11,14%,3%,2.21,3.58,2.51,9.06,3%
DZ00916,Whinhaugh West,Harlawmuir,938,609,835,53,11,6,3,838,709,943,931,400,1554,302,12%,115,10%,59,71,67,119,96,21%,6%,98,87%,5.14,192,5%,32%,0,67,61,10,12%,3%,4.25,3.96,3.54,12.3,5%
DZ00341,Rossburn South,Corriebeg,770,481,71,5,1,1,1,82,68,373,37,1078,26,89,21%,160,20%,97,75,98,195,104,23%,9%,128,81%,3.82,288,10%,10%,38,473,63,13,15%,2%,3.25,2.51,1.61,5.41,1%
DZ00362,Rosslaw North,Aldmoor,628,404,1215,76,16,8,4,1301,1061,1162,1447,327,1109,1109,3%,20,7%,27,81,124,98,84,15%,6%,103,91%,6.16,98,1%,49%,19,146,25,5,10%,1%,4.26,4.75,4.29,16.23,6%
DZ00307,Lochanwood South,Corriebeg,840,504,956,60,12,6,3,727,1064,1014,846,1283,467,741,9%,77,7%,35,98,85,116,77,16%,5%,91,89%,5.02,200,4%,41%,27,290,42,5,9%,2%,2.1,1.77,2.09,6.02,0%
DZ00396,Kinfield East,Drumlarach,778,506,1560,98,20,10,5,1582,1536,1530,1456,807,1375,701,1%,8,1%,5,57,60,60,62,13%,6%,76,92%,6.49,109,2%,57%,6,142,51,4,12%,3%,2.98,3.47,3.65,10.54,3%
DZ00972,Strathholm,Fallinmuir,791,505,412,26,6,3,2,258,611,385,411,1304,76,1051,18%,146,9%,47,147,316,183,144,22%,8%,118,87%,5.0,220,8%,32%,38,392,24,8,11%,2%,1.68,1.6,1.04,3.51,0%
DZ01498,Kinshaws Central,Fallinmuir,866,561,1571,99,20,10,5,1496,1522,1593,1581,1296,1531,938,2%,21,1%,6,35,36,31,61,7%,3%,44,92%,6.18,22,0%,55%,0,53,48,3,11%,2%,0.51,1.55,0.82,4.24,1%
DZ00207,Craigbrae East,Aldmoor,621,421,620,39,8,4,2,637,435,592,1026,584,673,1432,12%,76,12%,53,140,90,145,89,22%,6%,86,86%,5.11,122,4%,37%,21,226,15,0,4%,0%,2.64,3.91,3.22,12.75,5%
DZ00693,Dalcraig South,Brackenlaw,951,561,1382,87,18,9,5,1306,1486,1447,1009,553,1409,377,7%,65,1%,6,77,105,75,63,17%,4%,82,88%,5.46,135,3%,46%,0,99,48,9,17%,4%,4.0,3.52,2.7,14.32,3%
DZ01281,Fernmuir North,Eskbrae,952,643,80,5,1,1,1,43,87,304,67,1277,196,210,22%,211,17%,107,108,132,315,132,21%,9%,100,81%,4.38,306,11%,18%,40,364,47,12,15%,2%,1.63,1.65,1.58,9.54,0%
DZ00320,Birkshaws North,Drumlarach,927,559,845,53,11,6,3,725,689,951,963,674,1483,1217,13%,118,11%,60,108,126,116,96,12%,5%,89,84%,5.29,182,4%,38%,9,171,26,3,9%,1%,2.02,3.28,2.65,11.97,3%
DZ01473,Rossside North,Harlawmuir,962,653,711,45,9,5,3,1025,714,927,759,17,1182,787,9%,89,9%,61,75,86,78,98,17%,6%,93,86%,5.4,169,4%,24%,19,239,27,8,9%,2%,7.17,7.09,6.65,27.37,10%
DZ00021,Glenhill West,Corriebeg,789,532,1225,77,16,8,4,1273,1240,1406,1089,216,1382,1329,6%,49,6%,30,68,71,51,73,11%,4%,53,86%,5.79,164,4%,39%,8,25,18,3,7%,1%,4.82,5.99,4.94,19.76,6%
DZ01552,Glenfield Central,Harlawmuir,732,425,612,39,8,4,2,505,598,542,929,191,1548,1510,14%,99,12%,52,124,159,78,112,21%,7%,125,89%,5.32,111,4%,35%,0,47,2,2,4%,1%,5.45,5.41,5.14,20.61,8%
DZ00473,Langford Central,Drumlarach,620,402,658,42,9,5,3,564,974,278,507,1257,339,1307,15%,94,8%,33,155,134,301,107,23%,8%,146,83%,4.79,229,4%,27%,19,330,31,0,8%,2%,1.46,1.81,1.69,5.91,2%
DZ00661,Birkwood West,Corriebeg,861,584,1392,87,18,9,5,1408,1271,1115,1278,1343,1537,1501,2%,20,5%,26,78,70,125,103,15%,9%,94,87%,5.51,139,2%,48%,0,21,6,0,1%,0%,1.27,1.47,1.12,5.23,0%
DZ00901,Kinlea Central,Glenhaven,989,614,1507,95,19,10,5,1513,1482,1363,1345,773,1408,1465,3%,25,2%,11,46,72,118,70,11%,8%,97,89%,5.88,97,2%,49%,8,110,0,1,3%,1%,3.25,2.92,2.19,9.19,2%
DZ01527,Balbank Central,Eskbrae,783,498,1528,96,20,10,5,1509,1448,1435,1531,802,1569,1592,1%,9,3%,17,81,86,46,70,18%,5%,60,92%,6.37,53,1%,57%,0,60,0,0,0%,0%,3.05,3.07,1.83,9.47,3%
DZ00046,Glenside North,Aldmoor,759,506,285,18,4,2,1,226,395,489,678,123,124,602,19%,142,11%,58,137,147,77,133,23%,10%,98,86%,5.0,189,6%,37%,44,389,55,4,12%,0%,5.29,7.03,5.22,22.18,8%
DZ00091,Glenpark West,Brackenlaw,657,444,1516,95,19,10,5,1441,1524,1448,1587,232,1539,1330,1%,7,1%,4,60,59,55,79,12%,7%,73,94%,6.56,38,0%,65%,0,43,26,3,9%,1%,5.86,5.75,4.52,18.68,8%
DZ01554,Langcraig East,Harlawmuir,844,572,969,61,13,7,4,726,1159,1127,1189,169,1315,679,12%,98,5%,30,91,159,124,96,15%,7%,82,88%,5.7,137,2%,45%,16,142,30,3,13%,3%,5.55,6.33,4.59,20.96,8%
DZ00623,Kinwood West,Corriebeg,633,368,958,60,12,6,3,995,576,1302,371,1522,1374,1444,10%,61,12%,43,57,136,98,72,15%,6%,79,83%,4.8,193,6%,18%,7,87,10,0,0%,0%,0.72,0.95,0.5,3.0,0%
DZ00094,Kilburn West,Brackenlaw,520,303,1082,68,14,7,4,1012,1032,1139,1302,510,820,1352,10%,54,6%,19,68,109,83,76,15%,3%,83,91%,5.88,93,2%,50%,20,263,4,4,7%,1%,3.77,4.22,3.23,13.57,6%
DZ01332,Torside,Fallinmuir,565,382,944,59,12,6,3,723,1063,999,922,1258,352,634,11%,65,7%,27,88,119,165,122,21%,4%,72,87%,5.42,176,5%,42%,24,378,54,7,9%,2%,1.46,2.53,1.15,5.53,2%
DZ00471,Dunlaw,Drumlarach,899,538,55,4,1,1,1,91,102,55,84,1021,2,154,19%,174,18%,98,164,551,416,121,29%,9%,157,79%,4.0,311,9%,15%,55,593,69,11,15%,4%,1.7,2.44,1.82,8.41,2%
DZ00428,Melburn North,Corriebeg,754,491,1,1,1,1,1,2,1,1,1,1285,4,131,35%,261,28%,140,316,539,1279,273,35%,9%,245,74%,3.14,413,16%,0%,48,586,61,11,20%,4%,1.4,1.71,1.74,3.8,0%
DZ01584,Ashpark West,Glenhaven,904,596,1241,78,16,8,4,1440,718,1321,1294,993,1201,691,3%,27,9%,51,82,91,42,82,14%,5%,57,89%,5.66,111,2%,50%,12,110,50,7,14%,2%,2.75,2.8,1.68,9.54,0%
DZ00186,Langlaw,Corriebeg,788,528,1438,90,18,9,5,1386,1415,1320,1387,840,1427,1305,1%,8,3%,17,68,149,54,74,13%,6%,93,90%,6.14,110,0%,51%,2,71,40,0,3%,1%,2.55,3.25,2.45,9.76,3%
DZ01275,Langmains North,Harlawmuir,889,521,424,27,6,3,2,383,701,831,166,148,604,1393,18%,163,10%,52,76,87,79,106,20%,3%,118,83%,4.47,276,10%,24%,21,319,12,0,5%,0%,4.79,5.18,4.74,18.04,8%
DZ01259,Rosshill North,Fallinmuir,684,420,1414,89,18,9,5,1555,1233,1293,1348,685,369,1514,1%,7,7%,28,62,91,76,81,16%,3%,60,93%,5.7,88,2%,54%,29,234,5,0,1%,0%,2.6,3.24,1.62,11.19,2%
DZ01381,Inverdale North,Glenhaven,842,503,347,22,5,3,2,251,263,609,464,1116,537,366,18%,149,12%,63,94,122,147,109,18%,5%,143,86%,4.86,197,6%,25%,27,329,44,6,15%,2%,2.04,2.26,2.06,5.87,2%
DZ00418,Brangate North,Brackenlaw,823,540,1336,84,17,9,5,1521,1217,1011,919,848,1401,1244,2%,16,5%,29,126,107,329,87,17%,4%,106,86%,5.67,132,4%,45%,11,122,23,2,12%,1%,3.18,3.75,2.25,10.13,1%
DZ01577,Lochantoun East,Fallinmuir,946,627,664,42,9,5,3,521,641,513,1119,925,705,845,13%,126,10%,65,122,161,134,101,18%,7%,123,90%,5.45,189,2%,40%,25,263,35,8,13%,1%,3.04,2.99,1.93,9.04,1%
DZ00948,Langlaw North,Glenhaven,844,540,1033,65,13,7,4,889,1001,1349,913,849,694,1199,9%,79,9%,47,65,56,107,70,13%,4%,78,87%,5.55,188,5%,37%,30,303,29,3,8%,2%,3.01,2.7,2.85,6.85,4%
DZ01547,Craigholm,Glenhaven,727,491,1248,78,16,8,4,1318,1152,1336,1309,302,1120,1173,3%,20,5%,25,70,87,45,85,14%,4%,71,88%,5.72,129,1%,52%,16,151,20,3,5%,0%,4.44,5.5,3.88,16.34,6%
DZ00850,Dalfield West,Eskbrae,1004,627,1376,86,18,9,5,1321,1315,1434,1479,661,812,1326,3%,26,3%,18,78,45,86,95,7%,5%,81,92%,6.02,108,0%,51%,16,228,20,0,5%,1%,2.39,3.5,3.07,11.96,3%
DZ01357,Dungate Central,Harlawmuir,695,468,558,35,7,4,2,829,387,330,926,266,1127,1391,9%,65,13%,59,130,170,192,148,22%,7%,114,86%,5.29,172,4%,42%,10,151,4,0,6%,1%,4.49,5.38,4.15,17.3,6%
DZ01471,Baltoun North,Harlawmuir,935,545,52,4,1,1,1,150,29,133,81,242,450,583,21%,198,18%,98,203,239,314,152,24%,8%,162,80%,4.18,274,10%,18%,31,287,50,11,16%,3%,4.73,5.04,5.07,17.4,7%
DZ00919,Dunside South,Harlawmuir,688,412,1029,65,13,7,4,904,1305,935,570,843,619,1551,9%,61,5%,20,107,101,82,84,17%,5%,78,86%,4.88,168,6%,28%,31,297,3,0,6%,0%,2.46,2.29,2.42,8.98,2%
DZ00282,Torholm South,Aldmoor,873,586,1464,92,19,10,5,1445,1541,1271,1519,137,1206,1539,4%,33,2%,9,75,103,44,97,16%,3%,87,92%,6.22,80,0%,56%,18,162,9,0,2%,0%,5.42,6.57,5.36,20.02,10%
DZ00127,Whindale East,Aldmoor,912,546,89,6,2,1,1,121,33,260,336,121,1054,1268,21%,191,20%,110,94,207,200,164,24%,8%,150,80%,4.75,265,7%,24%,15,172,22,3,6%,0%,6.16,6.4,5.64,19.83,9%
DZ00767,Lochancraig,Aldmoor,798,528,784,49,10,5,3,757,573,730,956,1028,1366,647,10%,82,12%,63,115,139,133,84,19%,8%,76,85%,5.28,107,5%,34%,3,148,48,4,17%,2%,1.91,2.84,2.74,9.75,2%
DZ01149,Ferntoun Central,Glenhaven,676,456,1477,93,19,10,5,1499,1427,1376,1493,734,1090,808,2%,14,3%,12,124,70,80,64,14%,5%,62,92%,6.22,112,2%,56%,14,254,43,4,8%,2%,2.67,3.66,2.84,10.14,1%
DZ00781,Strathside Central,Corriebeg,709,458,234,15,3,2,1,286,128,85,564,1160,303,1166,18%,126,17%,77,227,178,404,178,28%,6%,156,87%,5.05,173,5%,29%,37,370,44,4,9%,1%,2.2,2.47,1.42,8.66,1%
DZ00085,Newlaw North,Aldmoor,734,433,1229,77,16,8,4,993,1407,1486,1215,168,1334,1203,10%,71,1%,5,42,77,47,79,11%,9%,51,90%,5.64,145,2%,41%,11,93,21,5,4%,1%,5.65,5.44,5.21,17.1,8%
DZ00305,Torlaw South,Corriebeg,465,290,636,40,8,4,2,575,574,1043,1010,359,387,600,15%,71,13%,37,86,77,205,127,17%,6%,80,85%,5.19,187,4%,45%,28,326,41,6,10%,3%,4.53,5.09,3.59,14.15,5%
DZ00006,Glenside North,Aldmoor,614,415,204,13,3,2,1,261,294,334,475,15,311,716,19%,119,13%,54,128,158,78,117,21%,6%,105,84%,5.06,223,7%,32%,24,342,42,10,10%,1%,7.23,7.81,5.7,25.87,11%
DZ00949,Dunmuir West,Glenhaven,638,427,941,59,12,6,3,800,1083,1054,789,690,981,364,12%,75,5%,22,75,100,85,89,13%,8%,119,85%,5.47,174,5%,29%,19,237,72,12,13%,4%,3.05,3.36,3.08,11.65,3%
DZ01065,Dunfield,Glenhaven,691,459,1368,86,18,9,5,1427,1244,1511,1374,632,968,121,4%,28,5%,25,62,73,40,64,10%,4%,65,90%,6.02,96,1%,49%,25,174,78,10,18%,3%,3.75,4.31,2.51,14.84,2%
DZ00864,Torburn West,Glenhaven,1120,663,1264,79,16,8,4,1316,1292,1126,1090,667,1342,709,4%,47,4%,29,77,65,113,91,18%,6%,81,86%,5.66,151,4%,38%,4,59,47,8,12%,2%,3.35,3.22,2.86,7.49,4%
DZ00705,Ferncraig East,Corriebeg,738,480,246,16,4,2,1,308,173,158,200,1276,700,725,16%,119,15%,71,255,169,196,117,25%,7%,115,79%,4.61,223,7%,16%,26,280,51,9,8%,2%,2.41,1.82,2.17,5.02,1%
DZ01068,Craigfield South,Glenhaven,772,489,812,51,11,6,3,750,944,725,716,651,1017,1260,12%,92,7%,34,108,82,88,95,16%,5%,119,85%,5.23,151,8%,31%,21,194,22,0,7%,1%,2.91,3.47,2.21,11.8,4%
DZ00452,Dalshaws North,Brackenlaw,619,399,794,50,10,5,3,987,796,556,1051,329,998,895,9%,58,8%,30,115,144,122,132,20%,6%,116,90%,5.83,136,3%,38%,20,287,42,9,9%,1%,4.88,5.14,3.76,14.91,4%
DZ01461,Birkholm North,Glenhaven,955,577,1096,69,14,7,4,1091,1102,974,823,1229,950,1258,5%,52,7%,38,83,91,117,88,16%,4%,101,88%,5.47,180,7%,34%,11,193,17,1,6%,2%,2.18,2.48,1.36,3.33,2%
DZ01220,Rosshill North,Fallinmuir,789,506,1451,91,19,10,5,1462,1412,1006,1459,1321,1097,1309,1%,8,3%,16,82,100,93,105,16%,6%,69,91%,6.14,103,0%,50%,15,185,31,3,6%,2%,1.55,1.33,1.79,6.76,1%
DZ00795,Birkford West,Drumlarach,777,482,737,47,10,5,3,483,1007,443,833,1084,1092,352,11%,85,8%,38,101,128,265,78,21%,8%,113,83%,4.82,152,3%,32%,4,203,52,8,14%,3%,2.18,2.37,2.88,10.48,2%
DZ00764,Whinlaw West,Aldmoor,897,573,518,33,7,4,2,402,715,550,673,412,620,610,14%,129,9%,52,87,121,69,104,16%,6%,94,87%,5.07,219,5%,43%,22,213,38,7,10%,2%,3.7,3.52,3.83,11.7,3%
DZ00731,Strathbank North,Brackenlaw,1009,666,585,37,8,4,2,854,416,501,730,362,1125,670,8%,82,14%,93,125,162,96,136,19%,6%,147,83%,5.06,233,5%,37%,10,231,48,5,12%,2%,3.69,4.53,4.66,15.08,6%
DZ00760,Whinfield Central,Drumlarach,693,434,876,55,11,6,3,1088,754,1039,648,311,1432,1070,8%,54,8%,35,90,67,70,93,16%,8%,82,85%,4.9,217,3%,32%,5,109,45,4,7%,2%,4.65,5.39,4.19,14.09,7%
DZ01361,Lochanshaws,Eskbrae,702,409,1501,94,19,10,5,1567,1139,1503,1486,971,1086,1559,1%,7,4%,18,95,79,68,68,13%,5%,93,93%,6.19,79,2%,48%,10,189,0,0,3%,0%,2.3,2.56,2.38,7.66,1%
DZ01476,Invercraig,Harlawmuir,958,625,292,19,4,2,1,270,333,309,461,199,1297,312,20%,191,15%,94,119,129,96,98,21%,6%,124,85%,5.18,176,6%,24%,8,97,61,10,14%,4%,5.26,6.07,4.53,19.81,8%
DZ00955,Whinhaugh West,Harlawmuir,602,388,1100,69,14,7,4,1237,1126,1148,898,374,665,1381,6%,34,4%,14,101,97,108,79,15%,6%,84,86%,5.33,120,7%,34%,24,316,31,3,5%,1%,4.21,4.61,3.82,16.87,4%
DZ00746,Dalburn,Corriebeg,863,557,192,12,3,2,1,140,167,182,208,1584,104,92,21%,184,16%,90,180,357,414,174,26%,7%,106,85%,4.36,272,7%,20%,39,414,76,16,18%,4%,0.56,0.5,0.5,3.0,0%
DZ01574,Craiggate North,Fallinmuir,796,494,320,20,4,2,1,288,303,215,266,1272,889,487,18%,142,14%,70,136,153,354,137,25%,8%,170,81%,4.54,275,8%,24%,16,299,44,9,15%,3%,1.93,1.69,1.71,4.17,1%
DZ01304,Craigside West,Glenhaven,923,575,376,24,5,3,2,345,330,757,474,891,113,252,16%,146,15%,85,127,174,158,115,19%,7%,109,82%,4.94,264,7%,29%,40,439,49,12,15%,3%,2.06,2.81,2.12,5.17,2%
DZ00205,Whinhaugh East,Aldmoor,630,425,362,23,5,3,2,396,614,341,602,18,777,868,16%,101,12%,49,111,167,155,114,21%,8%,113,86%,4.95,203,6%,27%,18,322,43,3,14%,2%,6.83,7.79,6.41,26.1,12%
DZ00304,Torlaw North,Corriebeg,803,498,635,40,8,4,2,739,473,967,328,1510,158,517,13%,105,14%,70,110,75,63,94,17%,4%,111,82%,4.78,232,7%,24%,37,384,61,10,11%,2%,0.5,1.01,0.5,4.55,0%
DZ00551,Dalmuir,Drumlarach,966,572,22,2,1,1,1,18,8,12,126,1570,48,91,28%,268,24%,136,269,251,578,194,31%,10%,155,79%,4.24,319,9%,16%,45,476,80,13,18%,5%,0.6,0.68,0.5,3.0,0%
DZ01009,Kilfield South,Eskbrae,907,570,48,3,1,1,1,89,18,191,137,469,265,402,22%,202,22%,124,149,197,277,138,25%,9%,119,79%,4.55,274,8%,14%,24,303,47,11,15%,3%,3.84,4.11,2.78,10.93,5%
DZ01314,Strathtoun West,Harlawmuir,815,527,960,60,12,6,3,1141,940,781,1029,733,313,300,3%,26,6%,34,89,125,77,112,15%,6%,82,87%,5.46,146,5%,37%,25,322,59,11,16%,3%,2.07,3.31,2.69,11.01,1%
DZ00301,Inverpark Central,Corriebeg,834,485,564,36,8,4,2,636,477,283,619,1222,802,748,11%,88,11%,56,137,238,187,141,28%,7%,110,89%,4.99,148,5%,33%,19,212,38,7,11%,2%,1.33,1.93,1.95,6.59,1%
DZ00505,Rossbank North,Corriebeg,673,450,830,52,11,6,3,738,654,1207,827,1211,410,948,12%,79,10%,47,64,100,59,80,14%,7%,129,88%,5.81,224,3%,34%,23,311,51,5,13%,1%,1.15,2.3,2.18,3.65,0%
DZ00246,Birkhaugh Central,Aldmoor,753,467,96,6,2,1,1,126,107,137,155,431,275,107,22%,169,16%,76,109,165,204,122,25%,8%,124,82%,4.45,287,9%,16%,28,399,77,9,18%,4%,3.78,4.89,4.17,15.71,5%
DZ00415,Langlea South,Brackenlaw,794,482,1053,66,14,7,4,1101,1054,1078,1065,100,1443,1600,7%,53,6%,31,87,116,63,83,17%,4%,79,90%,5.46,139,2%,34%,7,62,0,0,0%,0%,6.42,6.36,6.12,19.36,8%
DZ00689,Rosshill East,Aldmoor,660,411,237,15,3,2,1,145,123,741,317,1393,129,245,21%,137,19%,77,90,176,68,98,19%,8%,87,84%,4.73,204,8%,25%,45,436,63,8,13%,3%,1.83,1.41,1.5,5.74,1%
DZ00519,Craigtoun East,Drumlarach,941,624,504,32,7,4,2,635,259,714,439,1489,427,270,12%,112,15%,95,89,94,158,107,18%,6%,118,80%,4.95,232,7%,31%,31,295,69,9,16%,4%,1.3,0.5,0.94,4.47,1%
DZ00676,Newbank,Drumlarach,890,587,1396,88,18,9,5,1119,1468,1275,1550,784,1121,1297,5%,48,2%,14,71,103,59,83,16%,6%,63,94%,6.44,52,1%,53%,19,192,29,0,9%,1%,3.7,3.35,3.07,8.08,3%
DZ01545,Dunmains Central,Glenhaven,523,352,677,43,9,5,3,698,861,441,608,508,1377,69,14%,72,6%,20,109,127,199,132,20%,8%,120,84%,5.12,225,6%,34%,9,201,86,12,20%,4%,3.51,4.2,2.99,13.2,2%
DZ01156,Balpark Central,Harlawmuir,785,485,423,27,6,3,2,627,693,185,435,29,1016,1213,11%,88,10%,49,124,151,165,131,23%,8%,139,83%,4.93,233,7%,25%,22,177,32,1,7%,2%,6.81,7.23,5.67,24.25,10%
DZ00899,Birkford East,Fallinmuir,755,469,415,26,6,3,2,622,361,973,147,819,11,699,12%,93,14%,65,74,169,64,92,17%,5%,127,85%,4.5,282,9%,21%,59,511,28,6,12%,2%,2.63,2.48,2.79,7.55,4%
DZ00114,Langmuir Central,Drumlarach,631,381,865,55,11,6,3,770,858,1045,843,914,623,1032,10%,63,9%,32,88,69,121,114,16%,3%,78,87%,5.4,157,4%,32%,27,274,35,5,8%,2%,2.49,2.85,2.36,6.75,2%
DZ00739,Inverlea North,Brackenlaw,809,491,1118,70,14,7,4,1169,1060,1160,1101,779,626,1028,7%,54,7%,34,82,72,73,78,15%,5%,88,85%,5.63,184,4%,41%,31,349,31,6,12%,2%,3.42,3.55,2.65,12.64,1%
DZ01466,Langburn,Glenhaven,806,528,88,6,2,1,1,102,58,416,242,383,102,144,21%,173,21%,112,145,150,137,110,21%,6%,127,81%,4.51,229,7%,29%,31,387,66,8,18%,4%,4.0,4.54,3.48,12.03,4%
DZ00711,Rossfield East,Drumlarach,619,395,1154,73,15,8,4,1139,1022,1151,978,1565,627,531,9%,54,7%,28,75,85,99,88,17%,5%,77,87%,5.21,155,4%,37%,33,183,55,10,17%,2%,0.75,0.5,0.5,3.0,0%
DZ00355,Kinfield East,Drumlarach,774,485,1253,79,16,8,4,1257,1201,773,1409,1051,1303,812,2%,19,7%,33,89,81,182,107,18%,4%,125,91%,6.12,107,0%,48%,4,194,43,7,12%,2%,2.45,2.24,2.21,9.35,1%
DZ00124,Langtoun South,Aldmoor,826,547,1261,79,16,8,4,1508,1379,940,1211,7,1415,1380,1%,10,3%,14,108,72,85,84,17%,7%,71,88%,5.72,115,2%,43%,2,106,23,2,3%,2%,7.36,8.72,7.07,31.48,12%
DZ01227,Strathfield East,Glenhaven,689,455,827,52,11,6,3,1028,864,919,836,74,1450,1015,7%,51,6%,29,97,97,141,78,22%,5%,112,86%,5.46,138,6%,34%,0,99,35,3,12%,2%,5.85,6.71,6.48,23.95,8%
DZ00135,Strathbrae Central,Brackenlaw,848,572,793,50,10,5,3,811,953,886,778,439,457,879,10%,84,7%,41,127,104,74,74,16%,5%,97,87%,5.16,150,4%,36%,16,281,48,3,9%,2%,3.3,5.07,3.17,12.91,4%
DZ00288,Glenholm,Aldmoor,762,465,157,10,2,1,1,171,178,126,163,367,1399,248,25%,189,17%,80,159,291,288,133,25%,8%,122,82%,4.4,288,8%,20%,16,103,60,8,15%,3%,4.23,4.3,3.44,13.64,5%
DZ00191,Newshaws Central,Drumlarach,1139,754,1021,64,13,7,4,1039,1056,578,1315,483,927,1272,10%,118,7%,51,80,116,191,143,15%,5%,93,92%,5.62,122,1%,46%,15,193,8,2,8%,1%,3.59,3.62,4.06,12.26,4%
DZ00122,Melburn West,Aldmoor,742,495,522,33,7,4,2,671,578,429,698,62,1223,1435,13%,95,14%,68,125,93,262,80,20%,6%,112,85%,4.98,209,4%,34%,5,145,11,0,7%,1%,6.19,7.52,5.65,23.8,8%
DZ00502,Melwood,Corriebeg,621,417,68,5,1,1,1,71,28,157,217,1200,226,60,22%,139,23%,94,135,197,229,149,18%,6%,129,76%,4.87,281,6%,21%,35,342,70,13,20%,4%,2.38,1.65,1.65,7.02,0%
DZ00031,Newgate South,Drumlarach,779,506,885,56,12,6,3,1018,983,837,721,525,307,1462,7%,55,9%,47,91,75,107,114,18%,4%,108,84%,5.33,184,6%,27%,27,309,21,2,4%,0%,3.21,3.47,2.76,12.98,4%
DZ00888,Fernshaws North,Eskbrae,844,510,454,29,6,3,2,528,487,455,384,581,423,403,12%,101,12%,61,171,174,316,108,23%,7%,108,82%,4.63,226,7%,31%,34,331,40,9,16%,3%,3.1,4.58,2.93,11.82,4%
DZ00024,Tormuir East,Corriebeg,885,582,877,55,11,6,3,1290,618,652,1193,170,1100,1057,3%,30,10%,57,98,75,137,81,18%,6%,79,90%,5.55,103,3%,37%,13,176,42,6,12%,1%,4.77,6.6,4.85,18.74,7%
DZ01403,Invercraig West,Eskbrae,622,382,117,8,2,1,1,128,114,242,97,852,412,39,20%,122,18%,69,200,175,250,98,22%,6%,87,77%,4.24,304,9%,16%,31,398,94,13,20%,4%,2.05,2.66,2.63,12.22,3%
DZ00884,Branbank South,Eskbrae,734,449,751,47,10,5,3,667,947,871,298,1440,563,133,13%,97,8%,36,116,90,114,80,15%,5%,94,82%,4.68,223,7%,24%,25,312,64,9,17%,3%,1.64,1.46,0.78,4.84,0%
DZ00080,Glentoun South,Drumlarach,943,603,913,58,12,6,3,767,1088,804,1058,537,975,453,11%,108,8%,46,123,114,165,64,17%,7%,101,86%,5.35,170,4%,39%,16,241,41,8,13%,2%,3.1,3.91,3.35,10.31,3%
DZ00146,Kilwood Central,Corriebeg,589,379,1512,95,19,10,5,1467,1531,1424,1515,774,729,1216,3%,15,1%,4,68,39,68,64,16%,6%,60,91%,6.1,68,1%,52%,20,184,27,5,9%,2%,3.08,2.8,2.7,8.25,3%
DZ00075,Ashlea North,Drumlarach,797,530,930,59,12,6,3,1051,995,913,629,388,1078,1549,9%,69,8%,44,68,60,124,101,17%,5%,95,89%,5.19,239,6%,33%,23,133,0,0,4%,1%,3.86,4.43,3.82,15.59,3%
DZ01205,Balburn South,Eskbrae,902,539,419,27,6,3,2,474,462,258,486,760,305,692,15%,135,10%,56,134,137,406,145,21%,8%,108,87%,5.01,224,7%,30%,29,326,39,6,15%,2%,2.68,2.96,2.41,10.42,4%
DZ00943,Inverlea West,Glenhaven,834,518,1137,72,15,8,4,1337,1046,972,875,682,1189,686,4%,35,5%,26,85,102,150,73,17%,4%,83,89%,5.46,104,6%,46%,7,133,43,8,10%,2%,3.09,3.48,2.3,11.58,3%
DZ00494,Kilmuir Central,Brackenlaw,857,510,1231,77,16,8,4,1176,1430,1202,970,324,1146,1507,7%,59,2%,8,79,85,78,103,15%,4%,86,86%,5.83,155,4%,32%,13,231,0,0,4%,1%,4.77,5.02,4.76,17.42,6%
DZ00971,Strathholm,Fallinmuir,885,565,42,3,1,1,1,47,61,63,6,1494,75,179,26%,228,18%,104,244,160,261,152,29%,7%,166,74%,3.36,356,12%,4%,47,557,50,13,16%,3%,0.5,1.55,1.47,4.02,0%
DZ01008,Birklea West,Eskbrae,747,499,528,33,7,4,2,628,470,571,421,1574,32,22,14%,105,12%,61,95,84,126,123,19%,8%,107,85%,4.66,247,8%,30%,49,439,87,14,20%,4%,0.55,0.64,0.5,3.0,0%
DZ01150,Ferntoun Central,Glenhaven,772,513,868,55,11,6,3,810,1008,822,964,683,702,158,13%,100,8%,39,124,109,109,112,20%,2%,110,89%,5.57,168,5%,35%,20,230,63,12,16%,4%,2.06,3.83,3.21,9.94,4%
DZ00279,Birkshaws North,Drumlarach,937,558,450,29,6,3,2,338,803,375,345,991,160,110,16%,149,7%,42,115,173,182,94,22%,8%,122,82%,4.81,262,7%,25%,35,413,54,10,18%,3%,2.54,2.8,1.29,6.4,0%
DZ00581,Glenwood West,Corriebeg,1094,692,1450,91,19,10,5,1429,1456,1300,1312,1214,1084,1002,2%,19,1%,8,70,71,110,79,11%,5%,60,91%,5.97,114,3%,52%,13,202,20,6,13%,2%,1.4,2.15,1.88,5.2,1%
DZ00774,Birklea South,Brackenlaw,761,464,800,50,10,5,3,641,1012,715,879,1133,312,317,13%,102,7%,32,124,270,151,131,18%,5%,134,85%,5.12,177,4%,39%,28,269,67,9,15%,3%,1.99,2.52,1.94,6.15,1%
DZ00247,Glenholm,Aldmoor,562,355,97,7,2,1,1,101,81,111,419,365,192,502,25%,140,18%,64,162,239,396,157,29%,4%,190,82%,4.79,229,7%,22%,47,303,53,9,10%,3%,4.01,4.91,3.39,16.92,7%
DZ00800,Whinfield Central,Drumlarach,858,499,855,54,11,6,3,791,1104,632,1114,132,1346,1384,9%,78,6%,28,135,70,150,84,19%,8%,120,88%,5.46,151,2%,42%,5,169,17,4,5%,1%,5.42,6.63,4.8,21.29,8%
DZ00608,Langlea Central,Aldmoor,612,395,64,4,1,1,1,50,138,64,58,962,454,37,23%,142,17%,66,162,205,307,174,25%,9%,141,77%,3.99,308,11%,11%,28,368,67,12,22%,4%,2.04,2.41,2.62,10.12,2%
DZ00166,Whinhaugh East,Aldmoor,770,462,33,3,1,1,1,56,207,36,26,164,10,223,21%,164,15%,70,302,259,216,207,28%,9%,192,75%,4.1,346,12%,5%,55,468,51,8,15%,4%,5.06,6.12,5.32,19.14,6%
DZ00923,Branbank South,Eskbrae,794,533,1577,99,20,10,5,1584,1563,1583,1564,528,1295,878,1%,8,1%,5,44,50,115,59,6%,3%,81,92%,6.51,53,0%,65%,9,114,28,4,8%,1%,3.49,3.82,2.97,12.19,3%
DZ00967,Birklea West,Eskbrae,806,490,1119,70,14,7,4,745,1317,847,1091,1331,1306,959,11%,88,4%,20,103,125,102,92,17%,8%,84,89%,5.6,150,5%,37%,11,117,36,7,7%,2%,1.3,1.38,0.66,5.16,1%
DZ01222,Whindale North,Glenhaven,939,615,704,44,9,5,3,477,1013,607,545,818,1215,520,14%,136,7%,40,114,150,193,112,23%,5%,103,86%,5.0,230,5%,35%,11,278,39,6,13%,3%,2.54,2.87,1.7,9.14,0%
DZ00260,Rossdale Central,Brackenlaw,753,497,1467,92,19,10,5,1367,1514,1211,1444,825,1383,1291,3%,26,1%,5,83,92,84,113,15%,4%,68,90%,6.5,72,0%,43%,0,161,30,2,8%,2%,2.72,2.8,2.32,8.27,1%
DZ00140,Strathfield West,Brackenlaw,656,404,746,47,10,5,3,793,865,724,962,210,1041,804,12%,77,8%,34,84,109,66,101,22%,5%,92,88%,5.47,183,4%,36%,16,241,46,3,11%,0%,4.62,5.75,4.74,17.04,6%
DZ00292,Birkcraig West,Brackenlaw,984,576,486,31,7,4,2,475,745,515,340,257,782,1228,15%,145,10%,57,98,83,150,116,17%,5%,106,84%,5.14,238,9%,28%,9,285,21,4,6%,1%,4.73,5.52,4.4,17.93,6%
DZ01066,Dunfield,Glenhaven,1032,611,1327,83,17,9,5,1400,1065,1120,1415,844,1455,1538,5%,48,6%,36,69,166,48,91,13%,6%,92,91%,6.41,145,2%,59%,5,103,11,0,5%,1%,2.59,2.58,2.47,8.43,1%
DZ00830,Fernhill,Glenhaven,567,379,705,45,9,5,3,700,507,1024,637,1108,734,830,11%,60,12%,44,104,144,116,114,15%,4%,92,83%,4.96,215,5%,35%,18,282,35,9,16%,2%,1.87,2.25,1.84,4.79,1%
DZ01411,Strathside West,Fallinmuir,852,547,181,12,3,2,1,133,270,454,43,1293,108,169,20%,174,13%,73,90,242,262,99,15%,5%,126,77%,3.9,334,11%,6%,43,374,63,14,19%,4%,2.17,1.51,1.59,6.07,1%
DZ00785,Dalburn,Corriebeg,1100,710,604,38,8,4,2,372,636,851,952,746,411,711,16%,171,6%,42,59,160,93,102,16%,7%,109,85%,5.22,174,7%,40%,26,289,50,5,11%,1%,2.02,3.4,3.26,9.13,1%
DZ00391,Rossburn Central,Drumlarach,720,488,515,33,7,4,2,407,790,353,851,741,271,8,14%,101,9%,43,95,130,210,130,28%,6%,102,87%,5.38,99,2%,29%,37,365,84,18,25%,4%,2.18,3.68,2.21,9.32,3%
DZ00624,Kinwood West,Corriebeg,905,589,765,48,10,5,3,615,989,756,554,740,1139,653,13%,120,9%,53,100,180,102,132,19%,6%,121,82%,5.01,238,5%,39%,13,147,53,7,14%,2%,2.36,3.68,2.78,8.72,5%
DZ00903,Inverlea West,Glenhaven,667,447,967,61,13,7,4,962,664,1258,1019,1279,327,975,11%,72,10%,44,57,79,64,90,14%,4%,81,87%,5.47,157,6%,38%,34,302,28,1,9%,2%,1.82,1.92,1.75,6.15,1%
DZ01221,Whindale North,Glenhaven,972,640,1468,92,19,10,5,1519,1276,1090,1473,1326,1307,1581,1%,10,4%,28,101,177,73,89,17%,5%,98,87%,6.14,101,0%,45%,8,156,0,0,0%,0%,1.91,0.84,1.61,5.67,1%
DZ00559,Craigtoun East,Drumlarach,620,386,550,35,7,4,2,674,532,282,1249,513,49,324,13%,80,13%,51,159,223,252,152,15%,6%,167,88%,5.75,129,3%,43%,33,507,64,11,16%,3%,3.67,3.83,3.57,12.47,5%
DZ01319,Ashmains South,Harlawmuir,967,589,1435,90,18,9,5,1533,1443,1351,1247,172,1406,1322,1%,10,2%,10,71,59,72,73,9%,3%,69,86%,5.83,132,1%,46%,5,89,26,3,8%,0%,5.25,6.51,4.73,16.45,7%
DZ00239,Newside East,Drumlarach,806,469,807,51,11,6,3,1011,579,716,924,1067,490,950,9%,70,10%,47,97,117,151,108,20%,4%,92,85%,5.34,188,5%,39%,33,246,26,5,9%,1%,1.46,2.3,2.05,6.4,2%
DZ00106,Kilwood Central,Corriebeg,698,472,822,52,11,6,3,1118,592,872,807,742,696,551,5%,37,11%,50,153,93,49,119,18%,5%,100,87%,4.96,215,6%,40%,25,249,40,11,10%,2%,3.59,3.64,2.9,9.37,2%
DZ00176,Fernlea North,Brackenlaw,878,581,379,24,5,3,2,282,308,279,647,1176,813,1093,19%,168,16%,91,159,198,128,99,20%,7%,100,84%,5.18,200,3%,34%,24,239,28,5,8%,1%,1.56,1.45,1.78,5.86,0%
DZ01599,Strathmains East,Harlawmuir,783,491,1508,95,19,10,5,1535,1363,1582,1379,106,1594,1490,1%,8,3%,13,40,41,43,47,10%,3%,56,92%,5.63,107,2%,48%,0,0,9,0,1%,0%,5.48,6.69,5.17,22.14,8%
DZ00966,Glenmuir East,Eskbrae,809,525,561,36,8,4,2,506,749,448,314,829,936,882,15%,124,11%,55,127,135,107,153,19%,7%,115,84%,4.45,279,7%,23%,16,179,37,7,10%,2%,2.23,3.04,2.54,10.94,4%
DZ01405,Glenford North,Eskbrae,875,558,1474,93,19,10,5,1453,1326,1580,1421,565,1465,452,2%,15,5%,27,57,29,34,77,7%,6%,73,90%,5.92,108,1%,48%,2,144,48,5,15%,3%,3.18,3.7,3.25,10.63,3%
DZ01115,Rossfield North,Harlawmuir,911,536,334,21,5,3,2,404,320,944,218,245,346,925,14%,128,13%,71,94,106,70,108,17%,3%,83,86%,4.57,254,8%,22%,30,305,36,7,12%,2%,4.84,5.47,4.53,16.94,8%
DZ01324,Newburn North,Eskbrae,850,551,1343,84,17,9,5,1303,1396,1323,1188,712,1216,1035,4%,30,2%,13,70,54,99,80,13%,4%,78,89%,5.72,78,5%,47%,23,242,25,4,5%,2%,2.73,3.39,2.47,10.96,2%
DZ01078,Fernhaugh Central,Harlawmuir,477,284,1145,72,15,8,4,1305,1294,1201,998,78,924,1252,5%,23,3%,8,104,55,121,82,15%,4%,97,85%,5.58,222,3%,37%,12,249,34,4,4%,3%,6.22,6.67,5.27,20.73,9%
DZ00634,Inverlea,Drumlarach,782,521,738,47,10,5,3,733,655,834,579,1196,350,1466,10%,79,10%,51,99,61,47,94,19%,7%,109,88%,5.11,220,5%,23%,32,356,23,0,8%,0%,2.12,2.06,1.41,5.8,2%
DZ00032,Newgate South,Drumlarach,862,572,987,62,13,7,4,1096,987,794,1028,794,391,991,9%,75,9%,51,91,130,71,90,19%,9%,105,91%,5.26,148,5%,38%,29,257,34,0,12%,2%,2.57,3.8,2.47,10.47,3%
DZ01084,Newlea South,Eskbrae,904,542,763,48,10,5,3,815,814,729,715,804,366,1001,12%,108,8%,45,82,201,81,107,17%,7%,89,85%,4.97,177,4%,31%,25,385,36,5,9%,2%,3.06,3.04,1.83,10.24,3%
DZ00211,Langtoun,Brackenlaw,762,451,446,28,6,3,2,583,386,577,310,379,1147,530,11%,82,13%,57,162,153,143,141,19%,5%,100,84%,4.47,287,8%,23%,10,123,57,6,11%,1%,4.59,4.65,3.55,13.76,5%
DZ00807,Dunmains,Eskbrae,764,474,1040,65,13,7,4,949,932,1379,1003,923,629,547,9%,71,9%,42,51,51,48,63,11%,8%,98,89%,5.31,222,5%,35%,25,318,35,6,14%,3%,2.56,2.98,2.73,6.38,2%
DZ01340,Fernmains North,Fallinmuir,1006,606,136,9,2,1,1,168,121,74,115,1263,903,31,21%,214,18%,106,175,240,280,160,28%,10%,114,78%,4.47,242,8%,18%,16,251,81,15,23%,4%,1.29,2.79,0.78,4.93,1%
DZ00692,Kilhaugh West,Brackenlaw,846,516,404,26,6,3,2,408,419,558,183,1209,287,783,17%,146,15%,75,76,180,109,96,16%,8%,126,76%,4.78,251,8%,23%,30,341,32,6,12%,2%,1.86,1.67,2.04,5.54,3%
DZ00970,Kilfield South,Eskbrae,855,519,281,18,4,2,1,340,127,417,483,913,575,102,17%,144,18%,93,98,265,145,116,19%,8%,144,81%,4.97,241,9%,28%,32,359,73,10,16%,4%,2.32,3.05,2.22,8.35,2%
DZ00318,Whinbrae East,Drumlarach,814,506,1480,93,19,10,5,1480,1452,1367,1466,498,1538,535,1%,8,2%,10,76,72,73,81,15%,8%,97,90%,6.01,91,1%,51%,0,30,58,9,11%,2%,3.5,4.21,3.51,14.2,3%
DZ00404,Inverwood Central,Aldmoor,818,483,1144,72,15,8,4,1072,1220,1084,1241,395,1351,635,10%,81,7%,36,95,82,66,109,16%,6%,117,89%,5.67,164,4%,47%,8,145,47,8,15%,2%,3.89,4.98,4.01,14.46,5%
DZ01524,Strathholm West,Eskbrae,594,375,1124,71,15,8,4,1275,1191,1015,910,593,460,835,7%,42,6%,22,71,63,179,81,19%,7%,99,88%,5.39,140,3%,38%,24,377,34,9,11%,2%,3.57,4.17,3.38,12.82,4%
DZ01261,Whindale North,Glenhaven,958,640,1455,91,19,10,5,1468,1453,1223,1395,956,1042,1334,4%,40,3%,17,111,168,40,95,15%,4%,95,93%,5.74,81,1%,51%,11,201,28,2,10%,1%,3.39,2.85,2.58,8.46,0%
DZ01211,Dalford North,Fallinmuir,546,321,232,15,3,2,1,84,205,100,644,1572,609,128,22%,121,16%,50,168,171,416,153,31%,7%,167,83%,4.72,132,3%,34%,17,329,82,10,20%,3%,0.94,0.5,0.5,3.0,0%
DZ01503,Whinhill East,Glenhaven,474,322,940,59,12,6,3,779,1157,977,746,663,701,981,10%,50,5%,16,87,71,88,102,18%,4%,91,84%,5.29,196,6%,32%,22,247,21,4,7%,1%,3.03,3.34,2.6,11.92,2%
DZ00241,Torholm South,Aldmoor,944,618,760,48,10,5,3,1073,748,937,548,85,1225,1335,7%,68,7%,46,79,86,113,88,13%,6%,78,85%,4.89,163,6%,35%,9,98,8,2,3%,0%,5.92,6.28,5.66,21.29,9%
DZ01459,Dunholm East,Fallinmuir,864,520,837,53,11,6,3,1014,810,631,769,935,831,443,9%,76,6%,33,107,148,139,123,18%,7%,100,84%,5.04,222,4%,36%,19,249,57,8,17%,2%,2.94,3.45,2.1,8.23,3%
DZ01006,Glenmuir East,Eskbrae,806,487,1122,71,15,8,4,899,1033,956,1340,1501,864,1067,10%,81,9%,43,114,129,154,119,21%,4%,98,91%,5.86,95,1%,42%,24,301,29,9,10%,3%,1.41,0.63,0.69,3.95,0%
DZ01069,Branpark East,Glenhaven,460,275,416,26,6,3,2,355,483,543,361,1025,204,658,18%,82,13%,35,125,109,107,100,19%,9%,147,81%,4.98,222,7%,20%,32,416,44,9,11%,3%,1.7,2.48,2.01,7.18,3%
DZ00510,Ashside South,Corriebeg,564,332,47,3,1,1,1,72,47,41,14,1587,47,506,23%,131,22%,72,170,377,405,168,29%,9%,201,75%,3.42,351,12%,5%,41,416,44,11,14%,3%,0.5,0.5,0.5,3.0,0%
DZ00627,Fernlaw West,Corriebeg,819,535,542,34,7,4,2,434,874,322,334,1208,375,735,16%,131,10%,52,119,159,370,121,22%,5%,99,80%,4.82,251,9%,26%,36,301,34,5,12%,2%,1.24,2.13,1.37,6.08,2%
DZ00148,Killaw South,Corriebeg,923,563,535,34,7,4,2,380,656,573,633,1144,292,337,17%,154,10%,57,87,148,297,120,18%,6%,117,85%,4.84,169,4%,34%,40,352,70,8,16%,3%,1.79,3.17,2.19,5.42,1%
DZ00194,Rosslaw West,Drumlarach,767,456,269,17,4,2,1,360,316,345,262,226,476,781,16%,119,12%,56,110,221,127,130,23%,6%,127,82%,4.39,294,7%,27%,31,256,32,7,15%,3%,5.22,5.22,4.67,21.08,7%
DZ01285,Langdale West,Eskbrae,800,539,1374,86,18,9,5,1302,1503,952,1506,882,244,901,2%,20,1%,5,101,181,173,86,21%,7%,101,92%,6.3,65,2%,52%,28,353,10,9,11%,2%,3.07,3.01,2.57,11.04,3%
DZ00381,Rossburn South,Corriebeg,626,409,1212,76,16,8,4,1420,1192,736,984,979,692,1072,2%,10,7%,30,83,118,185,100,15%,7%,108,89%,4.95,128,2%,41%,25,254,41,9,8%,1%,3.21,2.34,2.84,10.77,0%
DZ00806,Mellaw East,Eskbrae,873,552,1459,92,19,10,5,1409,1335,1357,1543,968,1454,979,1%,9,3%,17,75,73,111,83,12%,5%,67,95%,6.19,65,0%,56%,9,137,29,8,5%,2%,2.61,2.88,2.34,11.55,3%
DZ01379,Kilford,Fallinmuir,846,495,1130,71,15,8,4,920,1323,761,1154,1339,500,1295,12%,104,4%,18,105,144,107,127,20%,8%,89,91%,5.52,137,4%,43%,15,274,31,3,7%,1%,1.61,1.38,0.5,5.52,0%
DZ00818,Melwood North,Fallinmuir,680,430,456,29,6,3,2,433,413,198,802,1401,16,1516,13%,91,11%,48,107,383,223,125,23%,7%,141,82%,5.06,188,6%,39%,51,502,2,0,2%,0%,1.79,0.96,1.54,3.0,0%
DZ01209,Killea,Eskbrae,686,429,352,22,5,3,2,324,204,844,170,1521,436,381,16%,111,14%,59,126,121,162,84,19%,7%,94,77%,4.66,261,10%,21%,24,358,61,7,13%,3%,1.4,0.5,0.78,4.13,0%
DZ00312,Whinwood,Drumlarach,836,527,1230,77,16,8,4,1152,994,1167,1331,1517,843,1480,6%,47,7%,35,90,89,85,96,14%,6%,81,88%,5.82,107,3%,43%,11,246,23,0,1%,1%,0.99,1.12,0.75,4.4,1%
DZ00477,Dallaw North,Drumlarach,832,513,1301,82,17,9,5,1075,1391,1393,985,658,1562,1493,8%,63,1%,6,79,74,29,83,13%,7%,66,86%,5.53,129,2%,41%,0,11,3,0,3%,1%,2.73,3.29,3.77,11.64,3%
DZ01015,Inverdale Central,Fallinmuir,770,494,1083,68,14,7,4,1171,884,1121,1012,1416,473,792,5%,41,6%,30,88,99,54,78,10%,9%,72,89%,5.2,133,4%,37%,19,287,37,4,12%,2%,1.1,1.72,1.27,8.63,0%
DZ00565,Rossgate North,Aldmoor,767,498,577,37,8,4,2,484,666,386,442,479,1580,1194,14%,109,8%,42,130,125,140,114,25%,8%,141,84%,4.93,268,5%,25%,0,44,39,5,7%,1%,3.49,4.18,3.12,13.79,2%
DZ00274,Branford West,Drumlarach,752,465,844,53,11,6,3,714,717,701,1274,1294,724,251,12%,94,10%,45,140,174,331,110,17%,5%,92,88%,5.88,104,2%,50%,19,173,63,12,15%,3%,2.24,1.76,1.66,9.32,0%
DZ00762,Dalhaugh North,Aldmoor,814,525,864,54,11,6,3,706,868,659,824,1394,1170,1108,12%,96,10%,53,152,148,96,122,18%,5%,111,84%,5.31,169,6%,34%,13,209,38,3,7%,0%,1.9,1.65,1.33,3.72,0%
DZ01179,Rossmuir West,Fallinmuir,827,519,1255,79,16,8,4,1095,959,1490,1400,1351,1036,995,9%,70,9%,49,71,86,86,79,13%,3%,75,93%,5.96,42,2%,51%,21,194,33,5,8%,1%,0.79,1.81,1.16,6.27,0%
DZ00368,Glengate,Aldmoor,693,412,252,16,4,2,1,119,390,339,390,604,362,76,20%,140,12%,50,108,186,145,117,22%,8%,130,86%,4.69,215,7%,31%,36,329,66,15,20%,3%,4.11,3.58,3.19,10.25,2%
DZ00173,Kilholm South,Brackenlaw,716,415,1355,85,17,9,5,1407,1251,1508,1178,476,1338,1300,1%,7,5%,19,51,48,47,63,10%,3%,74,91%,5.22,94,3%,45%,11,125,15,2,6%,1%,3.26,4.47,3.11,9.9,6%
DZ00660,Melbrae West,Brackenlaw,624,378,893,56,12,6,3,755,1112,633,1210,727,194,873,12%,77,7%,26,129,183,210,121,18%,6%,90,87%,5.49,133,2%,46%,26,345,36,2,8%,3%,2.86,3.28,2.66,8.4,4%
DZ00928,Fernshaws North,Eskbrae,673,443,159,10,2,1,1,304,55,492,75,1059,267,642,18%,118,21%,94,87,126,275,131,23%,4%,143,80%,3.97,303,9%,13%,30,346,40,8,11%,3%,2.07,2.13,2.05,5.95,1%
DZ00389,Rossshaws Central,Corriebeg,771,459,35,3,1,1,1,31,40,31,30,1557,520,54,25%,190,21%,96,188,293,256,199,26%,10%,165,74%,4.07,295,10%,3%,27,257,79,14,21%,3%,0.5,0.57,0.5,3.18,0%
DZ00703,Melcraig East,Corriebeg,716,466,406,26,6,3,2,413,382,306,219,1198,960,1242,17%,125,13%,60,169,117,190,128,26%,8%,151,79%,4.62,264,8%,22%,21,225,22,2,5%,1%,2.11,2.23,1.42,5.24,3%
DZ00794,Newmains,Drumlarach,627,381,1109,70,14,7,4,1251,967,1232,1167,406,716,1042,5%,29,6%,24,77,74,230,82,16%,2%,102,91%,5.53,91,4%,38%,17,365,34,4,9%,2%,4.35,5.04,3.77,14.69,4%
DZ00459,Mellaw West,Brackenlaw,1018,657,863,54,11,6,3,673,763,1122,958,1290,819,167,15%,148,9%,56,114,223,130,93,18%,4%,103,86%,5.51,142,5%,43%,23,247,77,9,18%,3%,1.68,1.66,0.93,3.44,0%
DZ00583,Kinwood West,Corriebeg,1257,838,773,49,10,5,3,939,935,853,386,776,216,773,7%,86,4%,33,64,86,97,75,19%,7%,103,83%,4.74,217,8%,28%,41,286,43,2,8%,2%,2.39,3.48,2.77,9.74,1%
DZ00074,Ashbrae North,Drumlarach,894,549,1318,83,17,9,5,1089,1411,1495,1371,474,951,915,8%,69,3%,19,70,69,62,75,12%,5%,77,93%,5.57,155,1%,50%,16,246,19,6,13%,2%,4.23,3.66,4.21,13.7,4%
DZ00724,Whinlaw West,Aldmoor,800,468,418,27,6,3,2,502,345,321,610,606,631,682,14%,111,14%,65,107,243,337,136,25%,5%,108,86%,4.88,207,5%,32%,28,237,52,8,10%,3%,3.42,3.59,2.87,13.19,5%
DZ00799,Whinfield Central,Drumlarach,914,621,595,38,8,4,2,390,893,661,1036,104,1157,685,15%,133,9%,54,79,68,107,84,20%,9%,89,87%,5.4,147,4%,41%,18,151,30,7,9%,2%,5.77,6.08,5.28,20.97,8%
DZ00595,Torholm,Drumlarach,759,465,684,43,9,5,3,450,734,1070,810,756,250,1237,13%,96,10%,49,71,134,87,70,15%,5%,76,82%,5.58,180,4%,37%,35,404,22,2,5%,0%,2.64,2.24,3.17,13.24,3%
DZ01365,Glenford North,Eskbrae,918,535,392,25,5,3,2,386,467,562,239,900,164,664,15%,135,13%,68,98,100,107,98,22%,5%,99,81%,4.65,229,8%,24%,35,390,52,9,12%,1%,2.68,3.49,2.09,8.72,2%
DZ00315,Inverholm,Drumlarach,793,510,1198,75,15,8,4,1270,1173,1048,1213,995,309,1066,5%,38,5%,25,77,90,91,105,17%,5%,98,89%,5.81,178,3%,43%,27,337,29,6,8%,2%,2.6,2.47,2.57,5.01,2%
DZ01170,Kinwood East,Eskbrae,979,600,207,13,3,2,1,231,246,104,39,1569,593,263,18%,174,15%,92,216,177,247,133,25%,10%,147,77%,3.74,332,12%,11%,24,283,61,13,16%,3%,0.93,1.65,1.11,3.0,0%
DZ00829,Fernhill,Glenhaven,1048,665,968,61,13,7,4,862,1142,811,649,903,1035,1186,12%,124,4%,28,86,149,103,107,19%,5%,99,85%,5.16,183,7%,35%,28,208,19,6,5%,1%,2.0,2.85,2.07,9.43,2%
DZ00188,Glenford West,Corriebeg,602,393,236,15,3,2,1,394,146,340,254,1147,13,59,17%,103,15%,60,121,128,230,177,22%,9%,136,83%,4.34,240,8%,15%,48,522,67,17,20%,4%,2.36,2.19,1.59,5.8,0%
DZ00467,Melburn North,Corriebeg,887,601,161,11,3,2,1,99,187,69,303,1509,368,67,22%,197,14%,87,146,247,461,182,26%,9%,171,82%,4.47,231,7%,23%,31,240,75,10,22%,4%,1.01,0.95,1.12,3.0,0%
DZ00121,Melburn West,Aldmoor,672,416,1566,98,20,10,5,1583,1568,1556,1547,143,1504,1591,1%,7,1%,4,47,58,53,57,11%,5%,80,94%,6.55,48,0%,65%,0,139,0,0,0%,0%,5.18,5.86,5.34,22.24,8%
DZ00965,Glenmuir East,Eskbrae,920,603,706,45,9,5,3,460,1081,836,460,873,567,291,14%,130,4%,25,88,70,64,101,21%,6%,119,86%,4.72,186,7%,30%,39,302,61,9,16%,3%,3.1,2.67,2.14,12.13,2%
DZ00056,Glenholm East,Brackenlaw,618,361,297,19,4,2,1,248,334,499,312,394,443,496,18%,109,13%,47,125,182,198,107,20%,6%,131,80%,4.67,224,9%,31%,21,231,43,9,11%,2%,3.54,4.72,3.66,14.68,5%
DZ00853,Dunwood Central,Fallinmuir,786,495,825,52,11,6,3,688,761,805,1048,1192,900,591,10%,80,9%,43,90,71,50,120,18%,7%,127,87%,5.46,166,2%,42%,17,271,39,11,19%,2%,2.09,2.49,1.23,7.33,0%
DZ00025,Ashpark North,Corriebeg,785,491,563,36,8,4,2,437,732,521,509,643,955,767,16%,125,9%,43,117,73,123,100,19%,6%,106,82%,4.65,248,6%,34%,26,151,42,4,13%,2%,3.27,3.39,3.49,9.66,4%
DZ00102,Kinshaws East,Corriebeg,693,403,1140,72,15,8,4,1307,1096,1263,920,442,491,1101,4%,29,5%,19,60,130,138,81,21%,2%,73,89%,5.52,166,4%,39%,18,336,30,4,12%,1%,3.76,3.99,3.56,13.49,3%
DZ00206,Whinhaugh East,Aldmoor,1041,652,530,34,7,4,2,610,681,990,506,230,171,81,14%,149,9%,57,93,109,77,119,17%,6%,76,81%,5.18,235,5%,30%,36,403,76,15,19%,4%,4.82,5.35,4.12,20.73,7%
DZ01529,Inverford East,Eskbrae,1049,646,1027,65,13,7,4,1023,830,928,1170,845,1205,1430,10%,106,9%,57,106,121,194,88,15%,4%,94,89%,5.49,91,2%,42%,14,168,24,0,5%,0%,2.05,3.27,2.9,8.76,2%
DZ00417,Brangate North,Brackenlaw,892,532,562,36,8,4,2,439,667,703,643,251,1158,1481,14%,126,9%,48,85,60,121,125,22%,8%,103,86%,5.07,205,5%,38%,10,182,6,1,2%,0%,4.42,5.03,4.71,17.73,7%
DZ00769,Birkmains Central,Aldmoor,646,403,999,63,13,7,4,976,1156,818,770,703,858,1264,10%,67,4%,18,128,132,222,121,18%,5%,119,85%,5.14,188,5%,31%,16,209,5,2,1%,1%,2.72,2.84,2.49,12.4,4%
DZ01477,Mellea East,Harlawmuir,826,485,162,11,3,2,1,163,211,273,574,70,206,296,18%,151,16%,79,189,123,228,118,22%,5%,158,82%,5.19,196,9%,39%,30,356,53,13,20%,3%,5.41,6.58,5.33,23.17,9%
DZ00516,Balshaws North,Drumlarach,708,435,461,29,6,3,2,385,295,316,874,1528,573,100,18%,130,14%,61,140,178,225,118,22%,7%,113,91%,4.93,207,3%,36%,31,274,77,13,19%,3%,0.85,1.13,0.61,3.0,0%
DZ01258,Rosshill Central,Fallinmuir,658,428,1205,76,16,8,4,1229,1133,934,1293,622,1484,623,7%,48,6%,28,91,123,140,91,16%,8%,78,85%,5.9,102,3%,43%,0,139,47,8,11%,2%,3.61,3.48,3.08,10.64,3%
DZ00310,Rosspark Central,Corriebeg,753,461,995,63,13,7,4,822,1129,678,839,1519,836,433,9%,68,5%,24,98,137,118,116,18%,8%,100,87%,5.03,168,4%,36%,13,293,56,8,13%,3%,1.43,0.5,0.5,3.0,0%
DZ00584,Kinwood West,Corriebeg,790,486,466,30,6,3,2,395,446,371,427,1420,529,721,16%,123,13%,62,157,156,226,118,23%,4%,117,82%,4.73,238,5%,29%,24,299,50,4,10%,2%,1.37,2.28,0.5,4.47,0%
DZ01474,Rossside North,Harlawmuir,668,427,1268,80,16,8,4,1379,1221,1329,1260,265,990,1528,3%,22,4%,18,73,75,53,84,12%,5%,83,89%,5.26,110,4%,38%,16,143,0,1,2%,1%,5.12,5.69,3.91,16.8,6%
DZ01341,Rosslea East,Glenhaven,717,459,323,21,5,3,2,252,362,274,524,894,233,206,16%,115,13%,61,188,146,130,116,19%,6%,144,82%,4.91,223,6%,35%,32,408,71,12,19%,4%,3.06,2.73,1.93,7.12,2%
DZ00112,Newcraig East,Drumlarach,982,657,839,53,11,6,3,585,1047,924,1002,1127,80,1207,15%,145,6%,42,80,98,147,74,16%,8%,112,89%,5.23,176,3%,37%,41,475,18,3,7%,0%,1.89,1.62,1.99,6.21,2%
DZ01536,Whintoun East,Fallinmuir,909,548,750,47,10,5,3,588,907,793,628,985,483,1422,15%,135,7%,36,119,105,133,120,19%,7%,101,83%,4.92,210,5%,32%,36,345,16,3,7%,0%,2.03,2.66,2.38,4.04,1%
DZ00920,Dunside South,Harlawmuir,952,623,1158,73,15,8,4,1274,1264,1210,1096,103,1373,752,4%,42,4%,27,83,91,54,71,16%,8%,90,87%,5.8,112,4%,43%,10,133,29,6,14%,2%,6.3,6.69,5.49,18.47,10%
DZ00289,Kilhill East,Aldmoor,1010,670,219,14,3,2,1,112,394,257,344,595,144,304,23%,231,13%,87,79,198,441,87,21%,8%,133,85%,4.66,210,6%,27%,33,475,49,10,18%,3%,2.67,3.51,2.75,11.31,3%
DZ00859,Dalshaws Central,Fallinmuir,1054,710,998,63,13,7,4,893,1039,686,782,1583,530,842,10%,108,7%,48,67,144,88,109,18%,4%,98,89%,5.27,182,6%,42%,23,246,31,6,12%,2%,0.5,0.5,0.5,3.0,0%
DZ00376,Branshaws East,Brackenlaw,762,462,1183,74,15,8,4,1381,769,1056,1255,466,1575,1441,4%,28,9%,41,80,81,101,76,17%,7%,77,88%,5.86,138,2%,43%,0,3,32,0,1%,1%,3.48,4.14,3.44,11.95,3%
DZ00953,Fernfield East,Harlawmuir,1107,736,401,26,6,3,2,275,458,598,440,827,487,495,18%,197,12%,90,80,80,201,128,21%,6%,89,85%,4.62,200,5%,28%,20,325,54,7,13%,2%,2.34,2.89,1.73,9.91,4%
DZ01296,Ashbrae Central,Fallinmuir,702,468,962,61,13,7,4,1071,898,1016,921,524,746,884,7%,49,7%,34,83,62,46,92,13%,7%,84,87%,5.36,119,5%,33%,15,190,32,3,8%,1%,3.6,3.85,2.99,14.1,5%
DZ01565,Lochanshaws South,Eskbrae,524,317,1272,80,16,8,4,1314,1028,1510,1238,507,909,1524,3%,15,7%,21,71,42,80,57,14%,3%,83,88%,5.67,94,2%,51%,23,244,0,0,5%,0%,3.17,3.73,3.24,13.09,4%
DZ01054,Glenmains East,Fallinmuir,956,607,1011,64,13,7,4,1035,1143,771,817,934,517,930,9%,86,5%,29,111,160,141,85,20%,6%,101,83%,5.51,179,6%,28%,27,335,34,5,12%,1%,2.71,2.71,2.45,9.97,2%
DZ00552,Dalmuir,Drumlarach,645,409,13,1,1,1,1,12,10,22,8,1530,7,768,30%,196,24%,97,227,436,699,154,29%,10%,229,76%,3.95,367,12%,4%,47,456,37,5,11%,2%,1.18,1.22,1.23,3.0,0%
DZ00722,Dalhaugh North,Aldmoor,859,520,627,40,8,4,2,454,706,646,652,1172,740,229,14%,123,6%,30,116,134,115,90,21%,7%,114,83%,5.35,161,6%,32%,20,245,65,9,14%,3%,1.91,2.27,2.45,7.16,0%
DZ00650,Rosshill East,Aldmoor,787,488,662,42,9,5,3,747,704,529,413,1252,589,432,12%,91,9%,44,157,255,205,120,19%,7%,99,82%,4.51,225,6%,26%,35,269,49,6,13%,3%,1.74,2.77,2.04,5.97,2%
DZ01237,Fernside,Harlawmuir,784,486,223,14,3,2,1,265,344,363,141,186,617,650,18%,143,13%,62,100,92,87,117,18%,7%,133,81%,3.81,291,10%,12%,19,302,39,9,13%,3%,5.59,6.12,5.48,18.23,8%
DZ00466,Torhill North,Corriebeg,969,623,290,19,4,2,1,504,116,565,80,1591,12,184,16%,150,18%,110,94,205,201,117,20%,9%,139,82%,4.22,300,10%,17%,37,500,54,16,19%,3%,0.5,0.5,0.5,3.0,0%
DZ01458,Kinshaws Central,Fallinmuir,979,659,644,41,9,5,3,559,694,777,383,1088,880,982,15%,149,9%,59,67,100,229,82,17%,6%,75,82%,4.86,244,8%,30%,14,238,36,2,11%,2%,2.61,2.73,2.07,6.16,0%
DZ01427,Lochanshaws East,Glenhaven,800,480,38,3,1,1,1,79,104,45,7,341,264,636,20%,160,19%,89,279,236,435,220,30%,9%,150,74%,3.7,348,10%,0%,36,397,46,6,13%,2%,4.8,4.94,3.98,17.99,7%
DZ00167,Craigbrae East,Aldmoor,628,388,154,10,2,1,1,164,292,244,129,64,1000,996,20%,124,12%,47,140,140,159,112,23%,6%,145,80%,4.65,317,11%,13%,15,176,22,3,8%,1%,6.51,7.48,5.48,23.03,9%
DZ01460,Dunholm East,Fallinmuir,848,567,195,13,3,2,1,175,144,160,567,905,256,305,22%,190,17%,97,147,220,184,110,23%,7%,192,84%,5.11,191,7%,31%,41,331,52,9,15%,3%,2.63,3.13,1.84,9.97,1%
DZ00037,Ashbank,Drumlarach,617,387,184,12,3,2,1,378,219,46,112,450,835,770,14%,86,15%,58,207,173,247,149,26%,9%,168,78%,4.26,236,10%,17%,23,205,39,8,10%,2%,3.9,4.36,2.8,16.45,4%
DZ01580,Branburn,Fallinmuir,730,488,1259,79,16,8,4,1366,1135,1328,1368,511,349,1121,5%,34,5%,25,77,132,76,60,14%,7%,85,90%,5.69,126,0%,54%,23,369,12,3,9%,2%,3.18,3.92,4.09,11.95,2%
DZ01122,Dunbrae,Eskbrae,737,487,460,29,6,3,2,467,500,514,280,1069,341,389,13%,98,12%,58,102,150,212,123,17%,4%,94,81%,4.76,225,8%,29%,31,429,53,10,16%,2%,1.97,2.53,1.64,4.97,2%
DZ01485,Strathfield North,Eskbrae,795,500,1250,79,16,8,4,1348,1150,1239,1290,928,191,1125,2%,19,6%,30,100,91,46,74,17%,8%,87,91%,5.25,96,2%,43%,27,436,33,6,4%,1%,2.19,2.37,2.28,12.06,3%
DZ00426,Torhill North,Corriebeg,766,487,4,1,1,1,1,7,4,7,11,1427,22,30,33%,255,26%,127,529,312,729,182,33%,10%,185,78%,3.87,350,13%,16%,45,538,77,15,18%,4%,1.22,2.15,1.1,7.31,0%
DZ00665,Ferncraig East,Corriebeg,935,604,403,26,6,3,2,358,247,303,550,1536,967,191,17%,156,14%,84,128,132,306,103,21%,7%,122,85%,5.33,168,4%,29%,17,218,69,8,14%,4%,0.5,0.97,0.9,3.46,0%
DZ01186,Dunbank Central,Glenhaven,798,510,735,46,10,5,3,566,772,965,606,668,1341,885,12%,95,8%,42,116,65,102,100,14%,5%,99,82%,5.37,212,6%,26%,17,203,45,5,10%,0%,2.95,3.53,3.21,10.63,3%
DZ00571,Glenpark North,Brackenlaw,588,385,377,24,5,3,2,511,310,532,172,1220,336,199,14%,82,15%,58,144,153,126,83,20%,6%,87,81%,4.47,261,9%,17%,31,354,65,6,21%,4%,2.5,1.99,2.17,7.51,0%
DZ00095,Strathbrae Central,Brackenlaw,856,500,878,55,11,6,3,856,697,623,1376,518,1302,854,10%,87,12%,58,111,117,107,106,19%,8%,92,91%,6.32,84,1%,48%,12,187,36,6,10%,2%,2.98,4.37,3.79,13.53,5%
DZ00793,Newmains,Drumlarach,792,481,572,36,8,4,2,469,569,552,627,1091,857,282,16%,123,11%,51,104,119,321,98,20%,6%,89,84%,5.01,227,6%,33%,15,319,47,7,19%,2%,1.87,2.05,1.56,7.57,0%
DZ01501,Birkholm North,Glenhaven,870,529,616,39,8,4,2,646,587,561,531,912,711,1204,13%,113,12%,62,125,129,92,121,24%,5%,81,82%,4.91,183,5%,33%,24,285,26,1,6%,2%,2.41,2.57,1.9,9.74,2%
DZ01072,Invermuir Central,Harlawmuir,872,506,1018,64,13,7,4,916,1106,653,1457,224,1404,1097,9%,79,6%,31,108,111,126,112,22%,5%,101,91%,6.24,67,2%,45%,10,114,17,2,12%,1%,5.47,5.36,4.22,19.54,8%
DZ00513,Glenmains West,Drumlarach,766,512,92,6,2,1,1,131,99,208,79,823,149,10,24%,182,18%,91,118,208,142,138,22%,9%,127,76%,4.01,295,9%,15%,39,454,76,16,23%,5%,3.21,3.36,1.67,8.7,3%
DZ00909,Dunmuir West,Glenhaven,866,507,1429,90,18,9,5,1388,1277,1458,1335,1333,1322,1346,3%,25,4%,21,74,41,80,75,14%,3%,67,90%,5.77,113,2%,55%,3,148,25,9,6%,1%,1.23,1.73,1.25,7.18,1%
DZ00230,Langtoun West,Corriebeg,821,553,95,6,2,1,1,85,46,102,54,1593,403,973,23%,192,19%,108,135,201,261,139,28%,6%,188,78%,3.85,305,11%,13%,23,332,48,3,9%,1%,0.5,0.5,0.5,3.0,0%
DZ00777,Whindale West,Brackenlaw,527,346,1092,69,14,7,4,1224,1099,946,1102,579,792,310,3%,14,5%,17,69,116,69,110,15%,5%,78,86%,5.25,126,5%,39%,22,254,55,6,19%,3%,3.47,3.8,2.54,13.4,4%
DZ01530,Inverford East,Eskbrae,574,376,1347,85,17,9,5,1252,1383,1280,941,1446,1405,999,8%,43,2%,9,85,103,64,65,15%,5%,61,84%,5.44,171,5%,41%,0,116,19,6,8%,1%,1.57,1.07,0.77,6.43,0%
DZ01572,Torlaw East,Fallinmuir,1146,685,168,11,3,2,1,216,158,127,324,761,127,293,17%,191,15%,101,219,281,264,155,25%,9%,144,83%,4.56,232,7%,25%,37,424,48,12,15%,3%,4.41,3.45,2.1,10.89,4%
DZ00662,Birkwood West,Corriebeg,726,442,1298,82,17,9,5,1356,1089,1410,1436,489,1188,486,4%,31,8%,33,54,106,63,73,10%,5%,85,93%,6.05,162,1%,54%,19,139,45,5,18%,2%,3.84,4.31,3.36,10.85,5%
DZ01297,Strathlea West,Fallinmuir,630,387,336,21,5,3,2,481,245,453,329,641,280,566,13%,81,15%,57,85,141,112,95,18%,6%,91,82%,4.81,227,5%,23%,32,343,46,12,14%,3%,3.34,4.09,2.71,11.86,3%
DZ00622,Glenwood West,Corriebeg,752,502,1465,92,19,10,5,1394,1490,1198,1480,1027,1343,976,1%,10,1%,5,77,81,74,101,15%,7%,87,89%,6.09,42,1%,47%,21,98,16,7,11%,1%,1.96,3.11,2.1,7.65,3%
DZ01217,Rosshill Central,Fallinmuir,795,522,469,30,6,3,2,405,469,365,728,917,330,607,14%,115,12%,63,152,145,119,167,22%,6%,140,88%,5.66,172,5%,33%,29,346,39,3,11%,2%,1.84,2.31,2.27,10.74,2%
DZ01152,Rossford South,Harlawmuir,720,486,1005,63,13,7,4,816,1040,696,1512,626,519,862,12%,83,8%,40,106,115,200,111,20%,5%,98,88%,6.03,114,0%,55%,21,294,42,8,12%,2%,2.83,3.19,3.59,12.68,3%
DZ00856,Inverbrae South,Fallinmuir,524,343,689,44,9,5,3,732,692,744,408,1280,576,246,8%,40,8%,29,87,69,111,117,18%,8%,116,80%,4.74,216,9%,24%,21,291,62,12,16%,3%,2.32,2.11,1.82,6.15,0%
DZ00306,Torlaw South,Corriebeg,874,514,981,62,13,7,4,1221,757,1021,711,965,881,319,10%,83,7%,37,72,158,89,84,18%,6%,84,88%,5.03,188,5%,36%,23,309,49,12,16%,2%,2.12,2.91,1.94,8.09,2%
DZ01386,Craighaugh North,Glenhaven,1037,691,226,15,3,2,1,124,289,315,388,735,117,1077,21%,222,15%,102,142,120,303,107,20%,8%,144,80%,5.09,260,8%,27%,34,393,41,9,6%,2%,2.36,3.19,2.89,10.54,2%
DZ00298,Melwood West,Brackenlaw,728,490,1415,89,18,9,5,1428,1420,1072,1243,1529,1064,622,6%,47,3%,17,68,95,123,102,19%,8%,84,88%,5.7,112,4%,47%,16,244,37,9,12%,3%,1.08,1.68,1.26,3.0,0%
DZ01165,Balwood West,Eskbrae,714,428,786,50,10,5,3,611,956,640,955,879,690,1056,12%,86,7%,29,133,170,80,121,20%,8%,111,86%,5.68,137,4%,39%,12,315,38,4,10%,1%,2.58,3.2,2.08,7.98,4%
DZ00336,Branshaws East,Brackenlaw,597,376,247,16,4,2,1,299,338,286,91,336,991,998,18%,107,14%,54,151,86,99,124,22%,8%,141,79%,4.25,318,9%,18%,19,225,45,6,11%,1%,5.55,4.64,3.44,14.62,4%
DZ00741,Strathside Central,Corriebeg,806,505,288,18,4,2,1,327,180,408,370,1356,43,159,16%,133,16%,81,135,159,79,131,19%,9%,125,83%,4.66,219,7%,28%,47,446,77,11,15%,4%,1.29,1.74,1.6,3.5,2%
DZ00240,Newside East,Drumlarach,666,413,31,2,1,1,1,35,19,35,244,716,91,1261,26%,174,21%,89,159,175,805,163,24%,10%,136,82%,4.83,255,8%,32%,44,520,17,5,7%,1%,3.3,3.39,3.44,11.53,3%
DZ01137,Langshaws North,Fallinmuir,932,597,873,55,11,6,3,621,857,964,957,1068,1260,1011,13%,119,10%,61,86,78,48,108,16%,6%,76,86%,5.19,153,4%,42%,10,153,41,3,8%,1%,1.97,2.71,2.12,4.09,3%
DZ00010,Lochanpark Central,Aldmoor,835,495,1300,82,17,9,5,1326,1365,1278,1268,131,1566,910,3%,26,4%,19,64,84,50,55,11%,2%,77,88%,5.72,118,3%,50%,5,41,40,3,8%,2%,5.49,5.79,5.8,23.36,8%
DZ00567,Langlea Central,Aldmoor,857,512,487,31,7,4,2,599,331,410,870,587,482,944,14%,117,14%,72,137,94,105,93,20%,7%,102,89%,5.13,180,4%,37%,24,352,44,4,9%,2%,3.25,3.38,2.85,12.33,4%
DZ00629,Craighill,Corriebeg,777,492,272,17,4,2,1,105,405,250,403,955,398,933,22%,169,13%,64,135,303,204,138,21%,8%,140,86%,4.59,227,8%,28%,29,295,34,7,11%,2%,2.13,2.83,1.64,9.61,2%
DZ00745,Dalburn,Corriebeg,737,457,957,60,12,6,3,1113,986,537,549,1262,806,1492,8%,58,7%,31,94,173,171,102,28%,4%,117,81%,4.84,203,5%,36%,28,245,17,0,2%,1%,2.23,2.07,1.74,3.76,0%
DZ00561,Balburn Central,Aldmoor,685,419,1199,75,15,8,4,1092,1026,1383,1414,530,1178,1192,7%,48,8%,33,99,94,109,91,13%,3%,110,93%,6.33,81,3%,56%,19,229,29,4,11%,1%,3.35,4.07,3.66,14.63,2%
DZ01093,Glenmains East,Fallinmuir,530,320,94,6,2,1,1,76,42,153,69,1568,953,162,22%,117,21%,67,174,174,203,127,26%,7%,111,79%,4.23,334,10%,18%,20,206,85,10,14%,3%,0.5,0.67,0.89,3.0,0%
DZ00228,Glenford West,Corriebeg,785,515,139,9,2,1,1,64,76,319,281,1423,440,438,23%,179,20%,102,112,88,167,98,22%,7%,120,80%,4.55,248,7%,16%,18,301,60,9,16%,2%,1.69,2.38,0.76,6.28,0%
DZ01250,Killea,Eskbrae,460,277,50,4,1,1,1,57,27,174,96,1505,18,26,22%,103,20%,55,160,96,287,125,24%,10%,124,75%,4.44,276,10%,13%,52,629,83,15,18%,4%,1.36,1.19,1.56,3.85,0%
DZ01434,Rosstoun Central,Harlawmuir,807,528,214,14,3,2,1,318,181,271,236,465,285,562,19%,153,15%,78,136,175,89,151,22%,7%,137,82%,4.36,257,8%,34%,25,371,42,9,12%,2%,3.29,3.66,3.28,15.73,4%
DZ00986,Whinfield North,Glenhaven,1025,641,1413,89,18,9,5,1382,1268,1524,1464,737,1235,859,7%,69,5%,34,60,45,38,67,11%,6%,58,91%,6.04,53,0%,53%,18,141,33,5,11%,3%,3.5,3.48,2.47,13.56,4%
DZ00258,Melwood West,Brackenlaw,816,540,609,39,8,4,2,896,464,705,632,503,294,392,10%,80,12%,66,118,96,112,109,16%,6%,117,84%,4.61,198,7%,38%,34,334,40,9,19%,2%,3.91,3.76,3.3,14.26,3%
DZ00458,Brangate North,Brackenlaw,1114,666,861,54,11,6,3,776,637,1188,607,1383,1077,1144,11%,122,10%,65,84,91,70,74,14%,3%,81,87%,5.36,225,6%,33%,10,160,29,5,6%,1%,1.24,2.15,0.89,3.58,1%
DZ00150,Whinshaws West,Corriebeg,853,579,103,7,2,1,1,111,70,82,542,517,394,96,20%,175,19%,110,183,369,387,144,23%,8%,143,85%,5.05,230,5%,32%,37,303,82,10,18%,3%,2.96,3.71,3.73,13.13,4%
DZ01090,Branhaugh South,Eskbrae,808,485,178,12,3,2,1,148,100,165,274,1594,130,12,19%,155,20%,97,141,88,283,152,23%,8%,120,82%,4.67,224,9%,25%,40,377,95,13,19%,4%,0.5,0.5,0.5,3.0,0%
DZ01117,Fernhaugh Central,Harlawmuir,743,433,1460,92,19,10,5,1501,1433,1346,1529,234,1413,1029,1%,10,2%,7,70,72,33,75,9%,2%,95,89%,5.82,80,0%,55%,7,89,26,4,8%,2%,4.98,6.03,4.87,18.17,6%
DZ01534,Craiggate North,Fallinmuir,671,445,488,31,7,4,2,473,571,238,395,1253,779,414,14%,95,9%,41,157,126,236,154,22%,7%,127,82%,4.61,249,8%,29%,17,333,63,11,15%,4%,2.43,1.46,1.39,4.66,0%
DZ01155,Balpark Central,Harlawmuir,947,622,574,36,8,4,2,519,707,758,1000,32,758,1319,13%,127,12%,72,85,74,155,91,19%,4%,77,88%,5.11,113,3%,34%,22,289,23,1,9%,1%,6.59,7.18,5.8,24.31,9%
DZ00813,Dunwood Central,Fallinmuir,826,561,882,56,12,6,3,1138,688,1103,581,1165,240,283,8%,68,11%,61,88,75,122,85,20%,4%,91,86%,4.95,255,6%,25%,24,400,66,7,15%,4%,2.17,2.2,1.87,7.92,1%
DZ00434,Langford Central,Drumlarach,671,429,923,58,12,6,3,1156,820,984,547,560,1407,240,4%,30,9%,40,59,77,106,71,20%,6%,101,82%,4.97,196,6%,33%,8,106,71,6,16%,3%,3.73,4.07,3.3,13.19,2%
DZ00384,Brancraig North,Corriebeg,772,518,1062,67,14,7,4,819,759,1418,891,1555,1103,1270,8%,59,9%,48,89,94,104,81,12%,5%,67,84%,4.93,189,6%,46%,15,201,25,6,6%,2%,0.5,0.79,0.5,3.0,0%
DZ00334,Langford East,Brackenlaw,738,488,1288,81,17,9,5,1393,1140,1082,1520,201,1509,1405,2%,15,7%,33,121,53,80,92,15%,5%,72,92%,6.05,98,0%,59%,3,106,11,2,4%,1%,5.06,5.74,4.69,18.78,7%
DZ01422,Inverdale North,Glenhaven,889,558,898,57,12,6,3,613,1311,707,785,481,935,1342,14%,120,3%,17,63,120,86,81,18%,6%,108,87%,5.13,215,5%,43%,21,253,25,5,7%,0%,3.89,3.83,3.86,12.04,5%
DZ00401,Craigside South,Aldmoor,774,459,1594,100,20,10,5,1595,1592,1578,1593,111,1468,1589,1%,8,1%,5,57,41,16,60,7%,3%,62,97%,6.79,34,0%,58%,1,34,11,0,0%,0%,5.97,7.01,4.89,20.02,7%
DZ01198,Melcraig South,Harlawmuir,733,470,115,8,2,1,1,295,124,337,57,129,146,1503,18%,130,17%,80,94,126,244,147,23%,9%,117,74%,4.06,336,10%,9%,34,431,11,0,1%,0%,5.78,6.15,4.88,22.44,8%
DZ00414,Torcraig South,Brackenlaw,573,359,733,46,10,5,3,1085,560,597,935,282,1227,508,9%,51,12%,44,121,148,96,124,19%,7%,115,86%,5.55,180,4%,45%,14,146,43,10,12%,3%,5.32,5.39,3.92,15.47,6%
DZ00040,Glentoun South,Drumlarach,701,436,1585,100,20,10,5,1586,1589,1566,1569,231,1589,1502,1%,7,1%,4,48,59,11,63,8%,1%,51,92%,6.23,91,0%,52%,0,11,3,1,2%,1%,4.74,5.65,4.46,17.24,6%
DZ01399,Craighaugh,Harlawmuir,956,592,1210,76,16,8,4,1283,1339,1152,999,163,1363,1439,7%,64,1%,7,66,39,72,77,15%,3%,81,85%,5.3,164,4%,39%,4,139,22,1,4%,1%,5.85,6.0,4.98,20.39,7%
DZ00136,Strathbrae Central,Brackenlaw,913,608,188,12,3,2,1,219,244,109,362,596,42,1157,18%,166,16%,99,140,187,249,149,21%,7%,102,82%,4.78,201,6%,18%,44,476,30,2,7%,1%,3.68,3.55,3.19,13.4,5%
DZ00213,Kilholm South,Brackenlaw,692,440,537,34,7,4,2,425,493,902,590,335,1229,1459,16%,111,12%,54,82,98,86,99,21%,6%,76,87%,4.66,189,5%,36%,14,191,0,1,4%,1%,4.12,4.89,4.21,13.42,6%
DZ01589,Kinshaws West,Glenhaven,557,347,1439,90,18,9,5,1448,1374,1522,1339,313,1487,1452,3%,19,4%,12,50,31,36,80,11%,5%,61,94%,6.12,151,5%,49%,0,80,9,0,5%,0%,4.48,4.8,3.64,16.95,7%
DZ00431,Dunlaw,Drumlarach,785,516,163,11,3,2,1,51,229,192,229,1407,666,186,24%,191,16%,85,141,101,259,130,23%,7%,120,86%,4.82,238,8%,27%,14,229,81,11,18%,4%,1.17,1.84,1.41,3.58,0%
DZ00308,Lochanwood South,Corriebeg,787,534,165,11,3,2,1,96,197,186,185,1475,208,137,23%,179,16%,87,123,173,333,167,24%,6%,145,82%,4.5,249,9%,27%,36,399,72,11,17%,3%,1.12,0.65,1.21,5.3,0%
DZ00854,Dunwood Central,Fallinmuir,608,376,1194,75,15,8,4,1140,1167,1310,796,1287,679,1525,7%,44,6%,24,73,51,121,81,13%,4%,83,86%,5.43,193,4%,37%,20,278,0,0,2%,1%,1.05,2.44,1.26,6.23,1%
DZ00820,Dalshaws Central,Fallinmuir,756,499,132,9,2,1,1,52,110,60,505,1576,148,1009,25%,192,17%,84,253,321,288,149,26%,8%,155,87%,4.61,196,8%,28%,28,324,50,6,8%,0%,0.5,0.5,0.5,3.0,0%
DZ00946,Kintoun North,Glenhaven,664,393,992,62,13,7,4,1256,933,755,767,339,1542,420,6%,40,8%,30,99,81,153,101,22%,7%,117,80%,5.39,206,5%,39%,0,47,63,7,15%,3%,4.46,4.32,4.07,17.09,4%
DZ00200,Newside East,Drumlarach,995,656,19,2,1,1,1,23,51,17,10,644,51,148,26%,256,20%,131,268,387,345,174,34%,8%,203,80%,3.69,344,13%,4%,52,435,66,11,18%,4%,3.68,3.67,3.15,11.18,3%
DZ01516,Invercraig,Harlawmuir,776,478,464,29,6,3,2,579,449,621,803,188,232,533,13%,99,12%,59,104,166,76,153,24%,7%,111,85%,5.23,200,5%,33%,41,348,35,10,18%,3%,5.23,6.34,4.95,19.73,7%
DZ00815,Inverbrae South,Fallinmuir,780,511,306,20,4,2,1,256,341,161,304,1047,790,465,20%,155,13%,68,172,208,221,112,25%,7%,136,80%,4.78,244,7%,20%,22,289,66,9,17%,3%,1.86,2.21,1.34,9.63,0%
DZ00997,Langshaws East,Harlawmuir,843,521,780,49,10,5,3,1002,544,783,993,506,663,1424,11%,91,12%,61,116,123,120,92,19%,8%,105,85%,5.15,136,6%,32%,24,203,0,0,7%,1%,3.47,4.24,3.62,11.84,3%
DZ00557,Invergate,Drumlarach,673,394,920,58,12,6,3,950,969,932,991,834,155,1034,9%,60,9%,34,70,93,125,92,17%,6%,100,91%,5.8,163,2%,37%,32,455,21,3,9%,1%,2.85,2.82,2.51,10.35,3%
DZ01057,Ashbrae,Fallinmuir,652,380,718,45,9,5,3,804,585,524,1040,828,720,747,8%,55,12%,47,113,215,158,112,19%,8%,109,87%,5.4,131,3%,49%,18,230,38,9,10%,2%,2.07,2.88,2.8,10.84,2%
DZ01019,Newbank South,Fallinmuir,873,542,81,6,2,1,1,68,126,42,299,1175,58,115,25%,217,19%,102,239,169,408,195,27%,7%,193,79%,4.49,225,7%,27%,36,454,79,12,17%,3%,1.93,2.5,1.93,5.75,2%
DZ01508,Glenlaw North,Glenhaven,957,557,717,45,9,5,3,970,840,601,559,167,988,1529,11%,107,8%,43,97,149,102,129,20%,7%,113,85%,5.09,183,6%,29%,19,232,0,0,3%,0%,4.87,6.6,4.66,20.95,8%
DZ01082,Mellaw North,Eskbrae,616,382,1402,88,18,9,5,1299,1505,1064,1289,1357,655,1151,3%,18,1%,4,69,99,54,98,16%,6%,88,89%,5.67,120,2%,37%,18,263,18,2,7%,1%,1.25,1.83,0.95,4.25,1%
DZ01018,Langfield North,Fallinmuir,889,596,606,38,8,4,2,354,674,765,514,1542,273,840,17%,149,9%,56,98,125,83,109,19%,9%,98,86%,4.57,254,4%,27%,27,397,51,4,13%,2%,0.67,1.27,0.52,3.0,0%
DZ00007,Brangate Central,Aldmoor,784,503,233,15,3,2,1,198,275,240,380,213,1460,233,20%,156,15%,73,139,201,172,158,20%,6%,141,85%,4.71,182,7%,26%,5,79,60,13,13%,3%,4.81,5.06,4.67,18.18,6%
DZ00812,Strathwood East,Fallinmuir,942,550,1447,91,19,10,5,1417,1436,1111,1442,1221,1173,1254,1%,13,1%,6,90,85,105,58,14%,6%,112,90%,6.24,72,2%,54%,19,177,16,4,8%,0%,1.55,1.74,1.14,5.1,1%
DZ00014,Lochanford Central,Brackenlaw,913,593,314,20,4,2,1,376,374,329,357,159,689,936,15%,138,14%,81,136,169,136,89,24%,8%,114,82%,4.96,192,7%,25%,22,317,52,9,11%,2%,5.61,5.56,5.33,20.32,9%
DZ00118,Kildale,Drumlarach,460,309,1238,78,16,8,4,1215,1296,1197,1299,959,162,886,8%,37,5%,16,63,93,101,70,14%,5%,63,89%,5.5,128,2%,46%,34,379,34,6,9%,2%,1.29,2.73,1.49,8.5,2%
DZ00924,Branbank South,Eskbrae,794,475,1456,91,19,10,5,1483,1269,1457,1341,1462,1441,49,1%,8,4%,17,62,78,134,97,15%,5%,75,87%,5.8,73,2%,52%,9,149,86,12,18%,4%,1.22,1.4,1.01,4.24,0%
DZ01272,Branmains West,Harlawmuir,790,466,1218,77,16,8,4,1083,1223,1352,1136,880,1004,1229,7%,57,5%,23,71,134,117,70,15%,5%,69,91%,5.65,142,4%,49%,18,191,30,1,7%,1%,2.51,2.25,2.42,9.26,1%
DZ00236,Lochanburn North,Drumlarach,548,363,1164,73,15,8,4,1205,879,1301,1087,1112,1340,759,6%,32,8%,30,54,47,38,111,16%,9%,72,88%,5.44,135,4%,39%,9,177,50,6,11%,2%,0.99,2.31,1.69,6.49,1%
DZ00852,Strathwood East,Fallinmuir,883,585,1334,84,17,9,5,1344,1403,1380,638,1274,1285,422,4%,34,2%,12,78,59,67,69,15%,6%,98,86%,5.24,189,6%,40%,2,213,53,10,13%,2%,1.35,1.82,1.34,5.93,1%
DZ01097,Ashbrae,Fallinmuir,833,566,1010,64,13,7,4,1107,805,382,1372,1118,1183,1104,8%,67,9%,49,145,145,422,114,22%,6%,113,89%,6.3,130,2%,48%,9,132,12,7,13%,1%,1.72,2.36,2.44,8.96,2%
DZ00399,Lochanhaugh South,Drumlarach,775,506,1273,80,16,8,4,1300,1030,1417,1174,1128,1168,961,4%,33,6%,30,84,56,57,76,12%,3%,75,88%,5.66,92,4%,45%,9,88,30,5,11%,2%,2.32,2.16,1.34,8.8,2%
DZ01190,Ferntoun Central,Glenhaven,751,488,1305,82,17,9,5,1406,1298,1117,1360,427,958,1114,3%,22,6%,29,74,84,160,91,17%,7%,82,92%,5.89,119,2%,47%,14,225,45,4,6%,2%,3.71,4.08,3.07,13.07,5%
DZ01162,Dunbrae,Eskbrae,881,568,850,54,11,6,3,782,764,1185,688,1177,525,923,10%,91,9%,49,102,66,132,82,12%,4%,77,86%,5.27,181,7%,31%,29,343,33,4,13%,2%,1.64,1.87,1.2,7.31,0%
DZ01398,Melgate North,Harlawmuir,768,491,713,45,9,5,3,888,740,1154,748,39,752,1224,10%,74,8%,40,69,76,129,62,17%,5%,114,86%,5.27,170,5%,25%,19,207,33,4,7%,1%,6.92,7.69,6.05,25.78,9%
DZ01439,Craighaugh,Harlawmuir,854,566,820,52,11,6,3,1000,975,998,634,262,553,1052,6%,52,10%,54,86,78,107,89,15%,6%,88,84%,5.11,195,8%,36%,17,244,24,4,7%,1%,5.47,5.81,4.72,18.1,7%
DZ00022,Glenhill West,Corriebeg,1025,686,1520,95,19,10,5,1514,1530,1475,1422,402,1440,1484,1%,10,1%,7,64,25,39,68,12%,6%,102,96%,6.12,125,1%,48%,10,102,7,0,4%,1%,3.58,4.32,3.46,16.75,6%
DZ00775,Newside South,Brackenlaw,857,525,949,60,12,6,3,894,924,1034,689,767,1458,935,11%,96,6%,31,168,70,103,111,18%,2%,84,87%,4.92,211,6%,36%,1,56,38,9,10%,1%,2.38,3.28,2.88,10.67,2%
DZ00802,Newmuir South,Eskbrae,749,505,495,31,7,4,2,391,720,247,593,1139,126,853,15%,116,8%,42,150,181,297,153,20%,6%,121,84%,4.94,170,4%,30%,43,416,40,10,7%,2%,1.39,1.91,1.48,5.46,0%
DZ01563,Strathholm West,Eskbrae,826,498,597,38,8,4,2,496,785,699,368,557,1190,505,15%,123,7%,36,115,143,154,87,21%,6%,115,82%,4.8,252,7%,27%,10,228,47,7,13%,3%,3.41,4.2,2.06,13.69,5%
DZ00834,Dunlaw East,Harlawmuir,978,608,788,50,10,5,3,961,589,388,1100,1428,351,1074,9%,88,12%,72,125,69,217,109,24%,5%,136,86%,5.52,194,3%,46%,20,429,30,0,9%,2%,1.81,1.8,0.5,8.08,0%
DZ00526,Melshaws East,Aldmoor,629,378,330,21,5,3,2,696,179,530,227,145,1277,608,15%,92,18%,66,138,107,85,112,21%,6%,91,79%,4.37,298,8%,20%,5,173,46,4,12%,2%,5.46,6.32,5.72,21.72,11%
DZ01112,Invermuir Central,Harlawmuir,883,598,534,34,7,4,2,594,711,265,915,239,803,356,12%,107,10%,58,130,170,115,107,26%,5%,123,88%,5.14,171,3%,32%,21,226,51,7,13%,2%,4.36,5.71,4.76,16.79,7%
DZ00343,Brancraig North,Corriebeg,1025,604,996,63,13,7,4,901,877,922,992,1563,688,322,10%,104,8%,48,90,141,92,122,15%,6%,93,88%,5.26,156,3%,29%,18,292,68,11,15%,4%,0.5,0.5,0.5,3.0,0%
DZ01470,Kinhaugh South,Glenhaven,882,598,588,37,8,4,2,1015,839,380,376,38,1095,612,6%,57,11%,68,122,329,102,105,24%,7%,133,82%,4.49,233,9%,30%,20,189,39,6,11%,3%,6.3,7.14,6.29,24.87,9%
DZ01472,Baltoun North,Harlawmuir,653,432,271,17,4,2,1,545,198,656,40,204,1049,929,16%,104,15%,65,175,92,137,112,16%,6%,98,77%,3.7,351,12%,10%,15,176,41,5,8%,1%,5.17,5.68,4.35,17.79,7%
DZ00913,Fernfield East,Harlawmuir,779,515,1240,78,16,8,4,900,1354,1409,1182,950,1422,63,9%,68,3%,15,82,107,66,74,9%,4%,64,91%,5.58,129,4%,39%,3,93,69,11,19%,4%,2.25,2.77,1.88,10.0,2%
DZ00322,Rosslaw North,Aldmoor,731,458,1181,74,15,8,4,1050,1123,1341,1471,244,1289,1310,9%,62,7%,32,86,52,52,87,16%,2%,72,92%,6.0,92,1%,49%,8,197,23,0,5%,1%,4.83,5.76,4.95,14.81,6%
DZ01510,Kinhaugh South,Glenhaven,884,524,892,56,12,6,3,1019,981,941,764,314,890,1211,8%,70,8%,42,109,61,108,85,16%,4%,88,83%,5.2,171,4%,35%,16,217,15,2,8%,1%,5.12,5.47,4.0,18.39,5%
DZ01356,Craiggate Central,Harlawmuir,624,391,175,11,3,2,1,229,118,366,561,152,269,921,19%,117,15%,58,182,108,81,128,19%,9%,127,84%,4.78,188,7%,27%,24,366,45,3,8%,2%,5.87,6.27,5.04,19.43,7%
DZ00491,Dalholm,Brackenlaw,866,573,257,17,4,2,1,333,223,179,205,646,1018,441,17%,143,14%,77,156,237,120,125,25%,6%,120,78%,4.62,221,10%,22%,11,184,48,7,14%,3%,3.81,2.98,2.49,14.01,3%
DZ00976,Inverdale Central,Fallinmuir,686,447,1281,81,17,9,5,1269,1166,1193,1133,1550,1123,196,7%,48,4%,19,67,122,103,64,14%,6%,101,89%,5.23,130,2%,38%,6,155,60,12,17%,3%,0.5,1.07,0.57,4.6,0%
DZ00353,Glenburn West,Drumlarach,800,508,420,27,6,3,2,518,580,245,100,1135,687,445,16%,125,12%,63,119,77,120,128,21%,7%,101,77%,4.11,256,11%,18%,16,241,44,10,14%,3%,1.74,2.12,2.15,6.86,1%
DZ00577,Langcraig North,Brackenlaw,894,549,722,46,10,5,3,827,835,620,772,144,1461,806,14%,124,11%,59,199,176,72,109,18%,7%,87,88%,4.99,194,6%,37%,8,58,56,4,12%,3%,5.57,6.4,5.06,21.7,8%
DZ00524,Dalwood East,Aldmoor,881,594,1426,90,18,9,5,1460,1502,1353,1408,114,1221,1366,1%,12,2%,9,75,64,81,73,16%,7%,68,93%,5.82,89,1%,46%,12,198,35,2,6%,1%,5.87,6.48,5.38,23.89,6%
DZ00645,Whinholm North,Aldmoor,688,438,75,5,1,1,1,67,56,292,49,1079,298,751,24%,162,17%,74,132,148,178,114,21%,4%,175,77%,4.22,343,11%,8%,27,412,39,7,14%,2%,1.42,2.67,2.34,4.99,0%
DZ00407,Langfield West,Aldmoor,813,538,180,12,3,2,1,144,252,362,248,502,85,132,21%,169,14%,76,130,153,158,130,23%,5%,161,81%,5.19,233,9%,18%,44,419,81,9,17%,4%,3.66,3.88,3.7,12.27,3%
DZ00474,Langford Central,Drumlarach,834,554,331,21,5,3,2,316,609,317,190,440,344,667,16%,132,12%,67,203,154,136,138,23%,3%,99,77%,4.3,264,8%,19%,24,397,55,9,17%,3%,4.14,4.78,3.75,16.07,6%
DZ01172,Lochanshaws West,Fallinmuir,1005,662,24,2,1,1,1,19,41,39,22,1403,79,5,29%,289,18%,119,203,370,482,182,31%,8%,197,77%,4.0,322,13%,7%,42,460,97,18,25%,5%,1.67,0.55,1.3,4.29,0%
DZ00168,Craigbrae East,Aldmoor,757,461,357,23,5,3,2,393,489,691,151,102,1514,189,17%,132,11%,53,84,74,135,116,14%,5%,91,76%,4.37,271,9%,23%,6,166,75,11,16%,3%,5.54,6.99,4.9,21.83,9%
DZ00295,Kilmains Central,Brackenlaw,765,476,607,38,8,4,2,465,397,1187,661,1142,302,1049,13%,103,12%,58,82,112,84,81,12%,6%,79,85%,4.81,181,5%,29%,33,357,23,6,7%,1%,1.81,1.78,1.63,7.62,1%
DZ01044,Newlea South,Eskbrae,803,495,374,24,5,3,2,313,296,228,791,1315,477,660,17%,139,17%,83,179,128,542,164,23%,3%,124,85%,5.39,155,5%,43%,27,349,41,7,13%,3%,1.33,1.77,1.5,7.29,0%
DZ00011,Kilhaugh,Brackenlaw,550,325,548,35,7,4,2,736,562,798,450,16,1444,1458,10%,58,11%,36,94,87,90,91,20%,7%,112,82%,4.53,284,6%,25%,0,70,29,0,5%,0%,7.06,8.58,6.08,24.72,11%
DZ01215,Invermains South,Fallinmuir,843,492,1037,65,13,7,4,1186,780,1003,1123,1003,717,743,7%,62,9%,46,103,91,118,96,12%,4%,100,91%,5.56,136,4%,40%,20,280,30,6,10%,2%,1.94,2.54,2.3,4.3,2%
DZ00628,Fernlaw West,Corriebeg,759,502,182,12,3,2,1,172,174,221,234,1369,147,4,19%,148,16%,82,293,228,186,154,23%,5%,135,82%,4.41,287,9%,18%,33,321,106,15,27%,4%,1.41,1.13,1.8,3.0,2%
