Premises Name|Address|postcode|Local Authority|Type|Products Sold|Company Name|Status
Hamilton Newsagents|144 Victoria Road, Lochanbrae,  QF30 1XX|QF30 1XX|Fallinmuir|Confectionary / Tobacconist / Newsagents|Tobacco And Nicotine Vapour Products|Hamilton Newsagents|Active
Sinclair's Convenience Store|166 School Road, Craighaugh,  QH40 1ED|QH40 1ED|Harlawmuir|Convenience Store|Tobacco Only|Sinclair's Convenience Store|Inactive
Balburn Service Station|87 Market Street, Balburn,  QE23 4DT|QE23 4DT|Eskbrae|Forecourt Garage|Tobacco Only|Reid Retail Ltd|Active
Langmuir Stores|60 High Street, Langmuir,  QD37 4QD|QD37 4QD|Drumlarach|Other Retail|Tobacco And Nicotine Vapour Products|Langmuir Stores|Active
The Torholm Arms|46 School Road, Torholm,  QD38 3LE|QD38 3LE|Drumlarach|Public House|Tobacco Only|The Torholm Arms|Inactive
Duncan's Convenience Store|156 Mill Lane, Kinbank,  QB29 5TA|QB29 5TA|Brackenlaw|Convenience Store|Tobacco And Nicotine Vapour Products|Sinclair Retail Ltd|Inactive
Duncan Newsagents|147 Main Street, Mellea,  QC33 9AJ|QC33 9AJ|Corriebeg|Confectionary / Tobacconist / Newsagents|Tobacco Only|Duncan Newsagents|Active
Hamilton's Convenience Store|46 Mill Lane, Langmains,  QH38 9HN|QH38 9HN|Harlawmuir|Convenience Store|Tobacco Only|Hamilton's Convenience Store|Active
MacLeod's Convenience Store|73 Harbour Road, Melbank,  QB9 3WH|QB9 3WH|Brackenlaw|Convenience Store|Tobacco And Nicotine Vapour Products|MacLeod's Convenience Store|Active
Sinclair's Convenience Store|110 Bridge Street, Strathdale,  QE5 7DE|QE5 7DE|Eskbrae|Convenience Store|Tobacco And Nicotine Vapour Products|Sinclair Retail Ltd|Inactive
Rossford Wines|41 Castle Street, Rossford,  QH16 5UX|QH16 5UX|Harlawmuir|Off-Licence|Tobacco Only|Rossford Wines|Active
Ashwood Service Station|95 Park Avenue, Ashwood,  QA5 4GY|QA5 4GY|Aldmoor|Forecourt Garage|Tobacco And Nicotine Vapour Products|Paterson Retail Ltd|Active
Watt's Convenience Store|86 Castle Street, Lochancraig,  QA24 1ZH|QA24 1ZH|Aldmoor|Convenience Store|Tobacco And Nicotine Vapour Products|Watt's Convenience Store|Inactive
Murray's Convenience Store|18 Church Street, Dunbank,  QG13 2YY|QG13 2YY|Glenhaven|Convenience Store|Tobacco Only|Murray's Convenience Store|Active
 Graham's Convenience Store |128 Park Avenue, Langlea,  QA3 7WX|QA3 7WX|Aldmoor|Convenience Store|Tobacco And Nicotine Vapour Products|Hamilton Retail Ltd|Active
 Ashlaw Takeaway |35 Victoria Road, Ashlaw,  QH16 1AN|QH16 1AN|Harlawmuir|Other Catering|Tobacco And Nicotine Vapour Products|Murray Retail Ltd|Active
Dalmuir Wines|53 High Street, Dalmuir,  QD16 0EZ|QD16 0EZ|Drumlarach|Off-Licence|Tobacco And Nicotine Vapour Products|Anderson Retail Ltd|Active
 The Melcraig Arms |169 Harbour Road, Melcraig,  QH19 2BU|QH19 2BU|Harlawmuir|Public House|Tobacco And Nicotine Vapour Products|Brown Retail Ltd|Inactive
 Kerr's Convenience Store |79 Victoria Road, Rossburn,  QC11 7DP|QC11 7DP|Corriebeg|Convenience Store|Tobacco Only|Kerr's Convenience Store|Inactive
MacLeod's Convenience Store|132 Church Street, Balside,  QD38 9QR|QD38 9QR|Drumlarach|Convenience Store|Tobacco And Nicotine Vapour Products|MacLeod's Convenience Store|Active
Hamilton Newsagents|28 Station Road, Glenmains,  QF27 7BY|QF27 7BY|Fallinmuir|Confectionary / Tobacconist / Newsagents|Tobacco And Nicotine Vapour Products|Hamilton Newsagents|Active
 Sinclair's Convenience Store |150 Church Street, Lochantoun,  QF29 5YJ|QF29 5YJ|Fallinmuir|Convenience Store|Tobacco And Nicotine Vapour Products|Sinclair's Convenience Store|Active
Watt's Convenience Store|90 King Street, Fernshaws,  QF26 4FB|QF26 4FB|Fallinmuir|Convenience Store|Tobacco And Nicotine Vapour Products|Watt's Convenience Store|Active
Hamilton's Convenience Store|76 King Street, Lochanburn,  QH20 6FT|QH20 6FT|Harlawmuir|Convenience Store|Tobacco Only|Reid Retail Ltd|Active
Lennox Newsagents|7 Station Road, Fernlea,  QC13 1NF|QC13 1NF|Corriebeg|Confectionary / Tobacconist / Newsagents|Tobacco Only|Murray Retail Ltd|Active
Murray's Convenience Store|64 Church Street, Craiggate,  QF27 0JY|QF27 0JY|Fallinmuir|Convenience Store|Tobacco Only|MacLeod Retail Ltd|Active
Dalpark Service Station|21 School Road, Dalpark,  QB6 6YJ|QB6 6YJ|Brackenlaw|Forecourt Garage|Tobacco Only|Graham Retail Ltd|Active
Duncan's Convenience Store|52 Station Road, Torside,  QF6 4UW|QF6 4UW|Fallinmuir|Convenience Store|Tobacco Only|Duncan's Convenience Store|Inactive
Anderson Newsagents|12 High Street, Birkshaws,  QH17 9PE|QH17 9PE|Harlawmuir|Confectionary / Tobacconist / Newsagents|Tobacco And Nicotine Vapour Products|Anderson Newsagents|Active
Campbell Newsagents|165 Main Street, Langmains,  QG13 2DT|QG13 2DT|Glenhaven|Confectionary / Tobacconist / Newsagents|Tobacco Only|Campbell Newsagents|Active
Balpark Wines|170 Castle Street, Balpark,  QH18 6DN|QH18 6DN|Harlawmuir|Off-Licence|Tobacco And Nicotine Vapour Products|Balpark Wines|Inactive
Anderson's Convenience Store|174 Glebe Road, Dalshaws,  QF10 5LW|QF10 5LW|Fallinmuir|Convenience Store|Tobacco And Nicotine Vapour Products|Ferguson Retail Ltd|Active
 Brown's Convenience Store |148 Main Street, Lochanshaws,  QF6 0QU|QF6 0QU|Fallinmuir|Convenience Store|Tobacco And Nicotine Vapour Products|Brown's Convenience Store|Active
Lochancraig Stores|62 School Road, Lochancraig,  QA24 3BU|QA24 3BU|Aldmoor|Other Retail|Tobacco Only|Lochancraig Stores|Inactive
Anderson's Convenience Store|84 Victoria Road, Inverpark,  QC31 6YF|QC31 6YF|Corriebeg|Convenience Store|Tobacco And Nicotine Vapour Products|Hamilton Retail Ltd|Active
Anderson's Convenience Store|67 Main Street, Kindale,  QC14 4DN|QC14 4DN|Corriebeg|Convenience Store|Tobacco And Nicotine Vapour Products|Anderson's Convenience Store|Active
Murray's Convenience Store|41 High Street, Ashbrae,  QF29 7DD|QF29 7DD|Fallinmuir|Convenience Store|Tobacco And Nicotine Vapour Products|Murray's Convenience Store|Active
Anderson's Convenience Store|170 Main Street, Balshaws,  QD18 5UN|QD18 5UN|Drumlarach|Convenience Store|Tobacco Only|Duncan Retail Ltd|Active
Branburn Stores|5 School Road, Branburn,  QF30 2ZQ|QF30 2ZQ|Fallinmuir|Other Retail|Tobacco And Nicotine Vapour Products|Watt Retail Ltd|Inactive
Graham Newsagents|148 Glebe Road, Rossford,  QH16 5DR|QH16 5DR|Harlawmuir|Confectionary / Tobacconist / Newsagents|Tobacco Only|Graham Newsagents|Active
Langfield Takeaway|94 Church Street, Langfield,  QA24 7EB|QA24 7EB|Aldmoor|Other Catering|Tobacco Only|Langfield Takeaway|Active
Rossgate Service Station|134 Victoria Road, Rossgate,  QA23 4HA|QA23 4HA|Aldmoor|Forecourt Garage|Tobacco Only|Brown Retail Ltd|Inactive
The Dunfield Arms|106 King Street, Dunfield,  QC32 9YU|QC32 9YU|Corriebeg|Public House|Tobacco And Nicotine Vapour Products|The Dunfield Arms|Active
Watt's Convenience Store|26 Main Street, Killea,  QE25 6AB|QE25 6AB|Eskbrae|Convenience Store|Tobacco Only|Watt's Convenience Store|Inactive
Campbell Mobile Shop|137 High Street, Whinfield,  QD40 1YL|QD40 1YL|Drumlarach|Mobile Trade|Tobacco And Nicotine Vapour Products|Campbell Mobile Shop|Active
Kerr's Convenience Store|93 Bridge Street, Glenside,  QA3 4DN|QA3 4DN|Aldmoor|Convenience Store|Tobacco And Nicotine Vapour Products|Kerr's Convenience Store|Active
Rossbank Service Station|4 Glebe Road, Rossbank,  QC13 3SN|QC13 3SN|Corriebeg|Forecourt Garage|Tobacco Only|MacLeod Retail Ltd|Active
 Torshaws Wines |103 Park Avenue, Torshaws,  QB30 4GW|QB30 4GW|Brackenlaw|Off-Licence|Tobacco And Nicotine Vapour Products|Torshaws Wines|Active
Graham Mobile Shop|117 Market Street, Dalmains,  QF27 6GB|QF27 6GB|Fallinmuir|Mobile Trade|Tobacco And Nicotine Vapour Products|Graham Mobile Shop|Active
Strathpark Stores|134 Station Road, Strathpark,  QF8 8YW|QF8 8YW|Fallinmuir|Other Retail|Tobacco And Nicotine Vapour Products|Strathpark Stores|Active
Kerr's Convenience Store|105 Market Street, Whinpark,  QB9 3LE|QB9 3LE|Brackenlaw|Convenience Store|Tobacco Only|Kerr's Convenience Store|Active
 Kinburn Stores |31 Station Road, Kinburn,  QE2 7DQ|QE2 7DQ|Eskbrae|Other Retail|Tobacco And Nicotine Vapour Products|Sinclair Retail Ltd|Active
Duncan's Convenience Store|83 Castle Street, Dalcraig,  QA25 5TB|QA25 5TB|Aldmoor|Convenience Store|Tobacco Only|Duncan's Convenience Store|Active
Duncan Newsagents|143 Bridge Street, Glengate,  QA4 3DP|QA4 3DP|Aldmoor|Confectionary / Tobacconist / Newsagents|Tobacco And Nicotine Vapour Products|Duncan Newsagents|Active
Kerr's Convenience Store|161 Park Avenue, Dungate,  QG31 3PD|QG31 3PD|Glenhaven|Convenience Store|Tobacco And Nicotine Vapour Products|Kerr's Convenience Store|Inactive
Lochanshaws Supermarket|58 King Street, Lochanshaws,  QG34 4NW|QG34 4NW|Glenhaven|Supermarket and Other Retail Outlets|Tobacco And Nicotine Vapour Products|Lochanshaws Supermarket|Active
The Kindale Arms|163 Mill Lane, Kindale,  QC14 0RW|QC14 0RW|Corriebeg|Public House|Tobacco Only|The Kindale Arms|Active
Kerr Newsagents|64 King Street, Kilgate,  QA53 8NR|QA53 8NR|Aldmoor|Confectionary / Tobacconist / Newsagents|Tobacco And Nicotine Vapour Products|Kerr Newsagents|Active
MacLeod's Convenience Store|27 Harbour Road, Fernmains,  QF26 0XS|QF26 0XS|Fallinmuir|Convenience Store|Tobacco And Nicotine Vapour Products|Anderson Retail Ltd|Inactive
Ferguson's Convenience Store|126 Harbour Road, Fernshaws,  QF26 4HB|QF26 4HB|Fallinmuir|Convenience Store|Tobacco And Nicotine Vapour Products|Ferguson's Convenience Store|Inactive
Watt Newsagents|135 High Street, Strathdale,  QE24 8FE|QE24 8FE|Eskbrae|Confectionary / Tobacconist / Newsagents|Tobacco And Nicotine Vapour Products|Watt Newsagents|Active
Paterson's Convenience Store|178 Station Road, Melburn,  QC34 4HL|QC34 4HL|Corriebeg|Convenience Store|Tobacco And Nicotine Vapour Products|Paterson's Convenience Store|Active
Ferguson's Convenience Store|165 Queen Street, Ashwood,  QA5 4FE|QA5 4FE|Aldmoor|Convenience Store|Tobacco Only|Paterson Retail Ltd|Active
 Brown's Convenience Store |60 King Street, Langshaws,  QF9 2PZ|QF9 2PZ|Fallinmuir|Convenience Store|Tobacco Only|Brown's Convenience Store|Active
Kerr's Convenience Store|29 Queen Street, Glenpark,  QB26 3GG|QB26 3GG|Brackenlaw|Convenience Store|Tobacco And Nicotine Vapour Products|Reid Retail Ltd|Active
Paterson's Convenience Store|136 Bridge Street, Ashbrae,  QF8 9LT|QF8 9LT|Fallinmuir|Convenience Store|Tobacco Only|Paterson's Convenience Store|Active
Craigholm Service Station|163 High Street, Craigholm,  QG34 6AD|QG34 6AD|Glenhaven|Forecourt Garage|Tobacco Only|Brown Retail Ltd|Active
Fernshaws Supermarket|163 Church Street, Fernshaws,  QF26 4DA|QF26 4DA|Fallinmuir|Supermarket and Other Retail Outlets|Tobacco Only|Fernshaws Supermarket|Active
 The Glentoun Arms |150 Market Street, Glentoun,  QD46 1UT|QD46 1UT|Drumlarach|Public House|Tobacco And Nicotine Vapour Products|The Glentoun Arms|Active
Newbank Stores|109 Harbour Road, Newbank,  QA25 4EY|QA25 4EY|Aldmoor|Other Retail|Tobacco And Nicotine Vapour Products|Newbank Stores|Active
Murray's Convenience Store|59 Harbour Road, Kilfield,  QE5 3DB|QE5 3DB|Eskbrae|Convenience Store|Tobacco And Nicotine Vapour Products|Watt Retail Ltd|Inactive
Dalburn Takeaway|18 Station Road, Dalburn,  QC33 1WA|QC33 1WA|Corriebeg|Other Catering|Tobacco Only|Dalburn Takeaway|Active
Sinclair's Convenience Store|26 School Road, Newhaugh,  QE21 8NF|QE21 8NF|Eskbrae|Convenience Store|Tobacco Only|Paterson Retail Ltd|Inactive
Campbell's Convenience Store|9 Church Street, Birkwood,  QC11 7GX|QC11 7GX|Corriebeg|Convenience Store|Tobacco And Nicotine Vapour Products|Campbell's Convenience Store|Active
Daltoun Service Station|123 Church Street, Daltoun,  QD40 3RP|QD40 3RP|Drumlarach|Forecourt Garage|Tobacco Only|Daltoun Service Station|Active
MacLeod Newsagents|34 Main Street, Glenholm,  QA24 3UH|QA24 3UH|Aldmoor|Confectionary / Tobacconist / Newsagents|Tobacco Only|MacLeod Newsagents|Active
Lennox's Convenience Store|136 Castle Street, Fernlea,  QB8 4LY|QB8 4LY|Brackenlaw|Convenience Store|Tobacco And Nicotine Vapour Products|Lennox's Convenience Store|Active
Langfield Stores|86 Park Avenue, Langfield,  QA24 0ZG|QA24 0ZG|Aldmoor|Other Retail|Tobacco Only|Langfield Stores|Active
Daltoun Supermarket|164 Main Street, Daltoun,  QD40 0YE|QD40 0YE|Drumlarach|Supermarket and Other Retail Outlets|Tobacco Only|Hamilton Retail Ltd|Active
Murray Newsagents|87 Victoria Road, Melburn,  QC34 7GX|QC34 7GX|Corriebeg|Confectionary / Tobacconist / Newsagents|Tobacco Only|Murray Newsagents|Inactive
The Langlea Arms|106 Queen Street, Langlea,  QA24 1LH|QA24 1LH|Aldmoor|Public House|Tobacco And Nicotine Vapour Products|The Langlea Arms|Active
MacLeod Newsagents|144 High Street, Dalmuir,  QD16 0BW|QD16 0BW|Drumlarach|Confectionary / Tobacconist / Newsagents|Tobacco Only|MacLeod Newsagents|Active
Reid's Convenience Store|87 High Street, Craighaugh,  QG33 7HJ|QG33 7HJ|Glenhaven|Convenience Store|Tobacco And Nicotine Vapour Products|Campbell Retail Ltd|Active
Newmains Wines|103 Mill Lane, Newmains,  QD37 6PH|QD37 6PH|Drumlarach|Off-Licence|Tobacco Only|Newmains Wines|Inactive
Watt's Convenience Store|93 Market Street, Fernshaws,  QF26 3XR|QF26 3XR|Fallinmuir|Convenience Store|Tobacco Only|Watt's Convenience Store|Active
The Torgate Arms|80 Park Avenue, Torgate,  QC35 6NN|QC35 6NN|Corriebeg|Public House|Tobacco Only|The Torgate Arms|Active
Glenlaw Supermarket|23 Church Street, Glenlaw,  QG14 3AU|QG14 3AU|Glenhaven|Supermarket and Other Retail Outlets|Tobacco Only|Graham Retail Ltd|Active
Graham's Convenience Store|84 Church Street, Craighaugh,  QG33 7LZ|QG33 7LZ|Glenhaven|Convenience Store|Tobacco Only|Graham's Convenience Store|Active
Reid's Convenience Store|156 Church Street, Torside,  QF6 4JX|QF6 4JX|Fallinmuir|Convenience Store|Tobacco Only|Brown Retail Ltd|Active
Graham Newsagents|5 Market Street, Branshaws,  QB8 5HP|QB8 5HP|Brackenlaw|Confectionary / Tobacconist / Newsagents|Tobacco Only|Graham Newsagents|Inactive
Brown's Convenience Store|64 Castle Street, Ashbrae,  QD17 6FU|QD17 6FU|Drumlarach|Convenience Store|Tobacco And Nicotine Vapour Products|Watt Retail Ltd|Inactive
Dalhaugh Supermarket|143 Harbour Road, Dalhaugh,  QA21 3ZT|QA21 3ZT|Aldmoor|Supermarket and Other Retail Outlets|Tobacco And Nicotine Vapour Products|Dalhaugh Supermarket|Active
Lochanmains Stores|110 Park Avenue, Lochanmains,  QF29 7HU|QF29 7HU|Fallinmuir|Other Retail|Tobacco And Nicotine Vapour Products|Lochanmains Stores|Inactive
Invermuir Stores|116 Victoria Road, Invermuir,  QH36 7XW|QH36 7XW|Harlawmuir|Other Retail|Tobacco And Nicotine Vapour Products|Invermuir Stores|Active
 Fernshaws Service Station |53 Victoria Road, Fernshaws,  QF26 3DA|QF26 3DA|Fallinmuir|Forecourt Garage|Tobacco Only|Fernshaws Service Station|Active
MacLeod Newsagents|91 Castle Street, Lochanburn,  QD18 9AP|QD18 9AP|Drumlarach|Confectionary / Tobacconist / Newsagents|Tobacco And Nicotine Vapour Products|Hamilton Retail Ltd|Active
Baltoun Takeaway|111 Glebe Road, Baltoun,  QE2 4WJ|QE2 4WJ|Eskbrae|Other Catering|Tobacco Only|Baltoun Takeaway|Active
Kerr's Convenience Store|139 Market Street, Glenholm,  QB28 6LE|QB28 6LE|Brackenlaw|Convenience Store|Tobacco Only|Kerr's Convenience Store|Active
Ferguson's Convenience Store|133 Park Avenue, Craighill,  QC35 3GU|QC35 3GU|Corriebeg|Convenience Store|Tobacco Only|Ferguson's Convenience Store|Inactive
Graham's Convenience Store|36 Mill Lane, Rossmuir,  QF10 4HN|QF10 4HN|Fallinmuir|Convenience Store|Tobacco Only|Reid Retail Ltd|Inactive
Kerr Newsagents|163 Victoria Road, Inverlea,  QD37 7NW|QD37 7NW|Drumlarach|Confectionary / Tobacconist / Newsagents|Tobacco And Nicotine Vapour Products|Kerr Newsagents|Active
Glenside Stores|82 Station Road, Glenside,  QA3 5AA|QA3 5AA|Aldmoor|Other Retail|Tobacco And Nicotine Vapour Products|Glenside Stores|Active
Hamilton's Convenience Store|20 Main Street, Langtoun,  QB6 1HX|QB6 1HX|Brackenlaw|Convenience Store|Tobacco And Nicotine Vapour Products|Sinclair Retail Ltd|Active
Sinclair Newsagents|136 Main Street, Birkhaugh,  QA23 8XX|QA23 8XX|Aldmoor|Confectionary / Tobacconist / Newsagents|Tobacco Only|Graham Retail Ltd|Active
Rosscraig Takeaway|109 Station Road, Rosscraig,  QA5 0TY|QA5 0TY|Aldmoor|Other Catering|Tobacco And Nicotine Vapour Products|Rosscraig Takeaway|Inactive
MacLeod Mobile Shop|41 School Road, Whinpark,  QB9 9WN|QB9 9WN|Brackenlaw|Mobile Trade|Tobacco And Nicotine Vapour Products|Kerr Retail Ltd|Active
Watt's Convenience Store|87 Bridge Street, Whinwood,  QD36 4XJ|QD36 4XJ|Drumlarach|Convenience Store|Tobacco And Nicotine Vapour Products|Watt's Convenience Store|Inactive
Kinburn Supermarket|108 School Road, Kinburn,  QE2 2RL|QE2 2RL|Eskbrae|Supermarket and Other Retail Outlets|Tobacco And Nicotine Vapour Products|Brown Retail Ltd|Active
Kinbank Stores|90 High Street, Kinbank,  QB29 5AB|QB29 5AB|Brackenlaw|Other Retail|Tobacco Only|Anderson Retail Ltd|Active
Strathtoun Stores|178 Mill Lane, Strathtoun,  QH37 8RR|QH37 8RR|Harlawmuir|Other Retail|Tobacco Only|Murray Retail Ltd|Active
Sinclair's Convenience Store|30 Market Street, Brancraig,  QC12 9AH|QC12 9AH|Corriebeg|Convenience Store|Tobacco And Nicotine Vapour Products|Kerr Retail Ltd|Active
Melcraig Stores|140 Harbour Road, Melcraig,  QC12 6YY|QC12 6YY|Corriebeg|Other Retail|Tobacco Only|Duncan Retail Ltd|Inactive
 Reid's Convenience Store |119 King Street, Langcraig,  QH37 2XB|QH37 2XB|Harlawmuir|Convenience Store|Tobacco Only|Reid's Convenience Store|Active
Paterson's Convenience Store|165 Main Street, Lochanlaw,  QB10 8JT|QB10 8JT|Brackenlaw|Convenience Store|Tobacco Only|Paterson's Convenience Store|Active
Paterson Newsagents|91 Church Street, Glengate,  QA4 2FP|QA4 2FP|Aldmoor|Confectionary / Tobacconist / Newsagents|Tobacco Only|Paterson Newsagents|Inactive
Fernshaws Supermarket|80 Bridge Street, Fernshaws,  QF26 4FB|QF26 4FB|Fallinmuir|Supermarket and Other Retail Outlets|Tobacco Only|Fernshaws Supermarket|Inactive
Langfield Supermarket|159 Victoria Road, Langfield,  QA24 0TL|QA24 0TL|Aldmoor|Supermarket and Other Retail Outlets|Tobacco Only|Paterson Retail Ltd|Active
MacLeod's Convenience Store|108 Glebe Road, Fernmains,  QF10 6XP|QF10 6XP|Fallinmuir|Convenience Store|Tobacco Only|Reid Retail Ltd|Active
Langtoun Service Station|162 Market Street, Langtoun,  QC15 4PE|QC15 4PE|Corriebeg|Forecourt Garage|Tobacco And Nicotine Vapour Products|Campbell Retail Ltd|Active
Reid's Convenience Store|148 Victoria Road, Melcraig,  QA22 2XP|QA22 2XP|Aldmoor|Convenience Store|Tobacco And Nicotine Vapour Products|Paterson Retail Ltd|Active
Dunlaw Wines|166 Queen Street, Dunlaw,  QH17 0BZ|QH17 0BZ|Harlawmuir|Off-Licence|Tobacco And Nicotine Vapour Products|Anderson Retail Ltd|Active
Craigholm Hotel|77 Church Street, Craigholm,  QG34 3RY|QG34 3RY|Glenhaven|Hotel|Tobacco And Nicotine Vapour Products|Craigholm Hotel|Inactive
The Langford Arms|100 Church Street, Langford,  QB7 1SY|QB7 1SY|Brackenlaw|Public House|Tobacco Only|Reid Retail Ltd|Active
 Glenholm Supermarket |85 Station Road, Glenholm,  QB8 0WN|QB8 0WN|Brackenlaw|Supermarket and Other Retail Outlets|Tobacco Only|Glenholm Supermarket|Active
Hamilton Newsagents|149 Church Street, Whintoun,  QF28 3FA|QF28 3FA|Fallinmuir|Confectionary / Tobacconist / Newsagents|Tobacco Only|Paterson Retail Ltd|Active
Kilholm Stores|164 Queen Street, Kilholm,  QB7 6RD|QB7 6RD|Brackenlaw|Other Retail|Tobacco And Nicotine Vapour Products|MacLeod Retail Ltd|Inactive
Paterson's Convenience Store|55 High Street, Killea,  QE25 8HH|QE25 8HH|Eskbrae|Convenience Store|Tobacco And Nicotine Vapour Products|Paterson's Convenience Store|Inactive
Kerr's Convenience Store|129 Main Street, Birkholm,  QG11 3PU|QG11 3PU|Glenhaven|Convenience Store|Tobacco And Nicotine Vapour Products|Kerr's Convenience Store|Inactive
Campbell's Convenience Store|24 Queen Street, Glengate,  QA4 3BJ|QA4 3BJ|Aldmoor|Convenience Store|Tobacco Only|Campbell's Convenience Store|Active
Anderson's Convenience Store|65 Castle Street, Melwood,  QC11 7ZD|QC11 7ZD|Corriebeg|Convenience Store|Tobacco Only|Anderson's Convenience Store|Active
Kilford Takeaway|28 Station Road, Kilford,  QF30 2WA|QF30 2WA|Fallinmuir|Other Catering|Tobacco And Nicotine Vapour Products|Kilford Takeaway|Active
Newbank Stores|171 Mill Lane, Newbank,  QA25 9AP|QA25 9AP|Aldmoor|Other Retail|Tobacco Only|Newbank Stores|Active
 Graham's Convenience Store |58 Mill Lane, Rossdale,  QG14 4RJ|QG14 4RJ|Glenhaven|Convenience Store|Tobacco And Nicotine Vapour Products|Graham's Convenience Store|Active
Newmuir Stores|93 Main Street, Newmuir,  QE1 5RH|QE1 5RH|Eskbrae|Other Retail|Tobacco Only|Newmuir Stores|Active
Brown's Convenience Store|115 Station Road, Whincraig,  QG15 2UE|QG15 2UE|Glenhaven|Convenience Store|Tobacco Only|Brown's Convenience Store|Active
 Lennox Newsagents |9 Church Street, Dalmuir,  QD16 2LU|QD16 2LU|Drumlarach|Confectionary / Tobacconist / Newsagents|Tobacco Only|MacLeod Retail Ltd|Active
The Newlea Arms|152 Main Street, Newlea,  QE25 8YR|QE25 8YR|Eskbrae|Public House|Tobacco Only|The Newlea Arms|Inactive
 MacLeod's Convenience Store |170 Castle Street, Kilhaugh,  QB6 0JU|QB6 0JU|Brackenlaw|Convenience Store|Tobacco And Nicotine Vapour Products|MacLeod's Convenience Store|Active
Reid's Convenience Store|177 Market Street, Dalfield,  QE5 1AA|QE5 1AA|Eskbrae|Convenience Store|Tobacco And Nicotine Vapour Products|Reid's Convenience Store|Active
Ashside Wines|52 Harbour Road, Ashside,  QC15 1AH|QC15 1AH|Corriebeg|Off-Licence|Tobacco And Nicotine Vapour Products|Ashside Wines|Active
Graham Mobile Shop|95 Harbour Road, Rossfield,  QH38 4QA|QH38 4QA|Harlawmuir|Mobile Trade|Tobacco And Nicotine Vapour Products|Graham Mobile Shop|Inactive
Graham's Convenience Store|119 Main Street, Dalmains,  QF7 7UX|QF7 7UX|Fallinmuir|Convenience Store|Tobacco Only|Graham's Convenience Store|Active
Whinfield Supermarket|90 High Street, Whinfield,  QG13 2ZP|QG13 2ZP|Glenhaven|Supermarket and Other Retail Outlets|Tobacco Only|Watt Retail Ltd|Active
The Torgate Arms|174 Bridge Street, Torgate,  QC35 6PN|QC35 6PN|Corriebeg|Public House|Tobacco And Nicotine Vapour Products|Campbell Retail Ltd|Active
Fernshaws Stores|2 High Street, Fernshaws,  QF26 4FR|QF26 4FR|Fallinmuir|Other Retail|Tobacco And Nicotine Vapour Products|Hamilton Retail Ltd|Active
Sinclair Newsagents|44 School Road, Mellea,  QC33 5DD|QC33 5DD|Corriebeg|Confectionary / Tobacconist / Newsagents|Tobacco And Nicotine Vapour Products|Sinclair Newsagents|Active
Rossmains Wines|117 Bridge Street, Rossmains,  QF7 9FU|QF7 9FU|Fallinmuir|Off-Licence|Tobacco Only|Rossmains Wines|Active
Duncan Newsagents|74 Bridge Street, Torlaw,  QC33 2BX|QC33 2BX|Corriebeg|Confectionary / Tobacconist / Newsagents|Tobacco And Nicotine Vapour Products|Duncan Newsagents|Inactive
Kerr's Convenience Store|165 Glebe Road, Craighill,  QC35 7TG|QC35 7TG|Corriebeg|Convenience Store|Tobacco Only|Kerr's Convenience Store|Active
Fernlea Service Station|123 Mill Lane, Fernlea,  QB8 4SR|QB8 4SR|Brackenlaw|Forecourt Garage|Tobacco And Nicotine Vapour Products|Fernlea Service Station|Active
Fernhill Wines|32 Victoria Road, Fernhill,  QG15 4NQ|QG15 4NQ|Glenhaven|Off-Licence|Tobacco Only|Fernhill Wines|Inactive
Hamilton Newsagents|109 Victoria Road, Melfield,  QB8 5QY|QB8 5QY|Brackenlaw|Confectionary / Tobacconist / Newsagents|Tobacco And Nicotine Vapour Products|Kerr Retail Ltd|Active
Brown Newsagents|2 Church Street, Torholm,  QD38 2ZL|QD38 2ZL|Drumlarach|Confectionary / Tobacconist / Newsagents|Tobacco Only|Duncan Retail Ltd|Active
Newbank Supermarket|81 Bridge Street, Newbank,  QF10 9BE|QF10 9BE|Fallinmuir|Supermarket and Other Retail Outlets|Tobacco Only|Newbank Supermarket|Active
Watt's Convenience Store|94 School Road, Balbank,  QE24 8UZ|QE24 8UZ|Eskbrae|Convenience Store|Tobacco And Nicotine Vapour Products|Watt's Convenience Store|Inactive
The Birkhaugh Arms|178 Main Street, Birkhaugh,  QA23 9TH|QA23 9TH|Aldmoor|Public House|Tobacco Only|The Birkhaugh Arms|Active
Anderson's Convenience Store|149 School Road, Invercraig,  QE22 5BH|QE22 5BH|Eskbrae|Convenience Store|Tobacco And Nicotine Vapour Products|MacLeod Retail Ltd|Active
Duncan's Convenience Store|38 Park Avenue, Melburn,  QC34 6ZX|QC34 6ZX|Corriebeg|Convenience Store|Tobacco Only|Ferguson Retail Ltd|Active
Duncan's Convenience Store|96 Station Road, Birkshaws,  QD40 0WQ|QD40 0WQ|Drumlarach|Convenience Store|Tobacco Only|Duncan's Convenience Store|Active
Campbell Mobile Shop|30 Church Street, Rossshaws,  QC15 1AY|QC15 1AY|Corriebeg|Mobile Trade|Tobacco And Nicotine Vapour Products|Duncan Retail Ltd|Active
The Birkcraig Arms|145 King Street, Birkcraig,  QB26 5AR|QB26 5AR|Brackenlaw|Public House|Tobacco Only|The Birkcraig Arms|Active
 Whinhill Stores |179 Mill Lane, Whinhill,  QG12 7DD|QG12 7DD|Glenhaven|Other Retail|Tobacco And Nicotine Vapour Products|Ferguson Retail Ltd|Active
Watt's Convenience Store|147 Harbour Road, Newside,  QD20 2PE|QD20 2PE|Drumlarach|Convenience Store|Tobacco And Nicotine Vapour Products|Kerr Retail Ltd|Active
Reid's Convenience Store|29 Glebe Road, Torside,  QF6 1YE|QF6 1YE|Fallinmuir|Convenience Store|Tobacco Only|Reid's Convenience Store|Active
Ashshaws Hotel|140 Station Road, Ashshaws,  QB27 2PA|QB27 2PA|Brackenlaw|Hotel|Tobacco Only|Ashshaws Hotel|Active
Duncan's Convenience Store|73 Mill Lane, Rossmains,  QF7 0TX|QF7 0TX|Fallinmuir|Convenience Store|Tobacco And Nicotine Vapour Products|Murray Retail Ltd|Inactive
Graham Newsagents|50 Main Street, Birklaw,  QD40 8ZU|QD40 8ZU|Drumlarach|Confectionary / Tobacconist / Newsagents|Tobacco And Nicotine Vapour Products|Graham Newsagents|Active
Kerr's Convenience Store|27 Queen Street, Rossshaws,  QC15 3AE|QC15 3AE|Corriebeg|Convenience Store|Tobacco Only|Kerr's Convenience Store|Active
The Strathmuir Arms|6 Bridge Street, Strathmuir,  QC35 5WH|QC35 5WH|Corriebeg|Public House|Tobacco Only|The Strathmuir Arms|Active
The Balburn Arms|114 Main Street, Balburn,  QE23 4XJ|QE23 4XJ|Eskbrae|Public House|Tobacco Only|Duncan Retail Ltd|Active
Rossmains Stores|104 Church Street, Rossmains,  QF7 1AN|QF7 1AN|Fallinmuir|Other Retail|Tobacco And Nicotine Vapour Products|Rossmains Stores|Active
Branhaugh Wines|132 Harbour Road, Branhaugh,  QE25 9XR|QE25 9XR|Eskbrae|Off-Licence|Tobacco And Nicotine Vapour Products|Graham Retail Ltd|Active
Brown Newsagents|12 Station Road, Balpark,  QH18 3PL|QH18 3PL|Harlawmuir|Confectionary / Tobacconist / Newsagents|Tobacco And Nicotine Vapour Products|Brown Newsagents|Active
Duncan Newsagents|45 Church Street, Melcraig,  QC12 7BU|QC12 7BU|Corriebeg|Confectionary / Tobacconist / Newsagents|Tobacco And Nicotine Vapour Products|Duncan Newsagents|Inactive
Kerr's Convenience Store|39 Market Street, Kildale,  QB9 1GU|QB9 1GU|Brackenlaw|Convenience Store|Tobacco Only|Sinclair Retail Ltd|Active
The Lochanfield Arms|24 Bridge Street, Lochanfield,  QF29 8EU|QF29 8EU|Fallinmuir|Public House|Tobacco Only|Watt Retail Ltd|Active
Ashbank Supermarket|91 School Road, Ashbank,  QG15 4XQ|QG15 4XQ|Glenhaven|Supermarket and Other Retail Outlets|Tobacco And Nicotine Vapour Products|Ashbank Supermarket|Inactive
MacLeod Newsagents|62 Castle Street, Kilford,  QF30 7YN|QF30 7YN|Fallinmuir|Confectionary / Tobacconist / Newsagents|Tobacco Only|Sinclair Retail Ltd|Active
Ferguson's Convenience Store|26 Victoria Road, Birklea,  QE4 7JL|QE4 7JL|Eskbrae|Convenience Store|Tobacco Only|Ferguson's Convenience Store|Active
Dalhaugh Takeaway|102 Park Avenue, Dalhaugh,  QA21 7YU|QA21 7YU|Aldmoor|Other Catering|Tobacco Only|Dalhaugh Takeaway|Active
Dunbank Hotel|90 Main Street, Dunbank,  QG13 9TZ|QG13 9TZ|Glenhaven|Hotel|Tobacco Only|MacLeod Retail Ltd|Active
Langtoun Wines|113 Queen Street, Langtoun,  QC15 1JY|QC15 1JY|Corriebeg|Off-Licence|Tobacco Only|Langtoun Wines|Active
MacLeod Newsagents|152 Park Avenue, Invermains,  QF48 1DH|QF48 1DH|Fallinmuir|Confectionary / Tobacconist / Newsagents|Tobacco Only|MacLeod Newsagents|Active
Ashford Service Station|107 King Street, Ashford,  QB9 4TP|QB9 4TP|Brackenlaw|Forecourt Garage|Tobacco Only|Ashford Service Station|Inactive
Strathtoun Supermarket|71 Glebe Road, Strathtoun,  QH37 8FW|QH37 8FW|Harlawmuir|Supermarket and Other Retail Outlets|Tobacco And Nicotine Vapour Products|Strathtoun Supermarket|Active
 Glenbank Hotel |39 Station Road, Glenbank,  QA1 2ZP|QA1 2ZP|Aldmoor|Hotel|Tobacco Only|Glenbank Hotel|Active
Kerr's Convenience Store|145 High Street, Rosslea,  QG11 7SY|QG11 7SY|Glenhaven|Convenience Store|Tobacco Only|Kerr's Convenience Store|Active
Kerr Newsagents|168 Mill Lane, Whinlea,  QB10 6BS|QB10 6BS|Brackenlaw|Confectionary / Tobacconist / Newsagents|Tobacco And Nicotine Vapour Products|Kerr Newsagents|Inactive
Ferguson's Convenience Store|165 Main Street, Lochanburn,  QH20 0TL|QH20 0TL|Harlawmuir|Convenience Store|Tobacco And Nicotine Vapour Products|Ferguson's Convenience Store|Active
Rossmuir Wines|17 Harbour Road, Rossmuir,  QF10 2XB|QF10 2XB|Fallinmuir|Off-Licence|Tobacco And Nicotine Vapour Products|Rossmuir Wines|Active
MacLeod's Convenience Store|82 Victoria Road, Killea,  QE25 5RX|QE25 5RX|Eskbrae|Convenience Store|Tobacco And Nicotine Vapour Products|MacLeod's Convenience Store|Active
Campbell's Convenience Store|35 Mill Lane, Fernshaws,  QF26 4HR|QF26 4HR|Fallinmuir|Convenience Store|Tobacco Only|Duncan Retail Ltd|Active
Brown's Convenience Store|71 Mill Lane, Rossside,  QE2 1XE|QE2 1XE|Eskbrae|Convenience Store|Tobacco And Nicotine Vapour Products|Brown's Convenience Store|Active
The Langburn Arms|24 Queen Street, Langburn,  QG13 3UD|QG13 3UD|Glenhaven|Public House|Tobacco Only|Reid Retail Ltd|Active
Whinshaws Takeaway|111 Glebe Road, Whinshaws,  QC35 9RJ|QC35 9RJ|Corriebeg|Other Catering|Tobacco Only|Kerr Retail Ltd|Active
Birkshaws Hotel|23 Queen Street, Birkshaws,  QD40 6ZE|QD40 6ZE|Drumlarach|Hotel|Tobacco And Nicotine Vapour Products|Anderson Retail Ltd|Active
Inverpark Wines|154 Glebe Road, Inverpark,  QC31 0XH|QC31 0XH|Corriebeg|Off-Licence|Tobacco Only|Ferguson Retail Ltd|Active
 Melgate Supermarket |114 Castle Street, Melgate,  QH39 9PD|QH39 9PD|Harlawmuir|Supermarket and Other Retail Outlets|Tobacco Only|Melgate Supermarket|Active
 Mellea Service Station |32 Glebe Road, Mellea,  QC33 5WF|QC33 5WF|Corriebeg|Forecourt Garage|Tobacco Only|Kerr Retail Ltd|Active
Paterson's Convenience Store|75 Mill Lane, Rosslea,  QG11 7ZA|QG11 7ZA|Glenhaven|Convenience Store|Tobacco Only|Reid Retail Ltd|Active
Kerr Newsagents|110 Mill Lane, Melshaws,  QA3 4YZ|QA3 4YZ|Aldmoor|Confectionary / Tobacconist / Newsagents|Tobacco Only|Kerr Newsagents|Active
The Langshaws Arms|122 Victoria Road, Langshaws,  QF43 8DH|QF43 8DH|Fallinmuir|Public House|Tobacco And Nicotine Vapour Products|Graham Retail Ltd|Active
Melcraig Hotel|110 Main Street, Melcraig,  QC12 7BU|QC12 7BU|Corriebeg|Hotel|Tobacco Only|Melcraig Hotel|Inactive
 Campbell Newsagents |23 Castle Street, Rossside,  QH17 4FR|QH17 4FR|Harlawmuir|Confectionary / Tobacconist / Newsagents|Tobacco Only|Watt Retail Ltd|Active
Kerr's Convenience Store|165 School Road, Newdale,  QB8 9UG|QB8 9UG|Brackenlaw|Convenience Store|Tobacco Only|Kerr's Convenience Store|Active
MacLeod's Convenience Store|14 Station Road, Rossford,  QD36 9LW|QD36 9LW|Drumlarach|Convenience Store|Tobacco And Nicotine Vapour Products|MacLeod's Convenience Store|Active
The Lochanlea Arms|141 Queen Street, Lochanlea,  QH36 2JN|QH36 2JN|Harlawmuir|Public House|Tobacco Only|Graham Retail Ltd|Active
Duncan's Convenience Store|119 King Street, Melbrae,  QB10 4EW|QB10 4EW|Brackenlaw|Convenience Store|Tobacco Only|Duncan's Convenience Store|Active
 The Branbank Arms |172 Market Street, Branbank,  QE22 2YW|QE22 2YW|Eskbrae|Public House|Tobacco And Nicotine Vapour Products|Anderson Retail Ltd|Active
Reid Newsagents|75 Bridge Street, Rosslaw,  QH39 1SW|QH39 1SW|Harlawmuir|Confectionary / Tobacconist / Newsagents|Tobacco And Nicotine Vapour Products|Lennox Retail Ltd|Inactive
Murray Newsagents|118 Church Street, Kilford,  QF30 7FS|QF30 7FS|Fallinmuir|Confectionary / Tobacconist / Newsagents|Tobacco And Nicotine Vapour Products|Murray Newsagents|Active
Rossholm Hotel|62 Market Street, Rossholm,  QG14 6EA|QG14 6EA|Glenhaven|Hotel|Tobacco And Nicotine Vapour Products|Rossholm Hotel|Inactive
Sinclair's Convenience Store|119 Bridge Street, Strathside,  QC31 8BT|QC31 8BT|Corriebeg|Convenience Store|Tobacco Only|Sinclair's Convenience Store|Inactive
Kilholm Wines|169 Castle Street, Kilholm,  QB7 6AQ|QB7 6AQ|Brackenlaw|Off-Licence|Tobacco And Nicotine Vapour Products|Kilholm Wines|Inactive
Duncan's Convenience Store|18 King Street, Inverpark,  QC31 2ND|QC31 2ND|Corriebeg|Convenience Store|Tobacco And Nicotine Vapour Products|Duncan's Convenience Store|Active
Dunmuir Wines|66 King Street, Dunmuir,  QG35 9EU|QG35 9EU|Glenhaven|Off-Licence|Tobacco And Nicotine Vapour Products|Dunmuir Wines|Active
Rossmains Stores|58 Church Street, Rossmains,  QF7 1PZ|QF7 1PZ|Fallinmuir|Other Retail|Tobacco Only|Duncan Retail Ltd|Active
Watt's Convenience Store|125 Main Street, Dalshaws,  QG33 4XU|QG33 4XU|Glenhaven|Convenience Store|Tobacco Only|Watt's Convenience Store|Active
Rossside Stores|78 Park Avenue, Rossside,  QH17 8TA|QH17 8TA|Harlawmuir|Other Retail|Tobacco And Nicotine Vapour Products|Campbell Retail Ltd|Inactive
Duncan's Convenience Store|81 High Street, Lochanwood,  QC34 5ST|QC34 5ST|Corriebeg|Convenience Store|Tobacco Only|Duncan's Convenience Store|Inactive
Langshaws Stores|74 Station Road, Langshaws,  QH19 6WB|QH19 6WB|Harlawmuir|Other Retail|Tobacco Only|Langshaws Stores|Active
Brown's Convenience Store|46 Glebe Road, Strathbank,  QB26 1AP|QB26 1AP|Brackenlaw|Convenience Store|Tobacco Only|Brown's Convenience Store|Inactive
Glenholm Supermarket|109 Glebe Road, Glenholm,  QA24 7PA|QA24 7PA|Aldmoor|Supermarket and Other Retail Outlets|Tobacco Only|Lennox Retail Ltd|Active
 Murray's Convenience Store |83 Market Street, Inverlea,  QB30 5UE|QB30 5UE|Brackenlaw|Convenience Store|Tobacco Only|Murray's Convenience Store|Inactive
Kilgate Hotel|30 Park Avenue, Kilgate,  QA4 6RA|QA4 6RA|Aldmoor|Hotel|Tobacco Only|Kilgate Hotel|Active
Brown's Convenience Store|26 Station Road, Strathholm,  QF6 4JG|QF6 4JG|Fallinmuir|Convenience Store|Tobacco Only|Brown's Convenience Store|Active
Melburn Hotel|69 Church Street, Melburn,  QC34 6YP|QC34 6YP|Corriebeg|Hotel|Tobacco Only|Melburn Hotel|Active
 Reid Newsagents |139 Victoria Road, Torholm,  QA21 5ZQ|QA21 5ZQ|Aldmoor|Confectionary / Tobacconist / Newsagents|Tobacco Only|Paterson Retail Ltd|Inactive
Murray's Convenience Store|46 Station Road, Dunfield,  QG33 8NX|QG33 8NX|Glenhaven|Convenience Store|Tobacco Only|Brown Retail Ltd|Active
Hamilton's Convenience Store|2 Queen Street, Melbank,  QB9 0UH|QB9 0UH|Brackenlaw|Convenience Store|Tobacco Only|Hamilton's Convenience Store|Active
Paterson's Convenience Store|138 Station Road, Kilgate,  QA23 1JJ|QA23 1JJ|Aldmoor|Convenience Store|Tobacco And Nicotine Vapour Products|Paterson's Convenience Store|Active
The Dunmuir Arms|105 Victoria Road, Dunmuir,  QG35 9YU|QG35 9YU|Glenhaven|Public House|Tobacco Only|The Dunmuir Arms|Active
Rossmuir Supermarket|171 Harbour Road, Rossmuir,  QF10 4QB|QF10 4QB|Fallinmuir|Supermarket and Other Retail Outlets|Tobacco And Nicotine Vapour Products|Murray Retail Ltd|Inactive
Murray's Convenience Store|173 Castle Street, Invercraig,  QE22 1QS|QE22 1QS|Eskbrae|Convenience Store|Tobacco Only|Reid Retail Ltd|Active
Ferguson Newsagents|128 Castle Street, Newmains,  QD37 0EZ|QD37 0EZ|Drumlarach|Confectionary / Tobacconist / Newsagents|Tobacco And Nicotine Vapour Products|Lennox Retail Ltd|Active
Newbank Stores|64 Station Road, Newbank,  QA25 9QP|QA25 9QP|Aldmoor|Other Retail|Tobacco Only|Newbank Stores|Active
 Strathbrae Service Station |140 Church Street, Strathbrae,  QB49 4JD|QB49 4JD|Brackenlaw|Forecourt Garage|Tobacco Only|Strathbrae Service Station|Active
 The Kilmains Arms |145 Glebe Road, Kilmains,  QB28 1BY|QB28 1BY|Brackenlaw|Public House|Tobacco Only|Campbell Retail Ltd|Active
Lennox's Convenience Store|79 Queen Street, Newlea,  QE25 8AX|QE25 8AX|Eskbrae|Convenience Store|Tobacco Only|Lennox's Convenience Store|Active
Glenmains Stores|32 Bridge Street, Glenmains,  QD17 0YS|QD17 0YS|Drumlarach|Other Retail|Tobacco And Nicotine Vapour Products|Glenmains Stores|Active
Lennox Newsagents|148 High Street, Dunfield,  QG33 0NR|QG33 0NR|Glenhaven|Confectionary / Tobacconist / Newsagents|Tobacco Only|Lennox Newsagents|Active
Lennox's Convenience Store|119 Main Street, Rosslea,  QG11 6BY|QG11 6BY|Glenhaven|Convenience Store|Tobacco And Nicotine Vapour Products|Lennox's Convenience Store|Active
The Dallaw Arms|85 Main Street, Dallaw,  QD39 1DT|QD39 1DT|Drumlarach|Public House|Tobacco Only|Campbell Retail Ltd|Active
Kerr's Convenience Store|46 King Street, Dalwood,  QE21 7SU|QE21 7SU|Eskbrae|Convenience Store|Tobacco Only|Kerr's Convenience Store|Inactive
 Watt's Convenience Store |77 Church Street, Lochanshaws,  QF6 0NS|QF6 0NS|Fallinmuir|Convenience Store|Tobacco Only|Reid Retail Ltd|Active
Melcraig Takeaway|158 Victoria Road, Melcraig,  QC12 7ZX|QC12 7ZX|Corriebeg|Other Catering|Tobacco Only|Melcraig Takeaway|Inactive
 Paterson Newsagents |30 Glebe Road, Birkmuir,  QA22 6TB|QA22 6TB|Aldmoor|Confectionary / Tobacconist / Newsagents|Tobacco Only|Ferguson Retail Ltd|Active
Sinclair's Convenience Store|75 Queen Street, Mellea,  QC33 5DF|QC33 5DF|Corriebeg|Convenience Store|Tobacco Only|Reid Retail Ltd|Active
Ferguson's Convenience Store|3 Castle Street, Langdale,  QE3 9ZJ|QE3 9ZJ|Eskbrae|Convenience Store|Tobacco Only|Reid Retail Ltd|Active
Graham Newsagents|143 Glebe Road, Killea,  QE25 1UD|QE25 1UD|Eskbrae|Confectionary / Tobacconist / Newsagents|Tobacco Only|Graham Newsagents|Active
 The Fernshaws Arms |46 Market Street, Fernshaws,  QF26 4HR|QF26 4HR|Fallinmuir|Public House|Tobacco Only|The Fernshaws Arms|Active
Duncan's Convenience Store|88 Castle Street, Rosslaw,  QA1 8EB|QA1 8EB|Aldmoor|Convenience Store|Tobacco Only|MacLeod Retail Ltd|Inactive
Anderson's Convenience Store|14 Station Road, Melburn,  QC34 4HL|QC34 4HL|Corriebeg|Convenience Store|Tobacco Only|Campbell Retail Ltd|Active
Mellea Takeaway|34 Bridge Street, Mellea,  QC33 5EL|QC33 5EL|Corriebeg|Other Catering|Tobacco And Nicotine Vapour Products|Kerr Retail Ltd|Active
Torside Stores|131 Market Street, Torside,  QF6 9EA|QF6 9EA|Fallinmuir|Other Retail|Tobacco Only|Torside Stores|Inactive
Reid's Convenience Store|129 Church Street, Strathgate,  QG13 1DA|QG13 1DA|Glenhaven|Convenience Store|Tobacco Only|Reid's Convenience Store|Active
Melwood Stores|140 Station Road, Melwood,  QF9 6PZ|QF9 6PZ|Fallinmuir|Other Retail|Tobacco And Nicotine Vapour Products|Melwood Stores|Inactive
Lennox's Convenience Store|10 Station Road, Craighill,  QC35 3GD|QC35 3GD|Corriebeg|Convenience Store|Tobacco Only|Lennox's Convenience Store|Active
Langtoun Stores|32 Victoria Road, Langtoun,  QC15 4WW|QC15 4WW|Corriebeg|Other Retail|Tobacco Only|Langtoun Stores|Active
Whintoun Stores|136 King Street, Whintoun,  QF28 3WQ|QF28 3WQ|Fallinmuir|Other Retail|Tobacco And Nicotine Vapour Products|Whintoun Stores|Active
 Branpark Service Station |111 Station Road, Branpark,  QG35 0PF|QG35 0PF|Glenhaven|Forecourt Garage|Tobacco And Nicotine Vapour Products|Branpark Service Station|Inactive
 Kerr's Convenience Store |61 Victoria Road, Kilholm,  QB7 6QL|QB7 6QL|Brackenlaw|Convenience Store|Tobacco And Nicotine Vapour Products|Kerr's Convenience Store|Active
MacLeod Newsagents|7 Harbour Road, Newside,  QD20 2XP|QD20 2XP|Drumlarach|Confectionary / Tobacconist / Newsagents|Tobacco And Nicotine Vapour Products|Reid Retail Ltd|Active
Sinclair's Convenience Store|60 Church Street, Kildale,  QB9 1RL|QB9 1RL|Brackenlaw|Convenience Store|Tobacco Only|Sinclair's Convenience Store|Active
Newburn Service Station|101 Market Street, Newburn,  QE2 3BY|QE2 3BY|Eskbrae|Forecourt Garage|Tobacco And Nicotine Vapour Products|Newburn Service Station|Active
 Watt's Convenience Store |61 Mill Lane, Strathtoun,  QH37 5QF|QH37 5QF|Harlawmuir|Convenience Store|Tobacco And Nicotine Vapour Products|Reid Retail Ltd|Inactive
 Anderson's Convenience Store |168 Market Street, Rosspark,  QC35 4BF|QC35 4BF|Corriebeg|Convenience Store|Tobacco And Nicotine Vapour Products|Ferguson Retail Ltd|Active
Sinclair Newsagents|5 Bridge Street, Fernshaws,  QF26 3TE|QF26 3TE|Fallinmuir|Confectionary / Tobacconist / Newsagents|Tobacco And Nicotine Vapour Products|Sinclair Newsagents|Active
Fernmains Service Station|17 Park Avenue, Fernmains,  QF10 6FH|QF10 6FH|Fallinmuir|Forecourt Garage|Tobacco And Nicotine Vapour Products|Fernmains Service Station|Active
Sinclair Mobile Shop|150 Station Road, Kinlea,  QG31 2AX|QG31 2AX|Glenhaven|Mobile Trade|Tobacco Only|Sinclair Mobile Shop|Active
Melburn Supermarket|5 Market Street, Melburn,  QC34 6AA|QC34 6AA|Corriebeg|Supermarket and Other Retail Outlets|Tobacco And Nicotine Vapour Products|Anderson Retail Ltd|Active
Graham's Convenience Store|151 Main Street, Langfield,  QA24 7LG|QA24 7LG|Aldmoor|Convenience Store|Tobacco And Nicotine Vapour Products|Graham's Convenience Store|Active
Birkshaws Stores|110 Queen Street, Birkshaws,  QD40 0XE|QD40 0XE|Drumlarach|Other Retail|Tobacco Only|Birkshaws Stores|Active
 Balpark Wines |173 Victoria Road, Balpark,  QD39 8UD|QD39 8UD|Drumlarach|Off-Licence|Tobacco And Nicotine Vapour Products|Balpark Wines|Active
Kildale Hotel|109 Church Street, Kildale,  QB9 4UJ|QB9 4UJ|Brackenlaw|Hotel|Tobacco And Nicotine Vapour Products|Kildale Hotel|Active
MacLeod's Convenience Store|123 High Street, Fernlaw,  QC34 3NQ|QC34 3NQ|Corriebeg|Convenience Store|Tobacco And Nicotine Vapour Products|MacLeod's Convenience Store|Active
Dalshaws Takeaway|64 School Road, Dalshaws,  QG33 4LG|QG33 4LG|Glenhaven|Other Catering|Tobacco And Nicotine Vapour Products|Dalshaws Takeaway|Active
Sinclair's Convenience Store|92 Market Street, Ashbank,  QG15 4HN|QG15 4HN|Glenhaven|Convenience Store|Tobacco Only|Sinclair's Convenience Store|Active
 The Dunlaw Arms |144 Main Street, Dunlaw,  QH17 0AQ|QH17 0AQ|Harlawmuir|Public House|Tobacco Only|Sinclair Retail Ltd|Active
Birkcraig Stores|162 School Road, Birkcraig,  QB26 6SL|QB26 6SL|Brackenlaw|Other Retail|Tobacco Only|Birkcraig Stores|Active
Reid Mobile Shop|68 Queen Street, Ashbrae,  QF29 1JQ|QF29 1JQ|Fallinmuir|Mobile Trade|Tobacco And Nicotine Vapour Products|Watt Retail Ltd|Inactive
Brown Newsagents|43 Church Street, Strathdale,  QE24 9GN|QE24 9GN|Eskbrae|Confectionary / Tobacconist / Newsagents|Tobacco Only|Brown Newsagents|Active
Anderson's Convenience Store|99 Park Avenue, Kilhaugh,  QB6 7RB|QB6 7RB|Brackenlaw|Convenience Store|Tobacco Only|Anderson's Convenience Store|Active
Kinlaw Stores|15 Harbour Road, Kinlaw,  QE23 8YW|QE23 8YW|Eskbrae|Other Retail|Tobacco And Nicotine Vapour Products|Ferguson Retail Ltd|Active
Inverpark Stores|125 Bridge Street, Inverpark,  QC31 2LS|QC31 2LS|Corriebeg|Other Retail|Tobacco Only|Inverpark Stores|Active
 Duncan's Convenience Store |63 Market Street, Lochanshaws,  QE23 9QW|QE23 9QW|Eskbrae|Convenience Store|Tobacco And Nicotine Vapour Products|Duncan's Convenience Store|Active
 Kilmains Service Station |58 Station Road, Kilmains,  QB28 8WQ|QB28 8WQ|Brackenlaw|Forecourt Garage|Tobacco Only|Murray Retail Ltd|Active
Paterson Mobile Shop|142 Queen Street, Langmains,  QG13 0JN|QG13 0JN|Glenhaven|Mobile Trade|Tobacco Only|Graham Retail Ltd|Inactive
Hamilton's Convenience Store|77 Glebe Road, Fernfield,  QH37 2HE|QH37 2HE|Harlawmuir|Convenience Store|Tobacco Only|Paterson Retail Ltd|Active
Brown Newsagents|9 Harbour Road, Newcraig,  QD36 4WH|QD36 4WH|Drumlarach|Confectionary / Tobacconist / Newsagents|Tobacco And Nicotine Vapour Products|Watt Retail Ltd|Inactive
Reid's Convenience Store|73 Queen Street, Glenmains,  QF27 3RQ|QF27 3RQ|Fallinmuir|Convenience Store|Tobacco Only|Reid's Convenience Store|Active
Torgate Service Station|30 Station Road, Torgate,  QC35 6NN|QC35 6NN|Corriebeg|Forecourt Garage|Tobacco Only|Torgate Service Station|Active
Melhill Stores|173 Bridge Street, Melhill,  QC14 7XW|QC14 7XW|Corriebeg|Other Retail|Tobacco And Nicotine Vapour Products|Melhill Stores|Inactive
 Melburn Stores |176 Station Road, Melburn,  QC34 0SG|QC34 0SG|Corriebeg|Other Retail|Tobacco And Nicotine Vapour Products|Melburn Stores|Active
 Sinclair's Convenience Store |98 King Street, Ashside,  QH17 1LP|QH17 1LP|Harlawmuir|Convenience Store|Tobacco And Nicotine Vapour Products|Duncan Retail Ltd|Inactive
Anderson's Convenience Store|16 Victoria Road, Glenholm,  QA24 9PJ|QA24 9PJ|Aldmoor|Convenience Store|Tobacco And Nicotine Vapour Products|Lennox Retail Ltd|Active
Ashpark Stores|162 Main Street, Ashpark,  QC13 4DJ|QC13 4DJ|Corriebeg|Other Retail|Tobacco And Nicotine Vapour Products|Anderson Retail Ltd|Active
Campbell's Convenience Store|51 Park Avenue, Melbrae,  QB10 1AZ|QB10 1AZ|Brackenlaw|Convenience Store|Tobacco And Nicotine Vapour Products|Campbell's Convenience Store|Inactive
Kerr's Convenience Store|118 Victoria Road, Torhill,  QC33 6SQ|QC33 6SQ|Corriebeg|Convenience Store|Tobacco Only|Reid Retail Ltd|Active
Campbell's Convenience Store|74 Park Avenue, Craigbank,  QC14 6RS|QC14 6RS|Corriebeg|Convenience Store|Tobacco And Nicotine Vapour Products|Campbell's Convenience Store|Active
Melcraig Supermarket|136 High Street, Melcraig,  QA22 0UA|QA22 0UA|Aldmoor|Supermarket and Other Retail Outlets|Tobacco Only|Brown Retail Ltd|Active
Campbell Mobile Shop|159 Station Road, Rossmains,  QF7 1WX|QF7 1WX|Fallinmuir|Mobile Trade|Tobacco Only|Campbell Mobile Shop|Active
Duncan's Convenience Store|68 Bridge Street, Melfield,  QB8 5SF|QB8 5SF|Brackenlaw|Convenience Store|Tobacco Only|Lennox Retail Ltd|Inactive
Dunlaw Stores|21 Park Avenue, Dunlaw,  QH17 3PF|QH17 3PF|Harlawmuir|Other Retail|Tobacco Only|Lennox Retail Ltd|Inactive
Rossburn Supermarket|85 Castle Street, Rossburn,  QD16 3EP|QD16 3EP|Drumlarach|Supermarket and Other Retail Outlets|Tobacco Only|Rossburn Supermarket|Inactive
MacLeod's Convenience Store|31 High Street, Melburn,  QC34 7DA|QC34 7DA|Corriebeg|Convenience Store|Tobacco And Nicotine Vapour Products|Anderson Retail Ltd|Active
 Reid's Convenience Store |111 Park Avenue, Fernshaws,  QE45 7LB|QE45 7LB|Eskbrae|Convenience Store|Tobacco Only|Reid's Convenience Store|Active
The Glenmains Arms|118 King Street, Glenmains,  QD17 0DD|QD17 0DD|Drumlarach|Public House|Tobacco Only|Paterson Retail Ltd|Active
The Newburn Arms|28 Market Street, Newburn,  QE2 3JQ|QE2 3JQ|Eskbrae|Public House|Tobacco Only|Murray Retail Ltd|Inactive
Kerr's Convenience Store|42 High Street, Lochanlea,  QA23 2LE|QA23 2LE|Aldmoor|Convenience Store|Tobacco And Nicotine Vapour Products|Ferguson Retail Ltd|Active
The Torlaw Arms|135 Victoria Road, Torlaw,  QC33 9PL|QC33 9PL|Corriebeg|Public House|Tobacco Only|Ferguson Retail Ltd|Active
Lochanlaw Stores|35 Church Street, Lochanlaw,  QB10 8NT|QB10 8NT|Brackenlaw|Other Retail|Tobacco And Nicotine Vapour Products|Lochanlaw Stores|Active
Duncan's Convenience Store|41 Station Road, Birkpark,  QG32 7ZR|QG32 7ZR|Glenhaven|Convenience Store|Tobacco And Nicotine Vapour Products|Anderson Retail Ltd|Active
Sinclair Newsagents|174 Church Street, Whinholm,  QA3 5DR|QA3 5DR|Aldmoor|Confectionary / Tobacconist / Newsagents|Tobacco Only|Watt Retail Ltd|Active
Ferguson Mobile Shop|66 Bridge Street, Birkwood,  QC11 7FU|QC11 7FU|Corriebeg|Mobile Trade|Tobacco Only|Murray Retail Ltd|Active
Lennox Newsagents|86 High Street, Lochanhaugh,  QF27 0YU|QF27 0YU|Fallinmuir|Confectionary / Tobacconist / Newsagents|Tobacco Only|Lennox Newsagents|Active
 Duncan's Convenience Store |62 Glebe Road, Ashbrae,  QD17 6FB|QD17 6FB|Drumlarach|Convenience Store|Tobacco Only|MacLeod Retail Ltd|Active
Murray Newsagents|69 Bridge Street, Newside,  QD20 2UZ|QD20 2UZ|Drumlarach|Confectionary / Tobacconist / Newsagents|Tobacco And Nicotine Vapour Products|Murray Retail Ltd|Active
Watt Newsagents|79 Bridge Street, Dalford,  QF26 3LQ|QF26 3LQ|Fallinmuir|Confectionary / Tobacconist / Newsagents|Tobacco Only|Watt Newsagents|Inactive
Melburn Wines|122 Mill Lane, Melburn,  QC34 0ZT|QC34 0ZT|Corriebeg|Off-Licence|Tobacco Only|Melburn Wines|Active
The Glenmains Arms|133 Harbour Road, Glenmains,  QD17 1HS|QD17 1HS|Drumlarach|Public House|Tobacco And Nicotine Vapour Products|The Glenmains Arms|Active
Melwood Wines|2 Mill Lane, Melwood,  QF9 4LF|QF9 4LF|Fallinmuir|Off-Licence|Tobacco And Nicotine Vapour Products|Watt Retail Ltd|Active
Ferguson's Convenience Store|157 Mill Lane, Whinwood,  QG11 5JH|QG11 5JH|Glenhaven|Convenience Store|Tobacco Only|Paterson Retail Ltd|Active
Glenholm Wines|155 Castle Street, Glenholm,  QA24 1WW|QA24 1WW|Aldmoor|Off-Licence|Tobacco Only|Glenholm Wines|Active
Anderson's Convenience Store|8 Mill Lane, Glenburn,  QD17 7HP|QD17 7HP|Drumlarach|Convenience Store|Tobacco Only|Campbell Retail Ltd|Active
Reid's Convenience Store|150 Harbour Road, Dalwood,  QE21 9ZU|QE21 9ZU|Eskbrae|Convenience Store|Tobacco And Nicotine Vapour Products|Campbell Retail Ltd|Inactive
Lennox's Convenience Store|112 Glebe Road, Langmains,  QH38 9DL|QH38 9DL|Harlawmuir|Convenience Store|Tobacco And Nicotine Vapour Products|Lennox's Convenience Store|Inactive
Paterson's Convenience Store|173 Bridge Street, Glenmains,  QF27 1XQ|QF27 1XQ|Fallinmuir|Convenience Store|Tobacco Only|Paterson's Convenience Store|Active
Ferguson's Convenience Store|23 Mill Lane, Whinholm,  QA3 0XX|QA3 0XX|Aldmoor|Convenience Store|Tobacco Only|Ferguson's Convenience Store|Active
Dalshaws Takeaway|37 School Road, Dalshaws,  QF10 3QN|QF10 3QN|Fallinmuir|Other Catering|Tobacco Only|Kerr Retail Ltd|Active
 Kinlaw Wines |133 Mill Lane, Kinlaw,  QE23 1TQ|QE23 1TQ|Eskbrae|Off-Licence|Tobacco And Nicotine Vapour Products|Graham Retail Ltd|Active
MacLeod's Convenience Store|104 Harbour Road, Dunbank,  QG13 2HT|QG13 2HT|Glenhaven|Convenience Store|Tobacco Only|MacLeod's Convenience Store|Active
Murray's Convenience Store|122 Park Avenue, Torgate,  QC35 6QW|QC35 6QW|Corriebeg|Convenience Store|Tobacco Only|Murray's Convenience Store|Active
Kerr's Convenience Store|158 Main Street, Strathpark,  QF8 8QB|QF8 8QB|Fallinmuir|Convenience Store|Tobacco Only|Brown Retail Ltd|Inactive
The Balcraig Arms|72 School Road, Balcraig,  QC14 6UX|QC14 6UX|Corriebeg|Public House|Tobacco Only|Sinclair Retail Ltd|Active
 Graham's Convenience Store |149 Mill Lane, Dungate,  QH19 8LX|QH19 8LX|Harlawmuir|Convenience Store|Tobacco Only|MacLeod Retail Ltd|Active
Kinburn Hotel|16 Harbour Road, Kinburn,  QE2 6EG|QE2 6EG|Eskbrae|Hotel|Tobacco And Nicotine Vapour Products|Kinburn Hotel|Inactive
Anderson Newsagents|157 Harbour Road, Glenhill,  QC11 3XA|QC11 3XA|Corriebeg|Confectionary / Tobacconist / Newsagents|Tobacco Only|Ferguson Retail Ltd|Inactive
Inverford Wines|84 Queen Street, Inverford,  QE24 9ZX|QE24 9ZX|Eskbrae|Off-Licence|Tobacco Only|Murray Retail Ltd|Inactive
The Glenford Arms|73 Mill Lane, Glenford,  QC14 5FY|QC14 5FY|Corriebeg|Public House|Tobacco Only|MacLeod Retail Ltd|Active
Kerr's Convenience Store|143 King Street, Torhill,  QC33 1PU|QC33 1PU|Corriebeg|Convenience Store|Tobacco Only|Kerr's Convenience Store|Active
MacLeod Newsagents|92 Station Road, Dalmuir,  QD16 2HF|QD16 2HF|Drumlarach|Confectionary / Tobacconist / Newsagents|Tobacco Only|MacLeod Newsagents|Active
 Ferguson's Convenience Store |57 Station Road, Dalmains,  QF27 6XS|QF27 6XS|Fallinmuir|Convenience Store|Tobacco Only|Ferguson's Convenience Store|Active
Kerr's Convenience Store|84 Glebe Road, Dunlaw,  QH17 0JF|QH17 0JF|Harlawmuir|Convenience Store|Tobacco Only|Kerr's Convenience Store|Active
 Paterson's Convenience Store |175 Main Street, Kilmuir,  QB7 1RW|QB7 1RW|Brackenlaw|Convenience Store|Tobacco Only|Paterson's Convenience Store|Active
Watt's Convenience Store|97 Bridge Street, Ashlea,  QD18 3AQ|QD18 3AQ|Drumlarach|Convenience Store|Tobacco And Nicotine Vapour Products|Watt's Convenience Store|Active
Paterson's Convenience Store|95 Main Street, Rossshaws,  QC15 1LG|QC15 1LG|Corriebeg|Convenience Store|Tobacco And Nicotine Vapour Products|Paterson's Convenience Store|Active
Duncan's Convenience Store|134 Station Road, Glenmains,  QD17 3GN|QD17 3GN|Drumlarach|Convenience Store|Tobacco Only|Duncan's Convenience Store|Active
Watt's Convenience Store|167 Park Avenue, Birkholm,  QG11 9AE|QG11 9AE|Glenhaven|Convenience Store|Tobacco Only|Watt's Convenience Store|Active
Rosslaw Service Station|87 Station Road, Rosslaw,  QD17 2XY|QD17 2XY|Drumlarach|Forecourt Garage|Tobacco And Nicotine Vapour Products|Hamilton Retail Ltd|Active
Anderson Newsagents|131 Glebe Road, Torlaw,  QE21 9UZ|QE21 9UZ|Eskbrae|Confectionary / Tobacconist / Newsagents|Tobacco And Nicotine Vapour Products|Anderson Newsagents|Active
Newgate Stores|151 Harbour Road, Newgate,  QD16 5WR|QD16 5WR|Drumlarach|Other Retail|Tobacco Only|Newgate Stores|Inactive
Newside Service Station|22 Castle Street, Newside,  QB28 9GJ|QB28 9GJ|Brackenlaw|Forecourt Garage|Tobacco Only|Sinclair Retail Ltd|Active
Dunbrae Takeaway|119 Queen Street, Dunbrae,  QE1 9GZ|QE1 9GZ|Eskbrae|Other Catering|Tobacco And Nicotine Vapour Products|Dunbrae Takeaway|Active
Birkshaws Supermarket|32 Harbour Road, Birkshaws,  QH17 0XD|QH17 0XD|Harlawmuir|Supermarket and Other Retail Outlets|Tobacco And Nicotine Vapour Products|Birkshaws Supermarket|Active
 Glenholm Takeaway |99 Station Road, Glenholm,  QA24 7GQ|QA24 7GQ|Aldmoor|Other Catering|Tobacco Only|Glenholm Takeaway|Inactive
Rossford Stores|35 King Street, Rossford,  QD36 5EQ|QD36 5EQ|Drumlarach|Other Retail|Tobacco Only|Rossford Stores|Active
MacLeod Mobile Shop|149 High Street, Tormuir,  QC12 5XF|QC12 5XF|Corriebeg|Mobile Trade|Tobacco Only|MacLeod Mobile Shop|Active
 Rossburn Service Station |66 King Street, Rossburn,  QD16 9WU|QD16 9WU|Drumlarach|Forecourt Garage|Tobacco Only|Rossburn Service Station|Active
Graham Newsagents|113 Queen Street, Lochanmains,  QF29 0ER|QF29 0ER|Fallinmuir|Confectionary / Tobacconist / Newsagents|Tobacco And Nicotine Vapour Products|Graham Retail Ltd|Active
Sinclair's Convenience Store|88 Mill Lane, Strathholm,  QF6 4RW|QF6 4RW|Fallinmuir|Convenience Store|Tobacco Only|Ferguson Retail Ltd|Active
 Killea Stores |111 School Road, Killea,  QE25 1FL|QE25 1FL|Eskbrae|Other Retail|Tobacco And Nicotine Vapour Products|Brown Retail Ltd|Active
 Melpark Wines |84 Victoria Road, Melpark,  QD19 1DY|QD19 1DY|Drumlarach|Off-Licence|Tobacco And Nicotine Vapour Products|Duncan Retail Ltd|Active
Lennox's Convenience Store|107 Victoria Road, Dunwood,  QF7 2TR|QF7 2TR|Fallinmuir|Convenience Store|Tobacco And Nicotine Vapour Products|Lennox's Convenience Store|Active
Rossgate Takeaway|76 Station Road, Rossgate,  QE1 8LB|QE1 8LB|Eskbrae|Other Catering|Tobacco Only|Rossgate Takeaway|Inactive
The Whinhaugh Arms|22 Queen Street, Whinhaugh,  QA3 9AQ|QA3 9AQ|Aldmoor|Public House|Tobacco Only|The Whinhaugh Arms|Active
Newside Hotel|168 High Street, Newside,  QD20 5WQ|QD20 5WQ|Drumlarach|Hotel|Tobacco And Nicotine Vapour Products|Paterson Retail Ltd|Active
 Sinclair's Convenience Store |13 High Street, Rossholm,  QG14 2QF|QG14 2QF|Glenhaven|Convenience Store|Tobacco Only|Sinclair's Convenience Store|Active
Duncan Newsagents|63 High Street, Kindale,  QC14 4BU|QC14 4BU|Corriebeg|Confectionary / Tobacconist / Newsagents|Tobacco And Nicotine Vapour Products|Hamilton Retail Ltd|Active
Kerr's Convenience Store|70 Queen Street, Rossshaws,  QC15 1DB|QC15 1DB|Corriebeg|Convenience Store|Tobacco And Nicotine Vapour Products|Kerr's Convenience Store|Active
Melwood Takeaway|131 Park Avenue, Melwood,  QF9 2DJ|QF9 2DJ|Fallinmuir|Other Catering|Tobacco Only|Melwood Takeaway|Active
Murray's Convenience Store|82 High Street, Ashside,  QH17 1UW|QH17 1UW|Harlawmuir|Convenience Store|Tobacco And Nicotine Vapour Products|Murray's Convenience Store|Active
Paterson's Convenience Store|61 Castle Street, Dunfield,  QC32 9UH|QC32 9UH|Corriebeg|Convenience Store|Tobacco Only|Anderson Retail Ltd|Active
Craighaugh Wines|76 Park Avenue, Craighaugh,  QH40 1PW|QH40 1PW|Harlawmuir|Off-Licence|Tobacco And Nicotine Vapour Products|Craighaugh Wines|Inactive
Paterson Mobile Shop|89 King Street, Lochanburn,  QD18 9AP|QD18 9AP|Drumlarach|Mobile Trade|Tobacco And Nicotine Vapour Products|Paterson Mobile Shop|Active
Rossmains Service Station|98 Church Street, Rossmains,  QF7 9FG|QF7 9FG|Fallinmuir|Forecourt Garage|Tobacco And Nicotine Vapour Products|Duncan Retail Ltd|Active
Campbell Newsagents|92 Victoria Road, Branburn,  QF30 2JX|QF30 2JX|Fallinmuir|Confectionary / Tobacconist / Newsagents|Tobacco And Nicotine Vapour Products|Campbell Newsagents|Inactive
Reid's Convenience Store|134 Victoria Road, Dalburn,  QC33 9YG|QC33 9YG|Corriebeg|Convenience Store|Tobacco And Nicotine Vapour Products|Reid's Convenience Store|Active
Brown's Convenience Store|155 Market Street, Inverlea,  QB30 4RS|QB30 4RS|Brackenlaw|Convenience Store|Tobacco Only|Reid Retail Ltd|Inactive
Brown Mobile Shop|140 Bridge Street, Strathholm,  QF6 4HB|QF6 4HB|Fallinmuir|Mobile Trade|Tobacco Only|Brown Mobile Shop|Active
Inverford Takeaway|93 Bridge Street, Inverford,  QE24 8TU|QE24 8TU|Eskbrae|Other Catering|Tobacco Only|Sinclair Retail Ltd|Active
Watt's Convenience Store|41 Park Avenue, Craiggate,  QH18 4TB|QH18 4TB|Harlawmuir|Convenience Store|Tobacco Only|Watt's Convenience Store|Active
Ashpark Stores|76 Station Road, Ashpark,  QG32 4LY|QG32 4LY|Glenhaven|Other Retail|Tobacco Only|Ashpark Stores|Inactive
Lennox's Convenience Store|178 School Road, Branhaugh,  QG11 9JU|QG11 9JU|Glenhaven|Convenience Store|Tobacco And Nicotine Vapour Products|Brown Retail Ltd|Inactive
Strathdale Service Station|160 School Road, Strathdale,  QA2 2HW|QA2 2HW|Aldmoor|Forecourt Garage|Tobacco And Nicotine Vapour Products|Sinclair Retail Ltd|Inactive
Graham's Convenience Store|24 Glebe Road, Lochanshaws,  QF6 2NP|QF6 2NP|Fallinmuir|Convenience Store|Tobacco And Nicotine Vapour Products|Graham's Convenience Store|Active
 Paterson Newsagents |94 Main Street, Kinlaw,  QE23 1ER|QE23 1ER|Eskbrae|Confectionary / Tobacconist / Newsagents|Tobacco Only|Paterson Retail Ltd|Active
Lochantoun Supermarket|167 Market Street, Lochantoun,  QF29 5HY|QF29 5HY|Fallinmuir|Supermarket and Other Retail Outlets|Tobacco Only|Lochantoun Supermarket|Active
Fernshaws Stores|101 Harbour Road, Fernshaws,  QF26 4DG|QF26 4DG|Fallinmuir|Other Retail|Tobacco And Nicotine Vapour Products|Watt Retail Ltd|Active
MacLeod Newsagents|105 Bridge Street, Strathside,  QF26 8PP|QF26 8PP|Fallinmuir|Confectionary / Tobacconist / Newsagents|Tobacco Only|MacLeod Newsagents|Active
Branhaugh Stores|68 Bridge Street, Branhaugh,  QE25 5WQ|QE25 5WQ|Eskbrae|Other Retail|Tobacco Only|Branhaugh Stores|Active
MacLeod's Convenience Store|84 School Road, Newmains,  QG11 8JA|QG11 8JA|Glenhaven|Convenience Store|Tobacco And Nicotine Vapour Products|Hamilton Retail Ltd|Active
Watt Newsagents|2 High Street, Lochantoun,  QF29 5PT|QF29 5PT|Fallinmuir|Confectionary / Tobacconist / Newsagents|Tobacco Only|Anderson Retail Ltd|Active
Kinlaw Supermarket|39 Harbour Road, Kinlaw,  QE23 1GP|QE23 1GP|Eskbrae|Supermarket and Other Retail Outlets|Tobacco And Nicotine Vapour Products|Lennox Retail Ltd|Inactive
Campbell's Convenience Store|48 Victoria Road, Rossford,  QH16 6YG|QH16 6YG|Harlawmuir|Convenience Store|Tobacco Only|Campbell's Convenience Store|Active
Lennox's Convenience Store|39 Mill Lane, Lochanshaws,  QE21 7PS|QE21 7PS|Eskbrae|Convenience Store|Tobacco Only|Lennox's Convenience Store|Active
The Kinfield Arms|47 High Street, Kinfield,  QD18 9UL|QD18 9UL|Drumlarach|Public House|Tobacco Only|The Kinfield Arms|Inactive
 MacLeod's Convenience Store |124 Church Street, Lochanshaws,  QF6 0EH|QF6 0EH|Fallinmuir|Convenience Store|Tobacco Only|MacLeod Retail Ltd|Active
Kinmains Wines|175 Harbour Road, Kinmains,  QD39 6SR|QD39 6SR|Drumlarach|Off-Licence|Tobacco And Nicotine Vapour Products|Kinmains Wines|Inactive
The Glenmains Arms|124 Park Avenue, Glenmains,  QD17 0YJ|QD17 0YJ|Drumlarach|Public House|Tobacco Only|Lennox Retail Ltd|Active
Lennox's Convenience Store|107 King Street, Ashbrae,  QF29 1RU|QF29 1RU|Fallinmuir|Convenience Store|Tobacco Only|Lennox's Convenience Store|Inactive
 Ferguson's Convenience Store |157 Harbour Road, Rosslaw,  QH39 1SA|QH39 1SA|Harlawmuir|Convenience Store|Tobacco Only|Anderson Retail Ltd|Active
Campbell's Convenience Store|146 School Road, Glenmains,  QD17 0XB|QD17 0XB|Drumlarach|Convenience Store|Tobacco Only|Ferguson Retail Ltd|Active
Birklea Supermarket|85 Park Avenue, Birklea,  QE4 3HN|QE4 3HN|Eskbrae|Supermarket and Other Retail Outlets|Tobacco And Nicotine Vapour Products|Birklea Supermarket|Active
Watt's Convenience Store|33 Main Street, Newmains,  QD37 6TJ|QD37 6TJ|Drumlarach|Convenience Store|Tobacco Only|Watt's Convenience Store|Active
The Melhaugh Arms|11 Castle Street, Melhaugh,  QH20 5AA|QH20 5AA|Harlawmuir|Public House|Tobacco Only|Sinclair Retail Ltd|Active
Langfield Takeaway|73 Market Street, Langfield,  QA24 0NA|QA24 0NA|Aldmoor|Other Catering|Tobacco Only|Langfield Takeaway|Active
Rossshaws Supermarket|96 Church Street, Rossshaws,  QC15 1PL|QC15 1PL|Corriebeg|Supermarket and Other Retail Outlets|Tobacco And Nicotine Vapour Products|Rossshaws Supermarket|Active
 Langford Supermarket |114 High Street, Langford,  QD37 9UB|QD37 9UB|Drumlarach|Supermarket and Other Retail Outlets|Tobacco And Nicotine Vapour Products|Graham Retail Ltd|Active
 Dungate Supermarket |113 King Street, Dungate,  QG31 3XF|QG31 3XF|Glenhaven|Supermarket and Other Retail Outlets|Tobacco Only|Hamilton Retail Ltd|Active
Duncan's Convenience Store|73 Castle Street, Langburn,  QG13 6WR|QG13 6WR|Glenhaven|Convenience Store|Tobacco And Nicotine Vapour Products|Duncan's Convenience Store|Active
Ferguson's Convenience Store|141 Harbour Road, Killea,  QE25 6QT|QE25 6QT|Eskbrae|Convenience Store|Tobacco And Nicotine Vapour Products|Ferguson's Convenience Store|Active
Ashdale Supermarket|1 Castle Street, Ashdale,  QE4 4YB|QE4 4YB|Eskbrae|Supermarket and Other Retail Outlets|Tobacco Only|MacLeod Retail Ltd|Active
Campbell's Convenience Store|60 Bridge Street, Fernmuir,  QC34 4FX|QC34 4FX|Corriebeg|Convenience Store|Tobacco Only|Campbell's Convenience Store|Active
Balholm Wines|116 High Street, Balholm,  QE4 2GN|QE4 2GN|Eskbrae|Off-Licence|Tobacco Only|Balholm Wines|Active
Kerr Newsagents|83 Park Avenue, Ashwood,  QA5 4TJ|QA5 4TJ|Aldmoor|Confectionary / Tobacconist / Newsagents|Tobacco And Nicotine Vapour Products|Kerr Newsagents|Inactive
Hamilton's Convenience Store|135 Glebe Road, Mellea,  QH19 4ND|QH19 4ND|Harlawmuir|Convenience Store|Tobacco And Nicotine Vapour Products|Watt Retail Ltd|Active
Hamilton's Convenience Store|59 King Street, Newmains,  QD37 6AP|QD37 6AP|Drumlarach|Convenience Store|Tobacco Only|Murray Retail Ltd|Active
MacLeod Newsagents|105 Park Avenue, Dalmains,  QF27 2PZ|QF27 2PZ|Fallinmuir|Confectionary / Tobacconist / Newsagents|Tobacco And Nicotine Vapour Products|MacLeod Newsagents|Active
Campbell's Convenience Store|108 High Street, Whinhill,  QG12 7FQ|QG12 7FQ|Glenhaven|Convenience Store|Tobacco And Nicotine Vapour Products|Campbell's Convenience Store|Active
Fernlaw Stores|20 Victoria Road, Fernlaw,  QC34 8NX|QC34 8NX|Corriebeg|Other Retail|Tobacco And Nicotine Vapour Products|Duncan Retail Ltd|Active
 The Melburn Arms |11 Bridge Street, Melburn,  QA21 6UU|QA21 6UU|Aldmoor|Public House|Tobacco Only|The Melburn Arms|Inactive
Kerr's Convenience Store|145 King Street, Dalmains,  QF27 1QQ|QF27 1QQ|Fallinmuir|Convenience Store|Tobacco Only|Graham Retail Ltd|Active
Graham Newsagents|68 Harbour Road, Strathbank,  QB26 8JB|QB26 8JB|Brackenlaw|Confectionary / Tobacconist / Newsagents|Tobacco Only|Lennox Retail Ltd|Active
Fernbrae Hotel|82 Glebe Road, Fernbrae,  QC32 7AE|QC32 7AE|Corriebeg|Hotel|Tobacco Only|Graham Retail Ltd|Active
 Watt's Convenience Store |30 Station Road, Ashwood,  QA5 4DH|QA5 4DH|Aldmoor|Convenience Store|Tobacco Only|Anderson Retail Ltd|Active
Kilgate Stores|16 Queen Street, Kilgate,  QA23 0LW|QA23 0LW|Aldmoor|Other Retail|Tobacco And Nicotine Vapour Products|Sinclair Retail Ltd|Active
Duncan's Convenience Store|84 King Street, Torlaw,  QF26 1GB|QF26 1GB|Fallinmuir|Convenience Store|Tobacco And Nicotine Vapour Products|Duncan Retail Ltd|Active
Duncan Mobile Shop|115 School Road, Melbrae,  QB10 0TE|QB10 0TE|Brackenlaw|Mobile Trade|Tobacco And Nicotine Vapour Products|Duncan Mobile Shop|Active
Duncan Mobile Shop|150 King Street, Craigbank,  QC31 0WT|QC31 0WT|Corriebeg|Mobile Trade|Tobacco Only|Duncan Mobile Shop|Active
Ferguson's Convenience Store|107 Park Avenue, Birkshaws,  QD40 5LG|QD40 5LG|Drumlarach|Convenience Store|Tobacco And Nicotine Vapour Products|Hamilton Retail Ltd|Inactive
Murray's Convenience Store|173 High Street, Whinholm,  QA3 0PZ|QA3 0PZ|Aldmoor|Convenience Store|Tobacco Only|Reid Retail Ltd|Active
Anderson's Convenience Store|103 High Street, Ashpark,  QC50 4AZ|QC50 4AZ|Corriebeg|Convenience Store|Tobacco Only|Sinclair Retail Ltd|Active
Sinclair's Convenience Store|22 Harbour Road, Strathmuir,  QC35 9AB|QC35 9AB|Corriebeg|Convenience Store|Tobacco And Nicotine Vapour Products|Duncan Retail Ltd|Active
 Fernmuir Stores |173 Mill Lane, Fernmuir,  QE1 2UF|QE1 2UF|Eskbrae|Other Retail|Tobacco Only|Fernmuir Stores|Active
Reid's Convenience Store|13 Park Avenue, Strathfield,  QB30 7DD|QB30 7DD|Brackenlaw|Convenience Store|Tobacco Only|Reid's Convenience Store|Inactive
Murray Newsagents|89 High Street, Rosscraig,  QA5 0AW|QA5 0AW|Aldmoor|Confectionary / Tobacconist / Newsagents|Tobacco And Nicotine Vapour Products|Kerr Retail Ltd|Inactive
Duncan's Convenience Store|2 Castle Street, Glenholm,  QB8 7JS|QB8 7JS|Brackenlaw|Convenience Store|Tobacco Only|Hamilton Retail Ltd|Active
Strathdale Service Station|112 Main Street, Strathdale,  QA2 5DX|QA2 5DX|Aldmoor|Forecourt Garage|Tobacco Only|Brown Retail Ltd|Active
Brown Mobile Shop|25 School Road, Newmains,  QG11 4RH|QG11 4RH|Glenhaven|Mobile Trade|Tobacco And Nicotine Vapour Products|Brown Retail Ltd|Active
Paterson's Convenience Store|86 King Street, Craighaugh,  QH40 6AZ|QH40 6AZ|Harlawmuir|Convenience Store|Tobacco Only|Paterson's Convenience Store|Active
Watt Newsagents|160 Victoria Road, Craiggate,  QF27 8GE|QF27 8GE|Fallinmuir|Confectionary / Tobacconist / Newsagents|Tobacco And Nicotine Vapour Products|Graham Retail Ltd|Active
 Kinwood Stores |92 Queen Street, Kinwood,  QE5 9RF|QE5 9RF|Eskbrae|Other Retail|Tobacco And Nicotine Vapour Products|Kinwood Stores|Active
Kerr's Convenience Store|160 High Street, Ashbrae,  QF8 9PA|QF8 9PA|Fallinmuir|Convenience Store|Tobacco And Nicotine Vapour Products|Anderson Retail Ltd|Active
Lennox's Convenience Store|47 Market Street, Inverlea,  QG32 2GU|QG32 2GU|Glenhaven|Convenience Store|Tobacco Only|Lennox's Convenience Store|Active
Langdale Service Station|134 Queen Street, Langdale,  QA5 6RN|QA5 6RN|Aldmoor|Forecourt Garage|Tobacco Only|Langdale Service Station|Active
Paterson Newsagents|144 Victoria Road, Dalpark,  QB45 9PQ|QB45 9PQ|Brackenlaw|Confectionary / Tobacconist / Newsagents|Tobacco And Nicotine Vapour Products|Paterson Retail Ltd|Active
MacLeod's Convenience Store|141 Station Road, Whinhaugh,  QH38 4GP|QH38 4GP|Harlawmuir|Convenience Store|Tobacco Only|MacLeod's Convenience Store|Active
Campbell's Convenience Store|151 Castle Street, Lochanwood,  QC34 9NA|QC34 9NA|Corriebeg|Convenience Store|Tobacco And Nicotine Vapour Products|Brown Retail Ltd|Active
Brown's Convenience Store|125 Church Street, Kilmuir,  QB7 0QR|QB7 0QR|Brackenlaw|Convenience Store|Tobacco Only|Brown's Convenience Store|Inactive
Anderson's Convenience Store|61 Castle Street, Torgate,  QC35 0FT|QC35 0FT|Corriebeg|Convenience Store|Tobacco And Nicotine Vapour Products|Anderson's Convenience Store|Active
 Graham's Convenience Store |99 Main Street, Fernholm,  QD38 5EN|QD38 5EN|Drumlarach|Convenience Store|Tobacco Only|Ferguson Retail Ltd|Active
Meldale Stores|9 Park Avenue, Meldale,  QC15 6LJ|QC15 6LJ|Corriebeg|Other Retail|Tobacco Only|Anderson Retail Ltd|Inactive
Balcraig Stores|138 School Road, Balcraig,  QC14 6LU|QC14 6LU|Corriebeg|Other Retail|Tobacco Only|Paterson Retail Ltd|Active
Paterson's Convenience Store|166 Glebe Road, Lochancraig,  QA24 1DN|QA24 1DN|Aldmoor|Convenience Store|Tobacco Only|Paterson's Convenience Store|Active
Langshaws Service Station|32 Victoria Road, Langshaws,  QF9 2HP|QF9 2HP|Fallinmuir|Forecourt Garage|Tobacco Only|Kerr Retail Ltd|Inactive
Lennox's Convenience Store|10 King Street, Ashbank,  QD19 2TG|QD19 2TG|Drumlarach|Convenience Store|Tobacco Only|Lennox's Convenience Store|Active
The Branhaugh Arms|174 Queen Street, Branhaugh,  QE25 9NH|QE25 9NH|Eskbrae|Public House|Tobacco Only|The Branhaugh Arms|Active
Kerr's Convenience Store|76 Castle Street, Rosshill,  QF29 0BR|QF29 0BR|Fallinmuir|Convenience Store|Tobacco And Nicotine Vapour Products|Campbell Retail Ltd|Active
 Craigbank Stores |69 Castle Street, Craigbank,  QC14 9EQ|QC14 9EQ|Corriebeg|Other Retail|Tobacco Only|Craigbank Stores|Active
Sinclair Mobile Shop|92 Castle Street, Torcraig,  QB27 2FW|QB27 2FW|Brackenlaw|Mobile Trade|Tobacco And Nicotine Vapour Products|Kerr Retail Ltd|Active
Murray's Convenience Store|48 Victoria Road, Torhill,  QC33 1PR|QC33 1PR|Corriebeg|Convenience Store|Tobacco Only|Murray's Convenience Store|Active
Ferguson's Convenience Store|82 School Road, Whindale,  QA24 1SX|QA24 1SX|Aldmoor|Convenience Store|Tobacco Only|Ferguson's Convenience Store|Active
Murray's Convenience Store|77 Station Road, Langtoun,  QC15 2RW|QC15 2RW|Corriebeg|Convenience Store|Tobacco Only|Murray's Convenience Store|Inactive
 Campbell's Convenience Store |18 School Road, Dunfield,  QC32 9XQ|QC32 9XQ|Corriebeg|Convenience Store|Tobacco Only|Campbell's Convenience Store|Active
The Rosslea Arms|71 Main Street, Rosslea,  QG11 8UX|QG11 8UX|Glenhaven|Public House|Tobacco Only|The Rosslea Arms|Inactive
The Glenfield Arms|84 Bridge Street, Glenfield,  QH36 8YP|QH36 8YP|Harlawmuir|Public House|Tobacco Only|Watt Retail Ltd|Active
Dungate Stores|174 Victoria Road, Dungate,  QD36 1UR|QD36 1UR|Drumlarach|Other Retail|Tobacco Only|Anderson Retail Ltd|Active
Murray's Convenience Store|174 Park Avenue, Glenfield,  QH36 8SF|QH36 8SF|Harlawmuir|Convenience Store|Tobacco Only|Murray's Convenience Store|Active
Murray Newsagents|105 Victoria Road, Rosslaw,  QA1 1BU|QA1 1BU|Aldmoor|Confectionary / Tobacconist / Newsagents|Tobacco Only|Murray Newsagents|Active
 Birkhaugh Wines |29 Main Street, Birkhaugh,  QA23 2NW|QA23 2NW|Aldmoor|Off-Licence|Tobacco Only|Ferguson Retail Ltd|Active
The Rosslaw Arms|149 Bridge Street, Rosslaw,  QD17 2SQ|QD17 2SQ|Drumlarach|Public House|Tobacco And Nicotine Vapour Products|Duncan Retail Ltd|Active
 Torhill Supermarket |88 King Street, Torhill,  QC33 6FE|QC33 6FE|Corriebeg|Supermarket and Other Retail Outlets|Tobacco Only|Sinclair Retail Ltd|Active
Craighaugh Stores|127 Station Road, Craighaugh,  QG33 8AE|QG33 8AE|Glenhaven|Other Retail|Tobacco Only|Craighaugh Stores|Active
Rossshaws Service Station|176 High Street, Rossshaws,  QC15 7BE|QC15 7BE|Corriebeg|Forecourt Garage|Tobacco And Nicotine Vapour Products|Paterson Retail Ltd|Inactive
The Ferncraig Arms|40 Castle Street, Ferncraig,  QC13 5HZ|QC13 5HZ|Corriebeg|Public House|Tobacco And Nicotine Vapour Products|The Ferncraig Arms|Active
Paterson's Convenience Store|132 Glebe Road, Dalmuir,  QD16 0DJ|QD16 0DJ|Drumlarach|Convenience Store|Tobacco Only|Paterson's Convenience Store|Active
Kilholm Service Station|59 Church Street, Kilholm,  QB7 6AS|QB7 6AS|Brackenlaw|Forecourt Garage|Tobacco And Nicotine Vapour Products|Kilholm Service Station|Inactive
Graham Newsagents|39 Bridge Street, Kilgate,  QA4 6LZ|QA4 6LZ|Aldmoor|Confectionary / Tobacconist / Newsagents|Tobacco And Nicotine Vapour Products|Lennox Retail Ltd|Active
Paterson Newsagents|55 Queen Street, Dunlaw,  QD36 8YL|QD36 8YL|Drumlarach|Confectionary / Tobacconist / Newsagents|Tobacco Only|Paterson Newsagents|Active
Lennox's Convenience Store|150 Main Street, Brangate,  QA4 2TL|QA4 2TL|Aldmoor|Convenience Store|Tobacco Only|Lennox's Convenience Store|Active
Strathhill Supermarket|144 Glebe Road, Strathhill,  QE2 2XU|QE2 2XU|Eskbrae|Supermarket and Other Retail Outlets|Tobacco Only|Campbell Retail Ltd|Active
Reid's Convenience Store|98 King Street, Whinhill,  QG12 3XL|QG12 3XL|Glenhaven|Convenience Store|Tobacco Only|Anderson Retail Ltd|Active
Fernmuir Stores|8 Bridge Street, Fernmuir,  QE1 2NS|QE1 2NS|Eskbrae|Other Retail|Tobacco Only|Graham Retail Ltd|Active
Reid Newsagents|90 King Street, Fernmuir,  QH18 3QU|QH18 3QU|Harlawmuir|Confectionary / Tobacconist / Newsagents|Tobacco Only|Reid Newsagents|Active
 Lennox's Convenience Store |62 Park Avenue, Dunside,  QD40 5QT|QD40 5QT|Drumlarach|Convenience Store|Tobacco Only|MacLeod Retail Ltd|Active
Dalmains Stores|1 High Street, Dalmains,  QF27 1XB|QF27 1XB|Fallinmuir|Other Retail|Tobacco Only|Dalmains Stores|Active
Brown's Convenience Store|160 Harbour Road, Invercraig,  QE22 1DH|QE22 1DH|Eskbrae|Convenience Store|Tobacco And Nicotine Vapour Products|Brown's Convenience Store|Active
Murray's Convenience Store|146 Park Avenue, Torgate,  QC35 5SL|QC35 5SL|Corriebeg|Convenience Store|Tobacco Only|Sinclair Retail Ltd|Active
Kinburn Hotel|121 Main Street, Kinburn,  QE2 2UJ|QE2 2UJ|Eskbrae|Hotel|Tobacco Only|MacLeod Retail Ltd|Inactive
Hamilton Newsagents|13 Bridge Street, Newlea,  QE25 2NY|QE25 2NY|Eskbrae|Confectionary / Tobacconist / Newsagents|Tobacco And Nicotine Vapour Products|Hamilton Newsagents|Active
MacLeod's Convenience Store|124 Market Street, Langburn,  QG13 6WE|QG13 6WE|Glenhaven|Convenience Store|Tobacco Only|MacLeod's Convenience Store|Active
Branhill Stores|68 Station Road, Branhill,  QF27 5QT|QF27 5QT|Fallinmuir|Other Retail|Tobacco And Nicotine Vapour Products|Branhill Stores|Active
Balbank Hotel|66 Harbour Road, Balbank,  QE24 7YP|QE24 7YP|Eskbrae|Hotel|Tobacco And Nicotine Vapour Products|Brown Retail Ltd|Active
Whinhaugh Stores|134 Main Street, Whinhaugh,  QH38 6HR|QH38 6HR|Harlawmuir|Other Retail|Tobacco Only|Whinhaugh Stores|Active
Ferguson Newsagents|47 School Road, Branburn,  QF57 2BS|QF57 2BS|Fallinmuir|Confectionary / Tobacconist / Newsagents|Tobacco Only|Graham Retail Ltd|Active
Kilcraig Takeaway|120 High Street, Kilcraig,  QC15 0GQ|QC15 0GQ|Corriebeg|Other Catering|Tobacco Only|Kilcraig Takeaway|Active
Brown's Convenience Store|58 Glebe Road, Craiggate,  QF27 6WN|QF27 6WN|Fallinmuir|Convenience Store|Tobacco Only|Brown's Convenience Store|Active
Ferguson's Convenience Store|121 Main Street, Kildale,  QB9 4TG|QB9 4TG|Brackenlaw|Convenience Store|Tobacco Only|Ferguson's Convenience Store|Active
Lennox's Convenience Store|88 Victoria Road, Balside,  QG32 1AG|QG32 1AG|Glenhaven|Convenience Store|Tobacco Only|Lennox's Convenience Store|Active
Ferguson's Convenience Store|94 Bridge Street, Inverpark,  QC31 7DB|QC31 7DB|Corriebeg|Convenience Store|Tobacco And Nicotine Vapour Products|Ferguson Retail Ltd|Active
Paterson Newsagents|119 Mill Lane, Glentoun,  QD20 6QT|QD20 6QT|Drumlarach|Confectionary / Tobacconist / Newsagents|Tobacco Only|Anderson Retail Ltd|Active
Paterson's Convenience Store|136 Park Avenue, Daltoun,  QC12 1YY|QC12 1YY|Corriebeg|Convenience Store|Tobacco Only|Paterson's Convenience Store|Active
Paterson's Convenience Store|11 Park Avenue, Melburn,  QC34 0FL|QC34 0FL|Corriebeg|Convenience Store|Tobacco Only|Murray Retail Ltd|Active
Rossside Takeaway|122 Bridge Street, Rossside,  QE2 6LU|QE2 6LU|Eskbrae|Other Catering|Tobacco Only|Brown Retail Ltd|Active
Strathholm Supermarket|139 Harbour Road, Strathholm,  QF6 1NS|QF6 1NS|Fallinmuir|Supermarket and Other Retail Outlets|Tobacco Only|Strathholm Supermarket|Active
 Kerr Newsagents |89 Glebe Road, Dunlea,  QG12 4ZN|QG12 4ZN|Glenhaven|Confectionary / Tobacconist / Newsagents|Tobacco And Nicotine Vapour Products|Anderson Retail Ltd|Inactive
 Hamilton's Convenience Store |59 High Street, Strathhill,  QE2 3AH|QE2 3AH|Eskbrae|Convenience Store|Tobacco Only|Hamilton's Convenience Store|Active
Hamilton's Convenience Store|97 Harbour Road, Branburn,  QF30 1FL|QF30 1FL|Fallinmuir|Convenience Store|Tobacco And Nicotine Vapour Products|Hamilton's Convenience Store|Active
Campbell Mobile Shop|56 Glebe Road, Kilhill,  QA25 4WE|QA25 4WE|Aldmoor|Mobile Trade|Tobacco And Nicotine Vapour Products|Campbell Mobile Shop|Active
Murray's Convenience Store|7 Church Street, Dunlaw,  QH17 3PR|QH17 3PR|Harlawmuir|Convenience Store|Tobacco And Nicotine Vapour Products|Sinclair Retail Ltd|Active
Campbell's Convenience Store|141 Harbour Road, Torhill,  QC33 1JE|QC33 1JE|Corriebeg|Convenience Store|Tobacco Only|Paterson Retail Ltd|Active
Sinclair's Convenience Store|122 Queen Street, Kinburn,  QE2 6FW|QE2 6FW|Eskbrae|Convenience Store|Tobacco Only|Sinclair's Convenience Store|Active
Dundale Stores|83 Market Street, Dundale,  QE22 2DZ|QE22 2DZ|Eskbrae|Other Retail|Tobacco Only|Dundale Stores|Active
Dunbrae Stores|45 High Street, Dunbrae,  QE1 3WF|QE1 3WF|Eskbrae|Other Retail|Tobacco Only|MacLeod Retail Ltd|Active
Duncan's Convenience Store|99 King Street, Dungate,  QG31 8UA|QG31 8UA|Glenhaven|Convenience Store|Tobacco Only|Watt Retail Ltd|Active
Sinclair Newsagents|93 Station Road, Kinbank,  QB29 7EY|QB29 7EY|Brackenlaw|Confectionary / Tobacconist / Newsagents|Tobacco Only|Paterson Retail Ltd|Active
Balcraig Supermarket|145 School Road, Balcraig,  QC14 2DG|QC14 2DG|Corriebeg|Supermarket and Other Retail Outlets|Tobacco Only|Balcraig Supermarket|Active
Reid Newsagents|81 Park Avenue, Whinlaw,  QA55 5QB|QA55 5QB|Aldmoor|Confectionary / Tobacconist / Newsagents|Tobacco And Nicotine Vapour Products|Brown Retail Ltd|Active
 Anderson's Convenience Store |115 High Street, Lochanshaws,  QF6 2FY|QF6 2FY|Fallinmuir|Convenience Store|Tobacco Only|Anderson Retail Ltd|Active
Watt's Convenience Store|44 High Street, Newside,  QD20 2SX|QD20 2SX|Drumlarach|Convenience Store|Tobacco And Nicotine Vapour Products|Watt's Convenience Store|Active
MacLeod Newsagents|133 Market Street, Glenburn,  QD17 3FP|QD17 3FP|Drumlarach|Confectionary / Tobacconist / Newsagents|Tobacco And Nicotine Vapour Products|MacLeod Newsagents|Active
Watt Newsagents|87 Church Street, Lochanhaugh,  QF27 1YB|QF27 1YB|Fallinmuir|Confectionary / Tobacconist / Newsagents|Tobacco Only|Watt Newsagents|Active
Kilhaugh Takeaway|33 Glebe Road, Kilhaugh,  QB6 7YL|QB6 7YL|Brackenlaw|Other Catering|Tobacco Only|Kilhaugh Takeaway|Active
Langtoun Hotel|124 Glebe Road, Langtoun,  QC15 2PN|QC15 2PN|Corriebeg|Hotel|Tobacco And Nicotine Vapour Products|Sinclair Retail Ltd|Active
Rossford Stores|121 Market Street, Rossford,  QD36 9GA|QD36 9GA|Drumlarach|Other Retail|Tobacco Only|Lennox Retail Ltd|Inactive
Paterson's Convenience Store|53 Park Avenue, Fernshaws,  QF26 9XQ|QF26 9XQ|Fallinmuir|Convenience Store|Tobacco And Nicotine Vapour Products|Murray Retail Ltd|Active
Watt Newsagents|161 Harbour Road, Melburn,  QC34 6QJ|QC34 6QJ|Corriebeg|Confectionary / Tobacconist / Newsagents|Tobacco Only|Watt Newsagents|Active
The Torgate Arms|155 Queen Street, Torgate,  QC35 5SQ|QC35 5SQ|Corriebeg|Public House|Tobacco Only|Watt Retail Ltd|Active
Kinlaw Service Station|92 High Street, Kinlaw,  QE23 8HR|QE23 8HR|Eskbrae|Forecourt Garage|Tobacco And Nicotine Vapour Products|Paterson Retail Ltd|Active
Duncan's Convenience Store|67 Market Street, Lochanbrae,  QF30 1BZ|QF30 1BZ|Fallinmuir|Convenience Store|Tobacco And Nicotine Vapour Products|Duncan's Convenience Store|Active
Sinclair's Convenience Store|127 Main Street, Dungate,  QG31 0UB|QG31 0UB|Glenhaven|Convenience Store|Tobacco Only|Sinclair's Convenience Store|Active
Campbell's Convenience Store|37 Castle Street, Langmuir,  QD37 1PA|QD37 1PA|Drumlarach|Convenience Store|Tobacco And Nicotine Vapour Products|Campbell's Convenience Store|Inactive
Melwood Stores|37 Harbour Road, Melwood,  QF9 1QZ|QF9 1QZ|Fallinmuir|Other Retail|Tobacco And Nicotine Vapour Products|Anderson Retail Ltd|Active
Campbell Newsagents|143 King Street, Melburn,  QA21 4UN|QA21 4UN|Aldmoor|Confectionary / Tobacconist / Newsagents|Tobacco Only|Duncan Retail Ltd|Active
Paterson's Convenience Store|138 School Road, Inverlea,  QD37 6XG|QD37 6XG|Drumlarach|Convenience Store|Tobacco And Nicotine Vapour Products|Paterson's Convenience Store|Active
Langburn Stores|148 Station Road, Langburn,  QG13 4ZP|QG13 4ZP|Glenhaven|Other Retail|Tobacco And Nicotine Vapour Products|Langburn Stores|Active
Brown's Convenience Store|27 Victoria Road, Balpark,  QH18 8WZ|QH18 8WZ|Harlawmuir|Convenience Store|Tobacco And Nicotine Vapour Products|Murray Retail Ltd|Active
Brancraig Supermarket|155 School Road, Brancraig,  QC12 9EH|QC12 9EH|Corriebeg|Supermarket and Other Retail Outlets|Tobacco And Nicotine Vapour Products|Brancraig Supermarket|Active
 Watt Mobile Shop |83 Church Street, Langlaw,  QG34 9SA|QG34 9SA|Glenhaven|Mobile Trade|Tobacco And Nicotine Vapour Products|Watt Mobile Shop|Active
Birkford Service Station|122 Mill Lane, Birkford,  QD38 1NX|QD38 1NX|Drumlarach|Forecourt Garage|Tobacco Only|Birkford Service Station|Active
Inverford Wines|145 Glebe Road, Inverford,  QE25 9HJ|QE25 9HJ|Eskbrae|Off-Licence|Tobacco Only|Inverford Wines|Active
Baltoun Service Station|131 Castle Street, Baltoun,  QH16 6GH|QH16 6GH|Harlawmuir|Forecourt Garage|Tobacco And Nicotine Vapour Products|Baltoun Service Station|Active
Kerr's Convenience Store|49 Glebe Road, Kilhaugh,  QB6 0SG|QB6 0SG|Brackenlaw|Convenience Store|Tobacco And Nicotine Vapour Products|MacLeod Retail Ltd|Active
Craigfield Service Station|107 Victoria Road, Craigfield,  QG34 4YT|QG34 4YT|Glenhaven|Forecourt Garage|Tobacco And Nicotine Vapour Products|Craigfield Service Station|Inactive
Anderson's Convenience Store|59 Station Road, Killaw,  QC34 9YT|QC34 9YT|Corriebeg|Convenience Store|Tobacco Only|Anderson's Convenience Store|Active
MacLeod Newsagents|133 Mill Lane, Newburn,  QE2 3SH|QE2 3SH|Eskbrae|Confectionary / Tobacconist / Newsagents|Tobacco Only|MacLeod Newsagents|Active
Sinclair's Convenience Store|19 Mill Lane, Branhill,  QF27 4PF|QF27 4PF|Fallinmuir|Convenience Store|Tobacco And Nicotine Vapour Products|Anderson Retail Ltd|Active
Campbell Newsagents|178 Glebe Road, Kinbank,  QB29 7TJ|QB29 7TJ|Brackenlaw|Confectionary / Tobacconist / Newsagents|Tobacco Only|Campbell Newsagents|Active
Dunfield Wines|144 Bridge Street, Dunfield,  QC32 9LR|QC32 9LR|Corriebeg|Off-Licence|Tobacco Only|Hamilton Retail Ltd|Inactive
Campbell's Convenience Store|46 Victoria Road, Ashburn,  QE24 1ZS|QE24 1ZS|Eskbrae|Convenience Store|Tobacco And Nicotine Vapour Products|Campbell's Convenience Store|Active
Fernshaws Takeaway|108 School Road, Fernshaws,  QE24 3QB|QE24 3QB|Eskbrae|Other Catering|Tobacco Only|Campbell Retail Ltd|Active
Newbank Service Station|54 Church Street, Newbank,  QA25 4ZR|QA25 4ZR|Aldmoor|Forecourt Garage|Tobacco And Nicotine Vapour Products|Newbank Service Station|Active
Rossburn Takeaway|91 Harbour Road, Rossburn,  QC11 1JF|QC11 1JF|Corriebeg|Other Catering|Tobacco Only|Rossburn Takeaway|Inactive
Langdale Service Station|144 School Road, Langdale,  QE3 2XL|QE3 2XL|Eskbrae|Forecourt Garage|Tobacco Only|Langdale Service Station|Active
Paterson's Convenience Store|34 Glebe Road, Dalcraig,  QA25 5SE|QA25 5SE|Aldmoor|Convenience Store|Tobacco And Nicotine Vapour Products|Paterson Retail Ltd|Active
Hamilton's Convenience Store|31 Castle Street, Kilgate,  QA4 2GJ|QA4 2GJ|Aldmoor|Convenience Store|Tobacco Only|Hamilton's Convenience Store|Inactive
 Lennox's Convenience Store |148 Market Street, Rossburn,  QD16 9GS|QD16 9GS|Drumlarach|Convenience Store|Tobacco And Nicotine Vapour Products|Lennox's Convenience Store|Active
Campbell's Convenience Store|54 Mill Lane, Torholm,  QA21 4LA|QA21 4LA|Aldmoor|Convenience Store|Tobacco And Nicotine Vapour Products|Campbell's Convenience Store|Active
 Murray Mobile Shop |116 Harbour Road, Kilhaugh,  QB6 0UY|QB6 0UY|Brackenlaw|Mobile Trade|Tobacco And Nicotine Vapour Products|Murray Mobile Shop|Active
Paterson's Convenience Store|142 Market Street, Glenholm,  QB28 6UR|QB28 6UR|Brackenlaw|Convenience Store|Tobacco Only|Paterson's Convenience Store|Inactive
Melbrae Takeaway|28 School Road, Melbrae,  QB10 4EW|QB10 4EW|Brackenlaw|Other Catering|Tobacco Only|Melbrae Takeaway|Inactive
Lochanwood Wines|143 Harbour Road, Lochanwood,  QC34 7DL|QC34 7DL|Corriebeg|Off-Licence|Tobacco Only|Lochanwood Wines|Active
Duncan's Convenience Store|47 Station Road, Whinfield,  QD40 9ZW|QD40 9ZW|Drumlarach|Convenience Store|Tobacco Only|Duncan's Convenience Store|Inactive
Fernmuir Service Station|97 High Street, Fernmuir,  QE1 2YD|QE1 2YD|Eskbrae|Forecourt Garage|Tobacco Only|Lennox Retail Ltd|Active
Duncan's Convenience Store|85 Market Street, Fernhill,  QG15 1DJ|QG15 1DJ|Glenhaven|Convenience Store|Tobacco And Nicotine Vapour Products|Paterson Retail Ltd|Inactive
Daltoun Stores|74 Market Street, Daltoun,  QC12 6RL|QC12 6RL|Corriebeg|Other Retail|Tobacco Only|Daltoun Stores|Active
 Anderson Newsagents |165 King Street, Strathtoun,  QH37 4TN|QH37 4TN|Harlawmuir|Confectionary / Tobacconist / Newsagents|Tobacco And Nicotine Vapour Products|Anderson Newsagents|Active
MacLeod Mobile Shop|3 Queen Street, Kinwood,  QE5 8FU|QE5 8FU|Eskbrae|Mobile Trade|Tobacco And Nicotine Vapour Products|Paterson Retail Ltd|Active
 Strathwood Stores |101 Station Road, Strathwood,  QF6 1EU|QF6 1EU|Fallinmuir|Other Retail|Tobacco Only|Strathwood Stores|Inactive
Lochanfield Supermarket|145 Park Avenue, Lochanfield,  QF29 8WJ|QF29 8WJ|Fallinmuir|Supermarket and Other Retail Outlets|Tobacco Only|Lochanfield Supermarket|Active
Graham's Convenience Store|125 Main Street, Birkmuir,  QA22 5NS|QA22 5NS|Aldmoor|Convenience Store|Tobacco Only|Graham's Convenience Store|Active
Fernshaws Wines|81 Mill Lane, Fernshaws,  QF26 9AU|QF26 9AU|Fallinmuir|Off-Licence|Tobacco Only|Fernshaws Wines|Inactive
 Duncan's Convenience Store |151 Castle Street, Fernshaws,  QF26 5YB|QF26 5YB|Fallinmuir|Convenience Store|Tobacco Only|Duncan's Convenience Store|Active
Glenhill Service Station|58 Park Avenue, Glenhill,  QC11 6YX|QC11 6YX|Corriebeg|Forecourt Garage|Tobacco Only|Graham Retail Ltd|Active
Watt's Convenience Store|104 High Street, Strathwood,  QF6 1JX|QF6 1JX|Fallinmuir|Convenience Store|Tobacco And Nicotine Vapour Products|Watt's Convenience Store|Inactive
Anderson's Convenience Store|98 Castle Street, Rossmuir,  QF10 4QJ|QF10 4QJ|Fallinmuir|Convenience Store|Tobacco And Nicotine Vapour Products|Campbell Retail Ltd|Inactive
Paterson's Convenience Store|166 Market Street, Inverdale,  QF8 9HG|QF8 9HG|Fallinmuir|Convenience Store|Tobacco And Nicotine Vapour Products|Paterson's Convenience Store|Active
Watt's Convenience Store|14 Market Street, Inverhaugh,  QC32 9RN|QC32 9RN|Corriebeg|Convenience Store|Tobacco And Nicotine Vapour Products|Watt Retail Ltd|Active
Campbell Newsagents|64 High Street, Rossburn,  QD16 0AQ|QD16 0AQ|Drumlarach|Confectionary / Tobacconist / Newsagents|Tobacco And Nicotine Vapour Products|Campbell Newsagents|Active
Hamilton Mobile Shop|142 Castle Street, Balside,  QD38 6AE|QD38 6AE|Drumlarach|Mobile Trade|Tobacco Only|Hamilton Retail Ltd|Inactive
Ashpark Stores|113 School Road, Ashpark,  QC13 8XE|QC13 8XE|Corriebeg|Other Retail|Tobacco Only|Ashpark Stores|Active
Anderson's Convenience Store|161 Queen Street, Inverbrae,  QF8 4GF|QF8 4GF|Fallinmuir|Convenience Store|Tobacco Only|Anderson's Convenience Store|Active
Killaw Supermarket|170 Castle Street, Killaw,  QC34 9UF|QC34 9UF|Corriebeg|Supermarket and Other Retail Outlets|Tobacco And Nicotine Vapour Products|Killaw Supermarket|Active
Birkhaugh Stores|151 High Street, Birkhaugh,  QA23 8UH|QA23 8UH|Aldmoor|Other Retail|Tobacco And Nicotine Vapour Products|Lennox Retail Ltd|Active
The Fernmuir Arms|83 School Road, Fernmuir,  QE1 2NS|QE1 2NS|Eskbrae|Public House|Tobacco And Nicotine Vapour Products|Graham Retail Ltd|Active
Sinclair's Convenience Store|97 School Road, Inverwood,  QA22 3AU|QA22 3AU|Aldmoor|Convenience Store|Tobacco And Nicotine Vapour Products|Brown Retail Ltd|Inactive
Birkmuir Takeaway|18 Harbour Road, Birkmuir,  QA22 6RZ|QA22 6RZ|Aldmoor|Other Catering|Tobacco Only|Birkmuir Takeaway|Active
Anderson's Convenience Store|24 Mill Lane, Fernshaws,  QF26 5GX|QF26 5GX|Fallinmuir|Convenience Store|Tobacco Only|MacLeod Retail Ltd|Active
Craighaugh Wines|127 Queen Street, Craighaugh,  QH40 1DX|QH40 1DX|Harlawmuir|Off-Licence|Tobacco And Nicotine Vapour Products|Murray Retail Ltd|Active
Duncraig Wines|22 Main Street, Duncraig,  QG12 9GF|QG12 9GF|Glenhaven|Off-Licence|Tobacco Only|Duncraig Wines|Active
Newmains Stores|61 King Street, Newmains,  QD37 6SU|QD37 6SU|Drumlarach|Other Retail|Tobacco And Nicotine Vapour Products|Newmains Stores|Active
Dalgate Wines|77 King Street, Dalgate,  QH37 8YR|QH37 8YR|Harlawmuir|Off-Licence|Tobacco Only|Anderson Retail Ltd|Active
Rossshaws Wines|9 High Street, Rossshaws,  QC15 3US|QC15 3US|Corriebeg|Off-Licence|Tobacco Only|Rossshaws Wines|Active
Reid's Convenience Store|112 High Street, Strathgate,  QG13 5SE|QG13 5SE|Glenhaven|Convenience Store|Tobacco And Nicotine Vapour Products|Hamilton Retail Ltd|Active
Hamilton's Convenience Store|37 Church Street, Inverford,  QE25 9ES|QE25 9ES|Eskbrae|Convenience Store|Tobacco And Nicotine Vapour Products|Anderson Retail Ltd|Inactive
Campbell's Convenience Store|132 Market Street, Brancraig,  QC12 9FJ|QC12 9FJ|Corriebeg|Convenience Store|Tobacco And Nicotine Vapour Products|Campbell's Convenience Store|Active
Ferguson's Convenience Store|144 Mill Lane, Ashpark,  QC13 8BD|QC13 8BD|Corriebeg|Convenience Store|Tobacco Only|Watt Retail Ltd|Active
Campbell's Convenience Store|166 Park Avenue, Ashbank,  QD19 6ZT|QD19 6ZT|Drumlarach|Convenience Store|Tobacco And Nicotine Vapour Products|Reid Retail Ltd|Active
Rossford Service Station|120 Church Street, Rossford,  QD36 5GY|QD36 5GY|Drumlarach|Forecourt Garage|Tobacco Only|Rossford Service Station|Active
Dunmuir Hotel|15 Glebe Road, Dunmuir,  QG35 4TF|QG35 4TF|Glenhaven|Hotel|Tobacco And Nicotine Vapour Products|Dunmuir Hotel|Active
 The Whindale Arms |169 Mill Lane, Whindale,  QA24 1WL|QA24 1WL|Aldmoor|Public House|Tobacco And Nicotine Vapour Products|The Whindale Arms|Active
Dunside Stores|97 King Street, Dunside,  QH40 2FQ|QH40 2FQ|Harlawmuir|Other Retail|Tobacco And Nicotine Vapour Products|Dunside Stores|Active
The Birkwood Arms|77 Park Avenue, Birkwood,  QE25 3EH|QE25 3EH|Eskbrae|Public House|Tobacco Only|The Birkwood Arms|Active
Paterson's Convenience Store|17 High Street, Langfield,  QA24 7LB|QA24 7LB|Aldmoor|Convenience Store|Tobacco Only|Paterson's Convenience Store|Active
Brown's Convenience Store|44 Mill Lane, Melfield,  QB8 9PQ|QB8 9PQ|Brackenlaw|Convenience Store|Tobacco And Nicotine Vapour Products|Brown's Convenience Store|Active
Murray Mobile Shop|46 Queen Street, Torcraig,  QB27 2QR|QB27 2QR|Brackenlaw|Mobile Trade|Tobacco And Nicotine Vapour Products|Murray Mobile Shop|Active
Ashbrae Takeaway|152 Station Road, Ashbrae,  QF8 7JA|QF8 7JA|Fallinmuir|Other Catering|Tobacco And Nicotine Vapour Products|MacLeod Retail Ltd|Inactive
Kinbank Service Station|69 Queen Street, Kinbank,  QB29 7EE|QB29 7EE|Brackenlaw|Forecourt Garage|Tobacco Only|Kinbank Service Station|Active
Mellaw Stores|36 King Street, Mellaw,  QB30 0UP|QB30 0UP|Brackenlaw|Other Retail|Tobacco Only|Mellaw Stores|Inactive
MacLeod's Convenience Store|135 Main Street, Lochanshaws,  QE21 7GA|QE21 7GA|Eskbrae|Convenience Store|Tobacco Only|Anderson Retail Ltd|Active
Ashburn Stores|128 Church Street, Ashburn,  QE24 2WX|QE24 2WX|Eskbrae|Other Retail|Tobacco Only|Ashburn Stores|Active
Brown's Convenience Store|134 Castle Street, Fernholm,  QD38 5HL|QD38 5HL|Drumlarach|Convenience Store|Tobacco And Nicotine Vapour Products|MacLeod Retail Ltd|Active
Kerr's Convenience Store|17 Mill Lane, Rosspark,  QC35 4FL|QC35 4FL|Corriebeg|Convenience Store|Tobacco And Nicotine Vapour Products|Kerr's Convenience Store|Active
 Ferguson's Convenience Store |51 Castle Street, Kinlaw,  QE23 1FA|QE23 1FA|Eskbrae|Convenience Store|Tobacco Only|Ferguson's Convenience Store|Active
Inverpark Supermarket|125 Victoria Road, Inverpark,  QC31 7ER|QC31 7ER|Corriebeg|Supermarket and Other Retail Outlets|Tobacco Only|Campbell Retail Ltd|Active
 Dunlaw Takeaway |39 Glebe Road, Dunlaw,  QD36 7FW|QD36 7FW|Drumlarach|Other Catering|Tobacco Only|Watt Retail Ltd|Active
Birkwood Supermarket|73 Harbour Road, Birkwood,  QG14 7DR|QG14 7DR|Glenhaven|Supermarket and Other Retail Outlets|Tobacco Only|Birkwood Supermarket|Active
 Reid's Convenience Store |75 Market Street, Kinlea,  QG31 1BF|QG31 1BF|Glenhaven|Convenience Store|Tobacco And Nicotine Vapour Products|Reid's Convenience Store|Inactive
 The Ashpark Arms |79 Main Street, Ashpark,  QC13 3FJ|QC13 3FJ|Corriebeg|Public House|Tobacco Only|The Ashpark Arms|Active
 Inverpark Supermarket |150 Bridge Street, Inverpark,  QC31 0NU|QC31 0NU|Corriebeg|Supermarket and Other Retail Outlets|Tobacco Only|Inverpark Supermarket|Active
 The Torlaw Arms |176 Main Street, Torlaw,  QE21 9HN|QE21 9HN|Eskbrae|Public House|Tobacco And Nicotine Vapour Products|The Torlaw Arms|Active
Glenhill Service Station|110 Victoria Road, Glenhill,  QC11 2LR|QC11 2LR|Corriebeg|Forecourt Garage|Tobacco And Nicotine Vapour Products|Kerr Retail Ltd|Active
Anderson Newsagents|45 Station Road, Rosspark,  QC35 6ND|QC35 6ND|Corriebeg|Confectionary / Tobacconist / Newsagents|Tobacco Only|Anderson Newsagents|Active
 Lennox's Convenience Store |21 High Street, Langcraig,  QH37 4YA|QH37 4YA|Harlawmuir|Convenience Store|Tobacco Only|Murray Retail Ltd|Active
Langmains Wines|147 Market Street, Langmains,  QH38 9GH|QH38 9GH|Harlawmuir|Off-Licence|Tobacco And Nicotine Vapour Products|Langmains Wines|Active
Murray Newsagents|44 Church Street, Melgate,  QH39 1YS|QH39 1YS|Harlawmuir|Confectionary / Tobacconist / Newsagents|Tobacco And Nicotine Vapour Products|Murray Newsagents|Active
Kerr's Convenience Store|114 Harbour Road, Inverford,  QE24 8TZ|QE24 8TZ|Eskbrae|Convenience Store|Tobacco Only|Anderson Retail Ltd|Active
 Ferguson's Convenience Store |37 Glebe Road, Branhill,  QF27 4ZN|QF27 4ZN|Fallinmuir|Convenience Store|Tobacco And Nicotine Vapour Products|Murray Retail Ltd|Active
 Fernside Takeaway |126 King Street, Fernside,  QH39 6WN|QH39 6WN|Harlawmuir|Other Catering|Tobacco And Nicotine Vapour Products|Kerr Retail Ltd|Active
Ferguson Newsagents|4 Castle Street, Newdale,  QB8 5RP|QB8 5RP|Brackenlaw|Confectionary / Tobacconist / Newsagents|Tobacco Only|Ferguson Newsagents|Inactive
Graham's Convenience Store|27 Glebe Road, Rosslaw,  QD17 7LR|QD17 7LR|Drumlarach|Convenience Store|Tobacco Only|Graham's Convenience Store|Inactive
Craiggate Stores|112 Queen Street, Craiggate,  QF27 6LT|QF27 6LT|Fallinmuir|Other Retail|Tobacco Only|Sinclair Retail Ltd|Active
Brown Mobile Shop|117 Market Street, Langbank,  QF28 9LB|QF28 9LB|Fallinmuir|Mobile Trade|Tobacco Only|Duncan Retail Ltd|Active
Lennox's Convenience Store|137 Harbour Road, Strathholm,  QF6 1DZ|QF6 1DZ|Fallinmuir|Convenience Store|Tobacco Only|MacLeod Retail Ltd|Active
Sinclair's Convenience Store|117 Bridge Street, Inverbrae,  QF8 8ES|QF8 8ES|Fallinmuir|Convenience Store|Tobacco And Nicotine Vapour Products|Sinclair's Convenience Store|Active
Strathgate Stores|107 Harbour Road, Strathgate,  QG13 2SY|QG13 2SY|Glenhaven|Other Retail|Tobacco Only|Strathgate Stores|Active
Duncan Newsagents|61 Queen Street, Rossholm,  QG14 6GT|QG14 6GT|Glenhaven|Confectionary / Tobacconist / Newsagents|Tobacco Only|Duncan Retail Ltd|Active
The Branhaugh Arms|41 Station Road, Branhaugh,  QG11 9FD|QG11 9FD|Glenhaven|Public House|Tobacco Only|Kerr Retail Ltd|Active
The Strathholm Arms|5 King Street, Strathholm,  QF6 0YA|QF6 0YA|Fallinmuir|Public House|Tobacco Only|The Strathholm Arms|Active
The Balside Arms|111 School Road, Balside,  QG32 3JE|QG32 3JE|Glenhaven|Public House|Tobacco And Nicotine Vapour Products|The Balside Arms|Active
Graham's Convenience Store|155 Bridge Street, Craigbank,  QC31 0FU|QC31 0FU|Corriebeg|Convenience Store|Tobacco Only|Graham's Convenience Store|Active
 Brown's Convenience Store |119 Glebe Road, Rosslea,  QG11 7TE|QG11 7TE|Glenhaven|Convenience Store|Tobacco Only|Graham Retail Ltd|Active
Hamilton's Convenience Store|13 School Road, Glengate,  QA4 0YL|QA4 0YL|Aldmoor|Convenience Store|Tobacco And Nicotine Vapour Products|Hamilton's Convenience Store|Active
Reid's Convenience Store|165 Queen Street, Dalshaws,  QE23 9TF|QE23 9TF|Eskbrae|Convenience Store|Tobacco And Nicotine Vapour Products|Reid's Convenience Store|Active
Torgate Stores|155 Victoria Road, Torgate,  QC35 6LR|QC35 6LR|Corriebeg|Other Retail|Tobacco And Nicotine Vapour Products|Torgate Stores|Active
Ferguson Newsagents|100 Station Road, Dalshaws,  QE23 9LX|QE23 9LX|Eskbrae|Confectionary / Tobacconist / Newsagents|Tobacco Only|Ferguson Retail Ltd|Inactive
 Newshaws Stores |151 Queen Street, Newshaws,  QD16 4NT|QD16 4NT|Drumlarach|Other Retail|Tobacco And Nicotine Vapour Products|Murray Retail Ltd|Inactive
Whinpark Service Station|43 Church Street, Whinpark,  QB9 3GJ|QB9 3GJ|Brackenlaw|Forecourt Garage|Tobacco And Nicotine Vapour Products|Whinpark Service Station|Active
Sinclair's Convenience Store|68 Market Street, Strathtoun,  QH17 1GU|QH17 1GU|Harlawmuir|Convenience Store|Tobacco Only|Sinclair's Convenience Store|Active
Invermuir Supermarket|42 King Street, Invermuir,  QH36 7RQ|QH36 7RQ|Harlawmuir|Supermarket and Other Retail Outlets|Tobacco Only|Lennox Retail Ltd|Active
The Kilhaugh Arms|101 Queen Street, Kilhaugh,  QB6 7YH|QB6 7YH|Brackenlaw|Public House|Tobacco Only|Reid Retail Ltd|Active
Langford Hotel|20 School Road, Langford,  QB7 8GG|QB7 8GG|Brackenlaw|Hotel|Tobacco Only|MacLeod Retail Ltd|Inactive
Inverholm Wines|21 Bridge Street, Inverholm,  QD38 2XS|QD38 2XS|Drumlarach|Off-Licence|Tobacco And Nicotine Vapour Products|Watt Retail Ltd|Active
Hamilton Newsagents|66 Castle Street, Rossmains,  QF7 1FU|QF7 1FU|Fallinmuir|Confectionary / Tobacconist / Newsagents|Tobacco Only|Brown Retail Ltd|Active
 Rosspark Stores |90 Mill Lane, Rosspark,  QC35 6BG|QC35 6BG|Corriebeg|Other Retail|Tobacco Only|Rosspark Stores|Active
Brown's Convenience Store|147 High Street, Rossmains,  QF7 1WX|QF7 1WX|Fallinmuir|Convenience Store|Tobacco And Nicotine Vapour Products|Brown Retail Ltd|Active
Langtoun Stores|24 School Road, Langtoun,  QB10 1LH|QB10 1LH|Brackenlaw|Other Retail|Tobacco Only|Langtoun Stores|Active
Graham's Convenience Store|19 Market Street, Newside,  QD20 4XX|QD20 4XX|Drumlarach|Convenience Store|Tobacco And Nicotine Vapour Products|Graham's Convenience Store|Active
Newhaugh Supermarket|145 Mill Lane, Newhaugh,  QE21 8FP|QE21 8FP|Eskbrae|Supermarket and Other Retail Outlets|Tobacco Only|Newhaugh Supermarket|Active
Dunfield Stores|6 Castle Street, Dunfield,  QH49 3EH|QH49 3EH|Harlawmuir|Other Retail|Tobacco And Nicotine Vapour Products|Dunfield Stores|Active
Dungate Supermarket|92 Harbour Road, Dungate,  QD36 1GZ|QD36 1GZ|Drumlarach|Supermarket and Other Retail Outlets|Tobacco Only|Dungate Supermarket|Inactive
Whinpark Stores|98 Glebe Road, Whinpark,  QB9 9BS|QB9 9BS|Brackenlaw|Other Retail|Tobacco Only|Whinpark Stores|Active
Whinwood Wines|49 Bridge Street, Whinwood,  QD36 4NT|QD36 4NT|Drumlarach|Off-Licence|Tobacco Only|Graham Retail Ltd|Active
Ferguson Newsagents|64 Mill Lane, Meldale,  QC15 6AQ|QC15 6AQ|Corriebeg|Confectionary / Tobacconist / Newsagents|Tobacco Only|Ferguson Newsagents|Active
Anderson's Convenience Store|153 Bridge Street, Kilgate,  QA23 1PG|QA23 1PG|Aldmoor|Convenience Store|Tobacco And Nicotine Vapour Products|Anderson's Convenience Store|Active
Watt's Convenience Store|150 King Street, Torlaw,  QC32 0AE|QC32 0AE|Corriebeg|Convenience Store|Tobacco Only|Watt's Convenience Store|Active
Campbell's Convenience Store|108 Castle Street, Birkhaugh,  QA23 2NR|QA23 2NR|Aldmoor|Convenience Store|Tobacco And Nicotine Vapour Products|Campbell's Convenience Store|Active
Hamilton's Convenience Store|173 High Street, Branhaugh,  QE25 9UA|QE25 9UA|Eskbrae|Convenience Store|Tobacco And Nicotine Vapour Products|Graham Retail Ltd|Active
Duncan's Convenience Store|14 Park Avenue, Balburn,  QE23 4GN|QE23 4GN|Eskbrae|Convenience Store|Tobacco Only|Duncan's Convenience Store|Active
MacLeod's Convenience Store|178 Park Avenue, Torgate,  QC35 6PN|QC35 6PN|Corriebeg|Convenience Store|Tobacco Only|MacLeod's Convenience Store|Active
Kerr's Convenience Store|24 Glebe Road, Langburn,  QG13 6SQ|QG13 6SQ|Glenhaven|Convenience Store|Tobacco Only|Kerr's Convenience Store|Active
Langmains Supermarket|58 Mill Lane, Langmains,  QG13 0NT|QG13 0NT|Glenhaven|Supermarket and Other Retail Outlets|Tobacco Only|Brown Retail Ltd|Active
Balcraig Stores|175 Glebe Road, Balcraig,  QC14 0NL|QC14 0NL|Corriebeg|Other Retail|Tobacco And Nicotine Vapour Products|Balcraig Stores|Active
Kerr Newsagents|146 Mill Lane, Kilgate,  QA4 2RQ|QA4 2RQ|Aldmoor|Confectionary / Tobacconist / Newsagents|Tobacco Only|Anderson Retail Ltd|Active
Kerr's Convenience Store|1 Church Street, Strathwood,  QF6 1FW|QF6 1FW|Fallinmuir|Convenience Store|Tobacco Only|Kerr's Convenience Store|Inactive
Torlaw Hotel|105 Station Road, Torlaw,  QC32 0PY|QC32 0PY|Corriebeg|Hotel|Tobacco And Nicotine Vapour Products|Torlaw Hotel|Inactive
Melwood Supermarket|158 Victoria Road, Melwood,  QB29 3NJ|QB29 3NJ|Brackenlaw|Supermarket and Other Retail Outlets|Tobacco And Nicotine Vapour Products|Melwood Supermarket|Active
Campbell's Convenience Store|4 Victoria Road, Newmains,  QG11 8RT|QG11 8RT|Glenhaven|Convenience Store|Tobacco And Nicotine Vapour Products|Hamilton Retail Ltd|Active
Ferguson's Convenience Store|47 Queen Street, Dunbank,  QG13 9TX|QG13 9TX|Glenhaven|Convenience Store|Tobacco Only|Kerr Retail Ltd|Active
Newlea Supermarket|80 Castle Street, Newlea,  QE25 9UP|QE25 9UP|Eskbrae|Supermarket and Other Retail Outlets|Tobacco And Nicotine Vapour Products|Kerr Retail Ltd|Active
Lochanwood Takeaway|6 Market Street, Lochanwood,  QC34 9XA|QC34 9XA|Corriebeg|Other Catering|Tobacco And Nicotine Vapour Products|Paterson Retail Ltd|Active
Campbell's Convenience Store|2 Queen Street, Melburn,  QA21 5SR|QA21 5SR|Aldmoor|Convenience Store|Tobacco And Nicotine Vapour Products|Campbell's Convenience Store|Inactive
Duncan's Convenience Store|5 High Street, Kilfield,  QE5 5LG|QE5 5LG|Eskbrae|Convenience Store|Tobacco And Nicotine Vapour Products|Lennox Retail Ltd|Active
Reid's Convenience Store|22 High Street, Kilgate,  QA4 2RN|QA4 2RN|Aldmoor|Convenience Store|Tobacco Only|Sinclair Retail Ltd|Active
 Balpark Stores |93 King Street, Balpark,  QF28 6TD|QF28 6TD|Fallinmuir|Other Retail|Tobacco And Nicotine Vapour Products|Balpark Stores|Active
Duncan's Convenience Store|168 King Street, Langdale,  QE3 2LB|QE3 2LB|Eskbrae|Convenience Store|Tobacco Only|MacLeod Retail Ltd|Inactive
Murray Newsagents|153 Main Street, Rossshaws,  QC15 1ND|QC15 1ND|Corriebeg|Confectionary / Tobacconist / Newsagents|Tobacco Only|Murray Newsagents|Active
 Hamilton's Convenience Store |77 Main Street, Newbank,  QF10 2JT|QF10 2JT|Fallinmuir|Convenience Store|Tobacco Only|Hamilton's Convenience Store|Active
Watt's Convenience Store|142 Station Road, Dungate,  QD36 1QY|QD36 1QY|Drumlarach|Convenience Store|Tobacco Only|Watt's Convenience Store|Active
Kerr's Convenience Store|141 High Street, Langlea,  QA24 1BH|QA24 1BH|Aldmoor|Convenience Store|Tobacco And Nicotine Vapour Products|Murray Retail Ltd|Active
 Paterson's Convenience Store |31 King Street, Kilfield,  QE5 7EH|QE5 7EH|Eskbrae|Convenience Store|Tobacco Only|Anderson Retail Ltd|Active
Anderson's Convenience Store|98 Main Street, Whinlea,  QB10 4ZD|QB10 4ZD|Brackenlaw|Convenience Store|Tobacco Only|Anderson's Convenience Store|Active
Brown's Convenience Store|175 Harbour Road, Strathtoun,  QH37 3YL|QH37 3YL|Harlawmuir|Convenience Store|Tobacco Only|Brown's Convenience Store|Active
Glenside Wines|171 Harbour Road, Glenside,  QG31 2NZ|QG31 2NZ|Glenhaven|Off-Licence|Tobacco Only|Glenside Wines|Active
 Ashside Takeaway |174 Market Street, Ashside,  QC15 2SJ|QC15 2SJ|Corriebeg|Other Catering|Tobacco Only|Ashside Takeaway|Active
Murray's Convenience Store|111 Main Street, Langburn,  QG13 4JH|QG13 4JH|Glenhaven|Convenience Store|Tobacco Only|Murray's Convenience Store|Active
Anderson Newsagents|178 Glebe Road, Ashford,  QB9 4SQ|QB9 4SQ|Brackenlaw|Confectionary / Tobacconist / Newsagents|Tobacco Only|Anderson Newsagents|Active
Hamilton's Convenience Store|49 Castle Street, Birkwood,  QE25 3SD|QE25 3SD|Eskbrae|Convenience Store|Tobacco And Nicotine Vapour Products|Hamilton's Convenience Store|Inactive
Graham's Convenience Store|31 High Street, Langlea,  QB28 0EA|QB28 0EA|Brackenlaw|Convenience Store|Tobacco And Nicotine Vapour Products|Duncan Retail Ltd|Active
Murray's Convenience Store|150 Queen Street, Rosshill,  QA5 7EU|QA5 7EU|Aldmoor|Convenience Store|Tobacco And Nicotine Vapour Products|Murray's Convenience Store|Active
 Graham's Convenience Store |179 Bridge Street, Kildale,  QB9 4XH|QB9 4XH|Brackenlaw|Convenience Store|Tobacco Only|Graham's Convenience Store|Active
Sinclair Newsagents|80 Park Avenue, Balcraig,  QC14 0GS|QC14 0GS|Corriebeg|Confectionary / Tobacconist / Newsagents|Tobacco Only|Sinclair Newsagents|Active
Whinwood Service Station|116 School Road, Whinwood,  QD36 9GE|QD36 9GE|Drumlarach|Forecourt Garage|Tobacco Only|Reid Retail Ltd|Inactive
Brown's Convenience Store|37 High Street, Balpark,  QD39 1EA|QD39 1EA|Drumlarach|Convenience Store|Tobacco And Nicotine Vapour Products|Brown's Convenience Store|Active
 Melbrae Service Station |100 Main Street, Melbrae,  QB10 1AL|QB10 1AL|Brackenlaw|Forecourt Garage|Tobacco Only|Ferguson Retail Ltd|Inactive
 Inverdale Service Station |45 Castle Street, Inverdale,  QF8 9JY|QF8 9JY|Fallinmuir|Forecourt Garage|Tobacco And Nicotine Vapour Products|Inverdale Service Station|Active
 Watt's Convenience Store |112 Mill Lane, Glenpark,  QF6 0BY|QF6 0BY|Fallinmuir|Convenience Store|Tobacco And Nicotine Vapour Products|Watt's Convenience Store|Active
Ferguson's Convenience Store|26 School Road, Strathside,  QF26 4GL|QF26 4GL|Fallinmuir|Convenience Store|Tobacco And Nicotine Vapour Products|MacLeod Retail Ltd|Active
Sinclair's Convenience Store|159 Castle Street, Strathpark,  QH16 1ZF|QH16 1ZF|Harlawmuir|Convenience Store|Tobacco Only|Sinclair's Convenience Store|Active
The Whinfield Arms|99 Church Street, Whinfield,  QG13 9YP|QG13 9YP|Glenhaven|Public House|Tobacco And Nicotine Vapour Products|The Whinfield Arms|Active
The Dalshaws Arms|141 Main Street, Dalshaws,  QF10 8BN|QF10 8BN|Fallinmuir|Public House|Tobacco And Nicotine Vapour Products|The Dalshaws Arms|Inactive
Duncan's Convenience Store|38 Castle Street, Melburn,  QC34 4XA|QC34 4XA|Corriebeg|Convenience Store|Tobacco And Nicotine Vapour Products|Duncan's Convenience Store|Active
 Birkbrae Wines |42 Park Avenue, Birkbrae,  QA2 7NQ|QA2 7NQ|Aldmoor|Off-Licence|Tobacco And Nicotine Vapour Products|Birkbrae Wines|Active
The Melburn Arms|149 Victoria Road, Melburn,  QC34 6JF|QC34 6JF|Corriebeg|Public House|Tobacco Only|Graham Retail Ltd|Active
 Brown's Convenience Store |94 Harbour Road, Langlaw,  QC13 8HH|QC13 8HH|Corriebeg|Convenience Store|Tobacco Only|Brown's Convenience Store|Active
The Glengate Arms|167 High Street, Glengate,  QA4 3PZ|QA4 3PZ|Aldmoor|Public House|Tobacco Only|The Glengate Arms|Active
The Kinwood Arms|20 Market Street, Kinwood,  QC32 9EQ|QC32 9EQ|Corriebeg|Public House|Tobacco Only|The Kinwood Arms|Active
Ashbank Supermarket|4 Station Road, Ashbank,  QG15 1ZZ|QG15 1ZZ|Glenhaven|Supermarket and Other Retail Outlets|Tobacco And Nicotine Vapour Products|Graham Retail Ltd|Inactive
Graham's Convenience Store|114 Mill Lane, Tormuir,  QC12 5PX|QC12 5PX|Corriebeg|Convenience Store|Tobacco Only|Graham's Convenience Store|Active
Paterson's Convenience Store|170 Station Road, Dunmains,  QG33 2GJ|QG33 2GJ|Glenhaven|Convenience Store|Tobacco And Nicotine Vapour Products|Paterson's Convenience Store|Active
Paterson's Convenience Store|169 Station Road, Strathlea,  QF9 2BN|QF9 2BN|Fallinmuir|Convenience Store|Tobacco And Nicotine Vapour Products|Paterson's Convenience Store|Inactive
Kilhill Service Station|33 Mill Lane, Kilhill,  QA25 2NT|QA25 2NT|Aldmoor|Forecourt Garage|Tobacco And Nicotine Vapour Products|Anderson Retail Ltd|Active
Anderson's Convenience Store|73 Castle Street, Craigbank,  QC31 1EX|QC31 1EX|Corriebeg|Convenience Store|Tobacco And Nicotine Vapour Products|Lennox Retail Ltd|Active
Craiggate Service Station|113 Market Street, Craiggate,  QF27 0ZH|QF27 0ZH|Fallinmuir|Forecourt Garage|Tobacco And Nicotine Vapour Products|Duncan Retail Ltd|Active
Reid's Convenience Store|37 Glebe Road, Whinfield,  QD40 1BG|QD40 1BG|Drumlarach|Convenience Store|Tobacco Only|Kerr Retail Ltd|Inactive
Campbell's Convenience Store|77 Harbour Road, Whinlea,  QB10 8YB|QB10 8YB|Brackenlaw|Convenience Store|Tobacco Only|Campbell's Convenience Store|Active
Torside Supermarket|57 Park Avenue, Torside,  QF6 9XJ|QF6 9XJ|Fallinmuir|Supermarket and Other Retail Outlets|Tobacco Only|Torside Supermarket|Inactive
Sinclair's Convenience Store|36 Market Street, Dalmuir,  QD16 0PS|QD16 0PS|Drumlarach|Convenience Store|Tobacco Only|MacLeod Retail Ltd|Active
The Dunbrae Arms|31 Mill Lane, Dunbrae,  QE1 3NL|QE1 3NL|Eskbrae|Public House|Tobacco Only|Duncan Retail Ltd|Inactive
Ballaw Stores|164 Victoria Road, Ballaw,  QF7 4ZL|QF7 4ZL|Fallinmuir|Other Retail|Tobacco And Nicotine Vapour Products|Graham Retail Ltd|Active
Langholm Stores|42 King Street, Langholm,  QH39 5RX|QH39 5RX|Harlawmuir|Other Retail|Tobacco And Nicotine Vapour Products|Langholm Stores|Active
 Torgate Wines |178 Harbour Road, Torgate,  QC35 5FR|QC35 5FR|Corriebeg|Off-Licence|Tobacco Only|Kerr Retail Ltd|Active
Craigbank Hotel|79 Church Street, Craigbank,  QC31 0ZS|QC31 0ZS|Corriebeg|Hotel|Tobacco And Nicotine Vapour Products|Craigbank Hotel|Active
Hamilton's Convenience Store|41 School Road, Ashpark,  QG32 0YX|QG32 0YX|Glenhaven|Convenience Store|Tobacco Only|Paterson Retail Ltd|Inactive
Newlea Service Station|121 King Street, Newlea,  QE25 9BQ|QE25 9BQ|Eskbrae|Forecourt Garage|Tobacco Only|Murray Retail Ltd|Active
Murray Mobile Shop|168 Victoria Road, Dalshaws,  QB26 6RT|QB26 6RT|Brackenlaw|Mobile Trade|Tobacco And Nicotine Vapour Products|Murray Mobile Shop|Active
Graham's Convenience Store|114 Market Street, Dunmains,  QG33 0HP|QG33 0HP|Glenhaven|Convenience Store|Tobacco Only|Graham's Convenience Store|Active
Watt's Convenience Store|19 Park Avenue, Birkfield,  QF8 6AU|QF8 6AU|Fallinmuir|Convenience Store|Tobacco And Nicotine Vapour Products|Watt's Convenience Store|Active
The Fernshaws Arms|97 Bridge Street, Fernshaws,  QF26 3XR|QF26 3XR|Fallinmuir|Public House|Tobacco Only|Campbell Retail Ltd|Active
Torhill Takeaway|69 High Street, Torhill,  QC33 6RJ|QC33 6RJ|Corriebeg|Other Catering|Tobacco And Nicotine Vapour Products|Torhill Takeaway|Active
Sinclair Newsagents|128 Glebe Road, Melburn,  QC34 0YX|QC34 0YX|Corriebeg|Confectionary / Tobacconist / Newsagents|Tobacco Only|MacLeod Retail Ltd|Active
Torgate Supermarket|81 Glebe Road, Torgate,  QC35 6LW|QC35 6LW|Corriebeg|Supermarket and Other Retail Outlets|Tobacco Only|Reid Retail Ltd|Active
Sinclair's Convenience Store|120 Bridge Street, Newshaws,  QD16 4UG|QD16 4UG|Drumlarach|Convenience Store|Tobacco Only|Sinclair's Convenience Store|Active
Campbell's Convenience Store|22 Queen Street, Melburn,  QC34 4DT|QC34 4DT|Corriebeg|Convenience Store|Tobacco Only|Campbell's Convenience Store|Active
The Torhill Arms|148 Park Avenue, Torhill,  QC33 5ED|QC33 5ED|Corriebeg|Public House|Tobacco And Nicotine Vapour Products|Kerr Retail Ltd|Active
Melshaws Stores|113 Mill Lane, Melshaws,  QA3 8LF|QA3 8LF|Aldmoor|Other Retail|Tobacco Only|Watt Retail Ltd|Active
Reid's Convenience Store|38 High Street, Kinshaws,  QC31 0DY|QC31 0DY|Corriebeg|Convenience Store|Tobacco And Nicotine Vapour Products|Watt Retail Ltd|Active
Sinclair's Convenience Store|91 Park Avenue, Torbank,  QH18 3ZE|QH18 3ZE|Harlawmuir|Convenience Store|Tobacco Only|Ferguson Retail Ltd|Active
The Craigtoun Arms|38 Main Street, Craigtoun,  QD20 0YQ|QD20 0YQ|Drumlarach|Public House|Tobacco And Nicotine Vapour Products|The Craigtoun Arms|Active
Balholm Takeaway|3 Church Street, Balholm,  QE4 2LG|QE4 2LG|Eskbrae|Other Catering|Tobacco Only|Balholm Takeaway|Inactive
 Dunholm Wines |6 School Road, Dunholm,  QF10 0HU|QF10 0HU|Fallinmuir|Off-Licence|Tobacco And Nicotine Vapour Products|Dunholm Wines|Active
Lochanwood Supermarket|134 Glebe Road, Lochanwood,  QC34 7LY|QC34 7LY|Corriebeg|Supermarket and Other Retail Outlets|Tobacco And Nicotine Vapour Products|Lochanwood Supermarket|Active
Craighill Hotel|57 Castle Street, Craighill,  QC35 3UN|QC35 3UN|Corriebeg|Hotel|Tobacco Only|MacLeod Retail Ltd|Inactive
Duncan's Convenience Store|58 Castle Street, Whinhaugh,  QH38 6TF|QH38 6TF|Harlawmuir|Convenience Store|Tobacco Only|Kerr Retail Ltd|Active
Langbank Service Station|91 School Road, Langbank,  QE5 5HY|QE5 5HY|Eskbrae|Forecourt Garage|Tobacco And Nicotine Vapour Products|Graham Retail Ltd|Active
Kerr's Convenience Store|113 Market Street, Langtoun,  QC15 4FE|QC15 4FE|Corriebeg|Convenience Store|Tobacco And Nicotine Vapour Products|Hamilton Retail Ltd|Active
 Duncan's Convenience Store |61 Mill Lane, Newbank,  QA25 9RY|QA25 9RY|Aldmoor|Convenience Store|Tobacco Only|Duncan Retail Ltd|Active
Strathmuir Supermarket|153 Queen Street, Strathmuir,  QH19 0ER|QH19 0ER|Harlawmuir|Supermarket and Other Retail Outlets|Tobacco Only|Strathmuir Supermarket|Inactive
Sinclair Newsagents|137 Queen Street, Melbrae,  QB10 0AY|QB10 0AY|Brackenlaw|Confectionary / Tobacconist / Newsagents|Tobacco Only|Sinclair Newsagents|Active
Birkshaws Supermarket|32 Queen Street, Birkshaws,  QH17 9QP|QH17 9QP|Harlawmuir|Supermarket and Other Retail Outlets|Tobacco Only|Birkshaws Supermarket|Active
The Craigbank Arms|23 Bridge Street, Craigbank,  QC14 6GE|QC14 6GE|Corriebeg|Public House|Tobacco Only|The Craigbank Arms|Active
Inverwood Stores|62 Park Avenue, Inverwood,  QA22 7LY|QA22 7LY|Aldmoor|Other Retail|Tobacco Only|Inverwood Stores|Active
Kerr Newsagents|7 King Street, Rosslaw,  QH39 9LD|QH39 9LD|Harlawmuir|Confectionary / Tobacconist / Newsagents|Tobacco And Nicotine Vapour Products|Kerr Newsagents|Inactive
Duncan's Convenience Store|141 Victoria Road, Newmuir,  QE1 1LH|QE1 1LH|Eskbrae|Convenience Store|Tobacco And Nicotine Vapour Products|Duncan's Convenience Store|Inactive
Kilgate Service Station|17 Castle Street, Kilgate,  QA4 6GB|QA4 6GB|Aldmoor|Forecourt Garage|Tobacco And Nicotine Vapour Products|Kilgate Service Station|Inactive
Balpark Wines|76 High Street, Balpark,  QD39 0RA|QD39 0RA|Drumlarach|Off-Licence|Tobacco And Nicotine Vapour Products|Balpark Wines|Active
 Torburn Wines |92 Bridge Street, Torburn,  QG32 5AN|QG32 5AN|Glenhaven|Off-Licence|Tobacco And Nicotine Vapour Products|MacLeod Retail Ltd|Inactive
Murray Newsagents|120 School Road, Ashlaw,  QH16 5XP|QH16 5XP|Harlawmuir|Confectionary / Tobacconist / Newsagents|Tobacco Only|Murray Newsagents|Active
Anderson's Convenience Store|74 Castle Street, Rossgate,  QA23 1NU|QA23 1NU|Aldmoor|Convenience Store|Tobacco Only|Anderson's Convenience Store|Active
 Duncan's Convenience Store |61 Mill Lane, Branhill,  QF27 4YX|QF27 4YX|Fallinmuir|Convenience Store|Tobacco Only|Duncan's Convenience Store|Active
 Brangate Supermarket |133 Market Street, Brangate,  QB29 5UN|QB29 5UN|Brackenlaw|Supermarket and Other Retail Outlets|Tobacco Only|Brangate Supermarket|Inactive
Whinwood Stores|141 Bridge Street, Whinwood,  QD36 1UX|QD36 1UX|Drumlarach|Other Retail|Tobacco Only|Whinwood Stores|Inactive
Lennox's Convenience Store|51 High Street, Kilhill,  QA25 2WE|QA25 2WE|Aldmoor|Convenience Store|Tobacco And Nicotine Vapour Products|Lennox's Convenience Store|Active
Hamilton Mobile Shop|59 King Street, Ashpark,  QC13 8XW|QC13 8XW|Corriebeg|Mobile Trade|Tobacco Only|Hamilton Mobile Shop|Inactive
Ferguson's Convenience Store|62 Market Street, Ashdale,  QE4 1GJ|QE4 1GJ|Eskbrae|Convenience Store|Tobacco Only|Ferguson's Convenience Store|Active
Strathholm Service Station|103 Bridge Street, Strathholm,  QE22 1YT|QE22 1YT|Eskbrae|Forecourt Garage|Tobacco Only|Strathholm Service Station|Active
 Melshaws Service Station |107 King Street, Melshaws,  QA3 8GE|QA3 8GE|Aldmoor|Forecourt Garage|Tobacco And Nicotine Vapour Products|Melshaws Service Station|Active
Duncan Newsagents|4 Church Street, Langlaw,  QG34 3WG|QG34 3WG|Glenhaven|Confectionary / Tobacconist / Newsagents|Tobacco And Nicotine Vapour Products|Duncan Newsagents|Inactive
Strathgate Service Station|10 Harbour Road, Strathgate,  QG13 2ZX|QG13 2ZX|Glenhaven|Forecourt Garage|Tobacco And Nicotine Vapour Products|Duncan Retail Ltd|Active
 Dalmuir Hotel |64 Mill Lane, Dalmuir,  QD16 2ET|QD16 2ET|Drumlarach|Hotel|Tobacco And Nicotine Vapour Products|Dalmuir Hotel|Active
 Ashside Wines |45 High Street, Ashside,  QH17 9LR|QH17 9LR|Harlawmuir|Off-Licence|Tobacco And Nicotine Vapour Products|Ashside Wines|Inactive
 Ferguson's Convenience Store |175 School Road, Lochanbrae,  QF30 1ZL|QF30 1ZL|Fallinmuir|Convenience Store|Tobacco And Nicotine Vapour Products|Ferguson's Convenience Store|Active
 MacLeod's Convenience Store |142 Station Road, Fernlea,  QC13 1ET|QC13 1ET|Corriebeg|Convenience Store|Tobacco And Nicotine Vapour Products|MacLeod's Convenience Store|Active
Fernside Stores|81 Castle Street, Fernside,  QH39 1PA|QH39 1PA|Harlawmuir|Other Retail|Tobacco Only|Fernside Stores|Inactive
 Kerr's Convenience Store |60 Market Street, Torlaw,  QC33 9WL|QC33 9WL|Corriebeg|Convenience Store|Tobacco Only|Murray Retail Ltd|Inactive
Langtoun Supermarket|91 Park Avenue, Langtoun,  QA22 8UX|QA22 8UX|Aldmoor|Supermarket and Other Retail Outlets|Tobacco And Nicotine Vapour Products|Langtoun Supermarket|Active
Campbell's Convenience Store|9 Market Street, Strathpark,  QH16 3AP|QH16 3AP|Harlawmuir|Convenience Store|Tobacco Only|Campbell's Convenience Store|Active
The Fernshaws Arms|159 Market Street, Fernshaws,  QF26 9LB|QF26 9LB|Fallinmuir|Public House|Tobacco And Nicotine Vapour Products|The Fernshaws Arms|Active
Campbell's Convenience Store|65 Park Avenue, Melburn,  QC34 6ZX|QC34 6ZX|Corriebeg|Convenience Store|Tobacco And Nicotine Vapour Products|Campbell Retail Ltd|Active
Paterson Newsagents|101 Glebe Road, Dalford,  QF26 3NB|QF26 3NB|Fallinmuir|Confectionary / Tobacconist / Newsagents|Tobacco And Nicotine Vapour Products|Paterson Newsagents|Active
Fernlea Stores|28 King Street, Fernlea,  QB8 1TS|QB8 1TS|Brackenlaw|Other Retail|Tobacco Only|Fernlea Stores|Active
Newshaws Supermarket|114 Main Street, Newshaws,  QA4 6AZ|QA4 6AZ|Aldmoor|Supermarket and Other Retail Outlets|Tobacco Only|Lennox Retail Ltd|Active
The Lochanford Arms|8 Market Street, Lochanford,  QB7 5GX|QB7 5GX|Brackenlaw|Public House|Tobacco And Nicotine Vapour Products|MacLeod Retail Ltd|Active
Mellaw Supermarket|73 Main Street, Mellaw,  QE3 9JU|QE3 9JU|Eskbrae|Supermarket and Other Retail Outlets|Tobacco Only|Mellaw Supermarket|Active
Anderson Newsagents|122 Queen Street, Melcraig,  QA22 0UH|QA22 0UH|Aldmoor|Confectionary / Tobacconist / Newsagents|Tobacco Only|Graham Retail Ltd|Inactive
Birklaw Wines|60 Market Street, Birklaw,  QD40 4RH|QD40 4RH|Drumlarach|Off-Licence|Tobacco Only|Birklaw Wines|Active
Graham Mobile Shop|38 School Road, Melburn,  QA21 5XE|QA21 5XE|Aldmoor|Mobile Trade|Tobacco And Nicotine Vapour Products|Graham Mobile Shop|Inactive
 The Langford Arms |105 School Road, Langford,  QD37 1LY|QD37 1LY|Drumlarach|Public House|Tobacco Only|The Langford Arms|Active
Torgate Wines|43 King Street, Torgate,  QC35 6NL|QC35 6NL|Corriebeg|Off-Licence|Tobacco And Nicotine Vapour Products|Torgate Wines|Active
Hamilton's Convenience Store|45 Glebe Road, Ferntoun,  QG15 6FA|QG15 6FA|Glenhaven|Convenience Store|Tobacco And Nicotine Vapour Products|Kerr Retail Ltd|Active
Kinhaugh Wines|106 Church Street, Kinhaugh,  QG15 4BF|QG15 4BF|Glenhaven|Off-Licence|Tobacco Only|Paterson Retail Ltd|Active
The Dalshaws Arms|124 Station Road, Dalshaws,  QF10 5UA|QF10 5UA|Fallinmuir|Public House|Tobacco Only|The Dalshaws Arms|Active
Balpark Supermarket|125 Mill Lane, Balpark,  QD39 0ST|QD39 0ST|Drumlarach|Supermarket and Other Retail Outlets|Tobacco Only|Kerr Retail Ltd|Active
The Fernmains Arms|94 Church Street, Fernmains,  QF26 8YS|QF26 8YS|Fallinmuir|Public House|Tobacco Only|The Fernmains Arms|Active
Reid's Convenience Store|81 Station Road, Melcraig,  QH19 2UT|QH19 2UT|Harlawmuir|Convenience Store|Tobacco And Nicotine Vapour Products|Reid's Convenience Store|Inactive
Reid Newsagents|3 High Street, Lochanpark,  QA5 6ZW|QA5 6ZW|Aldmoor|Confectionary / Tobacconist / Newsagents|Tobacco And Nicotine Vapour Products|Reid Newsagents|Inactive
Paterson's Convenience Store|156 Queen Street, Langdale,  QE3 5TB|QE3 5TB|Eskbrae|Convenience Store|Tobacco And Nicotine Vapour Products|Paterson's Convenience Store|Active
Strathpark Supermarket|5 Castle Street, Strathpark,  QF8 6RS|QF8 6RS|Fallinmuir|Supermarket and Other Retail Outlets|Tobacco And Nicotine Vapour Products|Brown Retail Ltd|Active
MacLeod Newsagents|95 Church Street, Dalshaws,  QB26 6ZZ|QB26 6ZZ|Brackenlaw|Confectionary / Tobacconist / Newsagents|Tobacco Only|MacLeod Newsagents|Inactive
The Melcraig Arms|144 Mill Lane, Melcraig,  QA22 0JZ|QA22 0JZ|Aldmoor|Public House|Tobacco Only|The Melcraig Arms|Active
The Craigholm Arms|66 Queen Street, Craigholm,  QG34 6AQ|QG34 6AQ|Glenhaven|Public House|Tobacco And Nicotine Vapour Products|The Craigholm Arms|Active
The Strathlaw Arms|117 Glebe Road, Strathlaw,  QB10 0WR|QB10 0WR|Brackenlaw|Public House|Tobacco Only|The Strathlaw Arms|Active
Ferguson's Convenience Store|66 King Street, Dalford,  QF26 9XD|QF26 9XD|Fallinmuir|Convenience Store|Tobacco And Nicotine Vapour Products|Ferguson's Convenience Store|Active
 Newlaw Stores |99 Station Road, Newlaw,  QA23 8RX|QA23 8RX|Aldmoor|Other Retail|Tobacco Only|Brown Retail Ltd|Active
The Strathfield Arms|49 School Road, Strathfield,  QB30 7EE|QB30 7EE|Brackenlaw|Public House|Tobacco And Nicotine Vapour Products|The Strathfield Arms|Active
 Dunfield Stores |86 Mill Lane, Dunfield,  QC32 1QY|QC32 1QY|Corriebeg|Other Retail|Tobacco And Nicotine Vapour Products|Dunfield Stores|Active
Duncan Newsagents|48 Victoria Road, Branmains,  QH36 7AD|QH36 7AD|Harlawmuir|Confectionary / Tobacconist / Newsagents|Tobacco And Nicotine Vapour Products|Duncan Newsagents|Inactive
Kinlaw Stores|57 Mill Lane, Kinlaw,  QE23 8BX|QE23 8BX|Eskbrae|Other Retail|Tobacco And Nicotine Vapour Products|Graham Retail Ltd|Active
The Langburn Arms|5 Harbour Road, Langburn,  QG13 6ND|QG13 6ND|Glenhaven|Public House|Tobacco Only|The Langburn Arms|Active
 Sinclair's Convenience Store |115 School Road, Inverlea,  QD37 9DT|QD37 9DT|Drumlarach|Convenience Store|Tobacco And Nicotine Vapour Products|MacLeod Retail Ltd|Inactive
The Strathdale Arms|114 King Street, Strathdale,  QE24 5LB|QE24 5LB|Eskbrae|Public House|Tobacco Only|Lennox Retail Ltd|Inactive
Reid's Convenience Store|177 Bridge Street, Kinburn,  QE2 7BL|QE2 7BL|Eskbrae|Convenience Store|Tobacco And Nicotine Vapour Products|Reid's Convenience Store|Active
The Dalmains Arms|13 Bridge Street, Dalmains,  QF7 4LT|QF7 4LT|Fallinmuir|Public House|Tobacco And Nicotine Vapour Products|Campbell Retail Ltd|Inactive
 Newlea Supermarket |147 Harbour Road, Newlea,  QE25 2SR|QE25 2SR|Eskbrae|Supermarket and Other Retail Outlets|Tobacco Only|Newlea Supermarket|Active
Duncan Newsagents|130 High Street, Whinhaugh,  QA3 3SR|QA3 3SR|Aldmoor|Confectionary / Tobacconist / Newsagents|Tobacco And Nicotine Vapour Products|Duncan Newsagents|Active
Balburn Takeaway|87 Mill Lane, Balburn,  QE23 7UE|QE23 7UE|Eskbrae|Other Catering|Tobacco Only|Ferguson Retail Ltd|Inactive
 Tormuir Stores |137 Church Street, Tormuir,  QC12 1DD|QC12 1DD|Corriebeg|Other Retail|Tobacco Only|Graham Retail Ltd|Active
Campbell's Convenience Store|115 Queen Street, Rosspark,  QC35 6GR|QC35 6GR|Corriebeg|Convenience Store|Tobacco Only|MacLeod Retail Ltd|Active
 The Birkcraig Arms |83 King Street, Birkcraig,  QB26 2RA|QB26 2RA|Brackenlaw|Public House|Tobacco And Nicotine Vapour Products|The Birkcraig Arms|Active
Campbell's Convenience Store|2 Victoria Road, Ashbank,  QD19 4HY|QD19 4HY|Drumlarach|Convenience Store|Tobacco And Nicotine Vapour Products|Campbell's Convenience Store|Active
Murray Newsagents|39 Market Street, Invercraig,  QH18 3DS|QH18 3DS|Harlawmuir|Confectionary / Tobacconist / Newsagents|Tobacco And Nicotine Vapour Products|Murray Newsagents|Active
Branbrae Wines|129 School Road, Branbrae,  QH36 0AU|QH36 0AU|Harlawmuir|Off-Licence|Tobacco Only|Branbrae Wines|Active
Lochanwood Takeaway|62 Park Avenue, Lochanwood,  QC34 9AZ|QC34 9AZ|Corriebeg|Other Catering|Tobacco Only|Lochanwood Takeaway|Active
Dalford Supermarket|51 Market Street, Dalford,  QF26 3BZ|QF26 3BZ|Fallinmuir|Supermarket and Other Retail Outlets|Tobacco Only|Dalford Supermarket|Active
 Sinclair's Convenience Store |76 Castle Street, Whinbrae,  QD39 7ST|QD39 7ST|Drumlarach|Convenience Store|Tobacco And Nicotine Vapour Products|Sinclair's Convenience Store|Active
Watt Newsagents|177 Castle Street, Dallaw,  QD39 1NT|QD39 1NT|Drumlarach|Confectionary / Tobacconist / Newsagents|Tobacco Only|Kerr Retail Ltd|Active
MacLeod's Convenience Store|44 Mill Lane, Lochanwood,  QC34 0JT|QC34 0JT|Corriebeg|Convenience Store|Tobacco And Nicotine Vapour Products|Sinclair Retail Ltd|Active
Fernshaws Stores|94 High Street, Fernshaws,  QF26 4HR|QF26 4HR|Fallinmuir|Other Retail|Tobacco Only|Graham Retail Ltd|Active
Sinclair's Convenience Store|87 High Street, Kilhaugh,  QB6 0GQ|QB6 0GQ|Brackenlaw|Convenience Store|Tobacco Only|Sinclair's Convenience Store|Active
 Fernshaws Takeaway |99 High Street, Fernshaws,  QF26 4DG|QF26 4DG|Fallinmuir|Other Catering|Tobacco Only|Murray Retail Ltd|Active
Anderson's Convenience Store|146 Market Street, Langdale,  QA5 3BB|QA5 3BB|Aldmoor|Convenience Store|Tobacco And Nicotine Vapour Products|Anderson's Convenience Store|Active
 Brangate Supermarket |170 Church Street, Brangate,  QB29 0JE|QB29 0JE|Brackenlaw|Supermarket and Other Retail Outlets|Tobacco And Nicotine Vapour Products|Brangate Supermarket|Active
Craigbank Stores|96 Market Street, Craigbank,  QC31 1AR|QC31 1AR|Corriebeg|Other Retail|Tobacco Only|Craigbank Stores|Active
The Rossbank Arms|149 Queen Street, Rossbank,  QC13 9EA|QC13 9EA|Corriebeg|Public House|Tobacco Only|The Rossbank Arms|Inactive
Watt's Convenience Store|140 Main Street, Ashshaws,  QB27 2PQ|QB27 2PQ|Brackenlaw|Convenience Store|Tobacco And Nicotine Vapour Products|Watt's Convenience Store|Inactive
Kerr Newsagents|154 Park Avenue, Balside,  QG32 3RR|QG32 3RR|Glenhaven|Confectionary / Tobacconist / Newsagents|Tobacco And Nicotine Vapour Products|Kerr Newsagents|Active
Brangate Takeaway|1 Main Street, Brangate,  QB29 4RU|QB29 4RU|Brackenlaw|Other Catering|Tobacco And Nicotine Vapour Products|Brangate Takeaway|Active
Ferguson Newsagents|120 Main Street, Craigtoun,  QD20 3QF|QD20 3QF|Drumlarach|Confectionary / Tobacconist / Newsagents|Tobacco Only|Reid Retail Ltd|Active
Duncan Newsagents|26 Church Street, Torcraig,  QE1 0QR|QE1 0QR|Eskbrae|Confectionary / Tobacconist / Newsagents|Tobacco And Nicotine Vapour Products|Ferguson Retail Ltd|Active
Birkpark Wines|173 Glebe Road, Birkpark,  QG32 2FP|QG32 2FP|Glenhaven|Off-Licence|Tobacco And Nicotine Vapour Products|MacLeod Retail Ltd|Active
Anderson's Convenience Store|167 Glebe Road, Whindale,  QB29 4HW|QB29 4HW|Brackenlaw|Convenience Store|Tobacco And Nicotine Vapour Products|Anderson's Convenience Store|Inactive
Ferguson Newsagents|97 Church Street, Rosshill,  QF30 0HN|QF30 0HN|Fallinmuir|Confectionary / Tobacconist / Newsagents|Tobacco And Nicotine Vapour Products|Ferguson Newsagents|Active
 Kerr's Convenience Store |47 School Road, Baltoun,  QH16 6SS|QH16 6SS|Harlawmuir|Convenience Store|Tobacco And Nicotine Vapour Products|Kerr's Convenience Store|Active
Dalmuir Stores|122 Park Avenue, Dalmuir,  QD16 2WU|QD16 2WU|Drumlarach|Other Retail|Tobacco And Nicotine Vapour Products|Brown Retail Ltd|Active
Langburn Service Station|122 Station Road, Langburn,  QG13 3ZS|QG13 3ZS|Glenhaven|Forecourt Garage|Tobacco Only|Langburn Service Station|Active
Langlea Service Station|65 Church Street, Langlea,  QB28 5TY|QB28 5TY|Brackenlaw|Forecourt Garage|Tobacco Only|Kerr Retail Ltd|Active
Craigtoun Wines|6 Mill Lane, Craigtoun,  QD20 7XU|QD20 7XU|Drumlarach|Off-Licence|Tobacco Only|Craigtoun Wines|Inactive
Langlea Wines|100 King Street, Langlea,  QB28 5BW|QB28 5BW|Brackenlaw|Off-Licence|Tobacco Only|Reid Retail Ltd|Active
Whinshaws Stores|99 Main Street, Whinshaws,  QC35 3UB|QC35 3UB|Corriebeg|Other Retail|Tobacco And Nicotine Vapour Products|Whinshaws Stores|Active
 Campbell's Convenience Store |107 Castle Street, Kilfield,  QE5 7JY|QE5 7JY|Eskbrae|Convenience Store|Tobacco Only|Campbell's Convenience Store|Active
Brown Newsagents|23 Queen Street, Dungate,  QH19 8QW|QH19 8QW|Harlawmuir|Confectionary / Tobacconist / Newsagents|Tobacco Only|Ferguson Retail Ltd|Inactive
Brown's Convenience Store|145 Station Road, Rosspark,  QC35 4GL|QC35 4GL|Corriebeg|Convenience Store|Tobacco And Nicotine Vapour Products|Ferguson Retail Ltd|Inactive
Lennox's Convenience Store|32 Queen Street, Birkwood,  QG14 7ZB|QG14 7ZB|Glenhaven|Convenience Store|Tobacco And Nicotine Vapour Products|Lennox's Convenience Store|Inactive
Campbell's Convenience Store|1 Victoria Road, Kildale,  QB9 4FF|QB9 4FF|Brackenlaw|Convenience Store|Tobacco Only|Campbell's Convenience Store|Active
Graham Mobile Shop|82 Victoria Road, Torholm,  QA21 4NY|QA21 4NY|Aldmoor|Mobile Trade|Tobacco Only|Graham Mobile Shop|Active
Lennox Mobile Shop|168 Castle Street, Kilhaugh,  QB6 8TH|QB6 8TH|Brackenlaw|Mobile Trade|Tobacco Only|Lennox Mobile Shop|Active
Hamilton's Convenience Store|53 High Street, Torburn,  QG12 1PG|QG12 1PG|Glenhaven|Convenience Store|Tobacco Only|Hamilton's Convenience Store|Active
Brown Newsagents|55 Glebe Road, Newbank,  QF10 2HE|QF10 2HE|Fallinmuir|Confectionary / Tobacconist / Newsagents|Tobacco Only|Brown Newsagents|Active
The Mellaw Arms|125 Victoria Road, Mellaw,  QB30 2DD|QB30 2DD|Brackenlaw|Public House|Tobacco Only|The Mellaw Arms|Inactive
Ferncraig Wines|46 Station Road, Ferncraig,  QC13 5HF|QC13 5HF|Corriebeg|Off-Licence|Tobacco Only|Ferncraig Wines|Active
 Dalshaws Stores |57 Queen Street, Dalshaws,  QE23 9HL|QE23 9HL|Eskbrae|Other Retail|Tobacco Only|Dalshaws Stores|Active
Torlaw Stores|129 Church Street, Torlaw,  QF26 8PX|QF26 8PX|Fallinmuir|Other Retail|Tobacco Only|Brown Retail Ltd|Active
Melburn Supermarket|55 Victoria Road, Melburn,  QC34 7GE|QC34 7GE|Corriebeg|Supermarket and Other Retail Outlets|Tobacco Only|Melburn Supermarket|Active
Murray's Convenience Store|177 School Road, Langdale,  QE3 5XD|QE3 5XD|Eskbrae|Convenience Store|Tobacco And Nicotine Vapour Products|Brown Retail Ltd|Active
Balshaws Hotel|167 Church Street, Balshaws,  QD18 3HR|QD18 3HR|Drumlarach|Hotel|Tobacco And Nicotine Vapour Products|Balshaws Hotel|Inactive
 Dunholm Hotel |63 Station Road, Dunholm,  QF10 6BZ|QF10 6BZ|Fallinmuir|Hotel|Tobacco Only|Kerr Retail Ltd|Active
Strathmuir Stores|116 Queen Street, Strathmuir,  QH19 4LR|QH19 4LR|Harlawmuir|Other Retail|Tobacco And Nicotine Vapour Products|Strathmuir Stores|Inactive
Whincraig Service Station|56 School Road, Whincraig,  QG15 2ZD|QG15 2ZD|Glenhaven|Forecourt Garage|Tobacco Only|Whincraig Service Station|Active
Graham's Convenience Store|25 High Street, Dunside,  QD40 4PW|QD40 4PW|Drumlarach|Convenience Store|Tobacco And Nicotine Vapour Products|Graham's Convenience Store|Active
Melwood Stores|127 Main Street, Melwood,  QB29 0GB|QB29 0GB|Brackenlaw|Other Retail|Tobacco Only|Melwood Stores|Inactive
Ferguson Newsagents|14 Queen Street, Torgate,  QC35 6ZW|QC35 6ZW|Corriebeg|Confectionary / Tobacconist / Newsagents|Tobacco And Nicotine Vapour Products|Kerr Retail Ltd|Active
Graham's Convenience Store|32 School Road, Dunbrae,  QE1 1WF|QE1 1WF|Eskbrae|Convenience Store|Tobacco Only|Graham's Convenience Store|Active
Melburn Wines|101 High Street, Melburn,  QC34 0YZ|QC34 0YZ|Corriebeg|Off-Licence|Tobacco And Nicotine Vapour Products|Melburn Wines|Active
Dalmuir Supermarket|22 Main Street, Dalmuir,  QD16 9LD|QD16 9LD|Drumlarach|Supermarket and Other Retail Outlets|Tobacco Only|Ferguson Retail Ltd|Active
The Newside Arms|145 Main Street, Newside,  QD20 4QY|QD20 4QY|Drumlarach|Public House|Tobacco Only|The Newside Arms|Active
Melpark Stores|62 Harbour Road, Melpark,  QD19 1JZ|QD19 1JZ|Drumlarach|Other Retail|Tobacco Only|Melpark Stores|Active
Anderson's Convenience Store|141 Park Avenue, Dunbrae,  QE1 7NF|QE1 7NF|Eskbrae|Convenience Store|Tobacco And Nicotine Vapour Products|Anderson's Convenience Store|Active
Newside Takeaway|56 School Road, Newside,  QD20 4UZ|QD20 4UZ|Drumlarach|Other Catering|Tobacco And Nicotine Vapour Products|Newside Takeaway|Inactive
Newlea Takeaway|51 School Road, Newlea,  QE25 8NF|QE25 8NF|Eskbrae|Other Catering|Tobacco And Nicotine Vapour Products|Newlea Takeaway|Active
Reid's Convenience Store|35 Main Street, Ashburn,  QE24 2QX|QE24 2QX|Eskbrae|Convenience Store|Tobacco Only|Paterson Retail Ltd|Active
Paterson's Convenience Store|106 Victoria Road, Melcraig,  QH19 3DU|QH19 3DU|Harlawmuir|Convenience Store|Tobacco And Nicotine Vapour Products|Paterson's Convenience Store|Inactive
 Langmuir Stores |83 Church Street, Langmuir,  QD37 1AG|QD37 1AG|Drumlarach|Other Retail|Tobacco And Nicotine Vapour Products|Langmuir Stores|Active
Kilgate Supermarket|69 Mill Lane, Kilgate,  QA23 1QS|QA23 1QS|Aldmoor|Supermarket and Other Retail Outlets|Tobacco Only|Kilgate Supermarket|Active
Glenside Supermarket|132 Mill Lane, Glenside,  QG31 2RN|QG31 2RN|Glenhaven|Supermarket and Other Retail Outlets|Tobacco Only|Ferguson Retail Ltd|Active
Meldale Stores|94 King Street, Meldale,  QC15 3JE|QC15 3JE|Corriebeg|Other Retail|Tobacco Only|Watt Retail Ltd|Active
Kerr's Convenience Store|135 Market Street, Kilhill,  QA25 2WE|QA25 2WE|Aldmoor|Convenience Store|Tobacco And Nicotine Vapour Products|Kerr's Convenience Store|Active
Glenmains Stores|12 Castle Street, Glenmains,  QD17 3LZ|QD17 3LZ|Drumlarach|Other Retail|Tobacco Only|Glenmains Stores|Active
Reid's Convenience Store|177 Victoria Road, Whintoun,  QF28 3DW|QF28 3DW|Fallinmuir|Convenience Store|Tobacco And Nicotine Vapour Products|Paterson Retail Ltd|Inactive
Reid's Convenience Store|22 King Street, Brangate,  QB29 0BB|QB29 0BB|Brackenlaw|Convenience Store|Tobacco Only|Reid's Convenience Store|Active
 Duncan Newsagents |99 Station Road, Newlea,  QE25 2BH|QE25 2BH|Eskbrae|Confectionary / Tobacconist / Newsagents|Tobacco And Nicotine Vapour Products|Duncan Newsagents|Active
Kinhaugh Stores|14 Market Street, Kinhaugh,  QG15 0LP|QG15 0LP|Glenhaven|Other Retail|Tobacco And Nicotine Vapour Products|Kinhaugh Stores|Active
Torbank Supermarket|148 Harbour Road, Torbank,  QH18 4ZJ|QH18 4ZJ|Harlawmuir|Supermarket and Other Retail Outlets|Tobacco And Nicotine Vapour Products|Torbank Supermarket|Active
MacLeod's Convenience Store|159 King Street, Dunfield,  QH16 0XS|QH16 0XS|Harlawmuir|Convenience Store|Tobacco Only|Watt Retail Ltd|Active
Brown Newsagents|21 Market Street, Langcraig,  QB29 3WP|QB29 3WP|Brackenlaw|Confectionary / Tobacconist / Newsagents|Tobacco Only|Brown Newsagents|Active
Newmuir Stores|29 Station Road, Newmuir,  QE1 1YY|QE1 1YY|Eskbrae|Other Retail|Tobacco And Nicotine Vapour Products|Newmuir Stores|Active
The Lochanshaws Arms|74 Church Street, Lochanshaws,  QG34 2NQ|QG34 2NQ|Glenhaven|Public House|Tobacco And Nicotine Vapour Products|The Lochanshaws Arms|Active
Fernlea Service Station|22 Harbour Road, Fernlea,  QH38 1DG|QH38 1DG|Harlawmuir|Forecourt Garage|Tobacco And Nicotine Vapour Products|Fernlea Service Station|Active
Melcraig Hotel|97 Glebe Road, Melcraig,  QA22 0BS|QA22 0BS|Aldmoor|Hotel|Tobacco And Nicotine Vapour Products|Hamilton Retail Ltd|Inactive
Craigfield Supermarket|173 Queen Street, Craigfield,  QG34 4GW|QG34 4GW|Glenhaven|Supermarket and Other Retail Outlets|Tobacco Only|Watt Retail Ltd|Active
Campbell's Convenience Store|53 High Street, Ferncraig,  QC13 5TT|QC13 5TT|Corriebeg|Convenience Store|Tobacco Only|Hamilton Retail Ltd|Active
The Newburn Arms|67 Park Avenue, Newburn,  QE2 7FE|QE2 7FE|Eskbrae|Public House|Tobacco Only|The Newburn Arms|Active
 Campbell's Convenience Store |85 Park Avenue, Fernshaws,  QF26 5TH|QF26 5TH|Fallinmuir|Convenience Store|Tobacco Only|Paterson Retail Ltd|Active
Craiggate Stores|74 Glebe Road, Craiggate,  QF27 8RL|QF27 8RL|Fallinmuir|Other Retail|Tobacco Only|Craiggate Stores|Active
 Hamilton's Convenience Store |136 Church Street, Inverford,  QE25 9SL|QE25 9SL|Eskbrae|Convenience Store|Tobacco And Nicotine Vapour Products|Campbell Retail Ltd|Inactive
 Rosshill Hotel |37 Victoria Road, Rosshill,  QF29 2JP|QF29 2JP|Fallinmuir|Hotel|Tobacco And Nicotine Vapour Products|Rosshill Hotel|Inactive
Fernshaws Takeaway|105 Main Street, Fernshaws,  QF26 9EJ|QF26 9EJ|Fallinmuir|Other Catering|Tobacco And Nicotine Vapour Products|Fernshaws Takeaway|Active
 Torcraig Service Station |108 Bridge Street, Torcraig,  QB27 2BG|QB27 2BG|Brackenlaw|Forecourt Garage|Tobacco Only|Torcraig Service Station|Active
Paterson's Convenience Store|38 Queen Street, Branburn,  QF30 7EG|QF30 7EG|Fallinmuir|Convenience Store|Tobacco Only|Watt Retail Ltd|Inactive
 Anderson's Convenience Store |121 Victoria Road, Glenside,  QG31 2DZ|QG31 2DZ|Glenhaven|Convenience Store|Tobacco And Nicotine Vapour Products|Reid Retail Ltd|Active
 Glenside Wines |103 Queen Street, Glenside,  QG31 7PG|QG31 7PG|Glenhaven|Off-Licence|Tobacco And Nicotine Vapour Products|Glenside Wines|Active
Brown Newsagents|97 School Road, Kilgate,  QA23 8AQ|QA23 8AQ|Aldmoor|Confectionary / Tobacconist / Newsagents|Tobacco Only|Brown Newsagents|Active
 Rosslaw Supermarket |131 King Street, Rosslaw,  QD17 7DJ|QD17 7DJ|Drumlarach|Supermarket and Other Retail Outlets|Tobacco Only|Rosslaw Supermarket|Active
Reid's Convenience Store|70 Market Street, Whincraig,  QG15 5HB|QG15 5HB|Glenhaven|Convenience Store|Tobacco Only|Reid Retail Ltd|Active
Langhaugh Stores|40 Bridge Street, Langhaugh,  QE4 0YQ|QE4 0YQ|Eskbrae|Other Retail|Tobacco And Nicotine Vapour Products|Langhaugh Stores|Active
 Craigside Service Station |15 Victoria Road, Craigside,  QA21 5AU|QA21 5AU|Aldmoor|Forecourt Garage|Tobacco And Nicotine Vapour Products|Craigside Service Station|Active
Kinlaw Service Station|153 Church Street, Kinlaw,  QE23 8NP|QE23 8NP|Eskbrae|Forecourt Garage|Tobacco Only|Lennox Retail Ltd|Active
Killea Hotel|173 Mill Lane, Killea,  QE25 6XH|QE25 6XH|Eskbrae|Hotel|Tobacco And Nicotine Vapour Products|MacLeod Retail Ltd|Active
Lochantoun Supermarket|167 Bridge Street, Lochantoun,  QF29 8XQ|QF29 8XQ|Fallinmuir|Supermarket and Other Retail Outlets|Tobacco Only|Campbell Retail Ltd|Active
Glenfield Service Station|143 Harbour Road, Glenfield,  QB9 2RZ|QB9 2RZ|Brackenlaw|Forecourt Garage|Tobacco And Nicotine Vapour Products|Glenfield Service Station|Active
MacLeod's Convenience Store|24 Church Street, Birkcraig,  QB26 2NG|QB26 2NG|Brackenlaw|Convenience Store|Tobacco And Nicotine Vapour Products|MacLeod's Convenience Store|Active
Sinclair Newsagents|97 Bridge Street, Fernholm,  QD38 5ZY|QD38 5ZY|Drumlarach|Confectionary / Tobacconist / Newsagents|Tobacco And Nicotine Vapour Products|Sinclair Newsagents|Active
Reid Newsagents|140 High Street, Melburn,  QC34 0YZ|QC34 0YZ|Corriebeg|Confectionary / Tobacconist / Newsagents|Tobacco Only|Reid Newsagents|Active
 Reid Newsagents |103 Mill Lane, Dunbrae,  QE1 1UY|QE1 1UY|Eskbrae|Confectionary / Tobacconist / Newsagents|Tobacco Only|Reid Newsagents|Active
Campbell's Convenience Store|57 Bridge Street, Lochanshaws,  QF6 0HY|QF6 0HY|Fallinmuir|Convenience Store|Tobacco Only|Campbell's Convenience Store|Active
Brandale Stores|116 Church Street, Brandale,  QG14 5QU|QG14 5QU|Glenhaven|Other Retail|Tobacco Only|Brandale Stores|Active
Lennox's Convenience Store|170 Harbour Road, Kintoun,  QG33 8SS|QG33 8SS|Glenhaven|Convenience Store|Tobacco Only|Lennox's Convenience Store|Active
Lennox Newsagents|134 Station Road, Newside,  QD20 5XF|QD20 5XF|Drumlarach|Confectionary / Tobacconist / Newsagents|Tobacco And Nicotine Vapour Products|Lennox Newsagents|Active
The Rossbank Arms|66 King Street, Rossbank,  QC13 7QD|QC13 7QD|Corriebeg|Public House|Tobacco And Nicotine Vapour Products|Brown Retail Ltd|Active
Paterson's Convenience Store|32 Glebe Road, Kilmains,  QB28 3RN|QB28 3RN|Brackenlaw|Convenience Store|Tobacco Only|Paterson's Convenience Store|Active
Dalmuir Stores|111 High Street, Dalmuir,  QD16 0NQ|QD16 0NQ|Drumlarach|Other Retail|Tobacco And Nicotine Vapour Products|Dalmuir Stores|Active
Rossgate Stores|142 Glebe Road, Rossgate,  QA23 1GB|QA23 1GB|Aldmoor|Other Retail|Tobacco And Nicotine Vapour Products|Anderson Retail Ltd|Active
Murray's Convenience Store|45 King Street, Dungate,  QH19 8QS|QH19 8QS|Harlawmuir|Convenience Store|Tobacco And Nicotine Vapour Products|Duncan Retail Ltd|Active
The Ashwood Arms|11 King Street, Ashwood,  QA5 4YG|QA5 4YG|Aldmoor|Public House|Tobacco Only|The Ashwood Arms|Active
Paterson's Convenience Store|116 Station Road, Rossburn,  QD16 6EW|QD16 6EW|Drumlarach|Convenience Store|Tobacco And Nicotine Vapour Products|Paterson's Convenience Store|Active
 Graham's Convenience Store |87 Harbour Road, Strathlaw,  QB10 0ZS|QB10 0ZS|Brackenlaw|Convenience Store|Tobacco Only|Murray Retail Ltd|Active
Anderson's Convenience Store|62 Harbour Road, Craigburn,  QH40 6LA|QH40 6LA|Harlawmuir|Convenience Store|Tobacco And Nicotine Vapour Products|Anderson's Convenience Store|Active
The Birkpark Arms|168 Castle Street, Birkpark,  QG32 7FJ|QG32 7FJ|Glenhaven|Public House|Tobacco Only|The Birkpark Arms|Inactive
Dallaw Supermarket|36 Glebe Road, Dallaw,  QD39 1QF|QD39 1QF|Drumlarach|Supermarket and Other Retail Outlets|Tobacco And Nicotine Vapour Products|Dallaw Supermarket|Active
 Branbank Supermarket |82 Church Street, Branbank,  QE22 9NQ|QE22 9NQ|Eskbrae|Supermarket and Other Retail Outlets|Tobacco Only|Branbank Supermarket|Inactive
Strathdale Stores|74 Mill Lane, Strathdale,  QE5 7HH|QE5 7HH|Eskbrae|Other Retail|Tobacco Only|Strathdale Stores|Active
Ferguson's Convenience Store|151 Church Street, Kilhaugh,  QB6 0GS|QB6 0GS|Brackenlaw|Convenience Store|Tobacco Only|MacLeod Retail Ltd|Active
Murray's Convenience Store|97 Church Street, Torgate,  QC35 5EJ|QC35 5EJ|Corriebeg|Convenience Store|Tobacco And Nicotine Vapour Products|Murray's Convenience Store|Active
Newmuir Hotel|34 Victoria Road, Newmuir,  QE1 1GU|QE1 1GU|Eskbrae|Hotel|Tobacco And Nicotine Vapour Products|Brown Retail Ltd|Inactive
Kerr's Convenience Store|44 Harbour Road, Lochanshaws,  QG34 3GF|QG34 3GF|Glenhaven|Convenience Store|Tobacco And Nicotine Vapour Products|Kerr's Convenience Store|Active
Hamilton's Convenience Store|78 Main Street, Brangate,  QB29 5NJ|QB29 5NJ|Brackenlaw|Convenience Store|Tobacco Only|Murray Retail Ltd|Active
 Sinclair's Convenience Store |50 Mill Lane, Lochantoun,  QF29 5JR|QF29 5JR|Fallinmuir|Convenience Store|Tobacco Only|Sinclair's Convenience Store|Active
Murray's Convenience Store|110 Station Road, Craighaugh,  QH40 1FX|QH40 1FX|Harlawmuir|Convenience Store|Tobacco And Nicotine Vapour Products|Murray's Convenience Store|Active
Melhill Stores|170 Bridge Street, Melhill,  QC14 4SH|QC14 4SH|Corriebeg|Other Retail|Tobacco And Nicotine Vapour Products|Melhill Stores|Active
Lochanbrae Wines|8 Harbour Road, Lochanbrae,  QF30 0RG|QF30 0RG|Fallinmuir|Off-Licence|Tobacco And Nicotine Vapour Products|Lochanbrae Wines|Active
Kerr's Convenience Store|47 Bridge Street, Lochanmains,  QF29 7HU|QF29 7HU|Fallinmuir|Convenience Store|Tobacco And Nicotine Vapour Products|Reid Retail Ltd|Active
Sinclair's Convenience Store|134 Castle Street, Whintoun,  QF28 3LX|QF28 3LX|Fallinmuir|Convenience Store|Tobacco And Nicotine Vapour Products|Sinclair's Convenience Store|Active
Torside Stores|151 Station Road, Torside,  QF6 9NG|QF6 9NG|Fallinmuir|Other Retail|Tobacco And Nicotine Vapour Products|Brown Retail Ltd|Active
MacLeod's Convenience Store|15 Glebe Road, Torside,  QF6 1NB|QF6 1NB|Fallinmuir|Convenience Store|Tobacco Only|Watt Retail Ltd|Active
Glenside Supermarket|36 Church Street, Glenside,  QG31 9YJ|QG31 9YJ|Glenhaven|Supermarket and Other Retail Outlets|Tobacco And Nicotine Vapour Products|Hamilton Retail Ltd|Active
Sinclair's Convenience Store|152 King Street, Meldale,  QC15 6ZB|QC15 6ZB|Corriebeg|Convenience Store|Tobacco Only|Sinclair's Convenience Store|Active
Fernmuir Service Station|134 Main Street, Fernmuir,  QC34 4TT|QC34 4TT|Corriebeg|Forecourt Garage|Tobacco Only|Fernmuir Service Station|Active
Duncan's Convenience Store|127 High Street, Kilford,  QF30 7AE|QF30 7AE|Fallinmuir|Convenience Store|Tobacco And Nicotine Vapour Products|Ferguson Retail Ltd|Active
Hamilton Newsagents|26 School Road, Dunlaw,  QD36 6YL|QD36 6YL|Drumlarach|Confectionary / Tobacconist / Newsagents|Tobacco And Nicotine Vapour Products|Hamilton Newsagents|Active
MacLeod Newsagents|3 Church Street, Newbank,  QA25 4NG|QA25 4NG|Aldmoor|Confectionary / Tobacconist / Newsagents|Tobacco Only|MacLeod Newsagents|Active
 Kinburn Service Station |103 School Road, Kinburn,  QE2 7LX|QE2 7LX|Eskbrae|Forecourt Garage|Tobacco Only|Kerr Retail Ltd|Active
 Rossgate Takeaway |39 School Road, Rossgate,  QA23 1UN|QA23 1UN|Aldmoor|Other Catering|Tobacco Only|Rossgate Takeaway|Active
Graham's Convenience Store|94 Park Avenue, Fernholm,  QD38 5WS|QD38 5WS|Drumlarach|Convenience Store|Tobacco And Nicotine Vapour Products|Sinclair Retail Ltd|Active
Anderson Newsagents|40 King Street, Whinshaws,  QC35 3SS|QC35 3SS|Corriebeg|Confectionary / Tobacconist / Newsagents|Tobacco And Nicotine Vapour Products|Graham Retail Ltd|Active
Graham Newsagents|59 Mill Lane, Brangate,  QA4 7BL|QA4 7BL|Aldmoor|Confectionary / Tobacconist / Newsagents|Tobacco And Nicotine Vapour Products|Graham Retail Ltd|Active
Kerr's Convenience Store|63 Castle Street, Branpark,  QG35 1HA|QG35 1HA|Glenhaven|Convenience Store|Tobacco And Nicotine Vapour Products|Kerr's Convenience Store|Inactive
Watt Newsagents|66 Glebe Road, Melburn,  QC34 0TU|QC34 0TU|Corriebeg|Confectionary / Tobacconist / Newsagents|Tobacco And Nicotine Vapour Products|Brown Retail Ltd|Active
Kilhaugh Hotel|85 Market Street, Kilhaugh,  QB6 6RN|QB6 6RN|Brackenlaw|Hotel|Tobacco Only|Kilhaugh Hotel|Inactive
Anderson's Convenience Store|10 King Street, Lochanlaw,  QB10 8YT|QB10 8YT|Brackenlaw|Convenience Store|Tobacco And Nicotine Vapour Products|Sinclair Retail Ltd|Active
Brown Mobile Shop|102 Market Street, Rossside,  QH17 7RD|QH17 7RD|Harlawmuir|Mobile Trade|Tobacco Only|Brown Retail Ltd|Active
Whindale Takeaway|82 Bridge Street, Whindale,  QA24 4TW|QA24 4TW|Aldmoor|Other Catering|Tobacco Only|Whindale Takeaway|Active
 Rossshaws Supermarket |32 Queen Street, Rossshaws,  QC15 1GT|QC15 1GT|Corriebeg|Supermarket and Other Retail Outlets|Tobacco Only|Anderson Retail Ltd|Active
Brown's Convenience Store|145 Harbour Road, Inverford,  QE24 6XS|QE24 6XS|Eskbrae|Convenience Store|Tobacco Only|Brown's Convenience Store|Active
Watt's Convenience Store|167 Market Street, Torlaw,  QF26 8YB|QF26 8YB|Fallinmuir|Convenience Store|Tobacco And Nicotine Vapour Products|Graham Retail Ltd|Active
Fernmains Wines|172 Church Street, Fernmains,  QF26 0WB|QF26 0WB|Fallinmuir|Off-Licence|Tobacco And Nicotine Vapour Products|Sinclair Retail Ltd|Active
Glenford Service Station|29 School Road, Glenford,  QC14 5UB|QC14 5UB|Corriebeg|Forecourt Garage|Tobacco And Nicotine Vapour Products|Glenford Service Station|Active
Graham's Convenience Store|82 Castle Street, Dalcraig,  QA25 4UW|QA25 4UW|Aldmoor|Convenience Store|Tobacco And Nicotine Vapour Products|Duncan Retail Ltd|Active
Hamilton's Convenience Store|169 Mill Lane, Dunbank,  QG13 2JT|QG13 2JT|Glenhaven|Convenience Store|Tobacco And Nicotine Vapour Products|MacLeod Retail Ltd|Active
Reid Newsagents|73 Mill Lane, Birkfield,  QF8 4TB|QF8 4TB|Fallinmuir|Confectionary / Tobacconist / Newsagents|Tobacco And Nicotine Vapour Products|Paterson Retail Ltd|Active
 Melwood Hotel |176 Mill Lane, Melwood,  QF9 2ZR|QF9 2ZR|Fallinmuir|Hotel|Tobacco Only|Melwood Hotel|Active
 Balpark Wines |91 Main Street, Balpark,  QD39 0YZ|QD39 0YZ|Drumlarach|Off-Licence|Tobacco Only|Watt Retail Ltd|Inactive
Kerr's Convenience Store|46 Main Street, Balside,  QD38 7LR|QD38 7LR|Drumlarach|Convenience Store|Tobacco And Nicotine Vapour Products|Campbell Retail Ltd|Active
Watt's Convenience Store|128 Park Avenue, Branhaugh,  QE25 6XU|QE25 6XU|Eskbrae|Convenience Store|Tobacco And Nicotine Vapour Products|Watt's Convenience Store|Active
 Campbell's Convenience Store |116 Victoria Road, Dunmuir,  QG35 9NH|QG35 9NH|Glenhaven|Convenience Store|Tobacco Only|Duncan Retail Ltd|Active
Graham's Convenience Store|27 Harbour Road, Balshaws,  QD18 5TZ|QD18 5TZ|Drumlarach|Convenience Store|Tobacco Only|Graham's Convenience Store|Active
Lochanshaws Stores|40 Park Avenue, Lochanshaws,  QG34 1TB|QG34 1TB|Glenhaven|Other Retail|Tobacco And Nicotine Vapour Products|Lochanshaws Stores|Active
Craighill Takeaway|22 Mill Lane, Craighill,  QC35 3GD|QC35 3GD|Corriebeg|Other Catering|Tobacco Only|Craighill Takeaway|Inactive
Dalburn Wines|139 Victoria Road, Dalburn,  QC33 1AS|QC33 1AS|Corriebeg|Off-Licence|Tobacco Only|Dalburn Wines|Active
Sinclair's Convenience Store|170 Market Street, Melburn,  QC34 6JF|QC34 6JF|Corriebeg|Convenience Store|Tobacco And Nicotine Vapour Products|Sinclair's Convenience Store|Active
Newburn Stores|88 Main Street, Newburn,  QE2 7ZX|QE2 7ZX|Eskbrae|Other Retail|Tobacco And Nicotine Vapour Products|Duncan Retail Ltd|Active
Birkcraig Wines|10 Mill Lane, Birkcraig,  QB26 2RE|QB26 2RE|Brackenlaw|Off-Licence|Tobacco Only|Birkcraig Wines|Active
Newbank Supermarket|79 School Road, Newbank,  QA25 9QP|QA25 9QP|Aldmoor|Supermarket and Other Retail Outlets|Tobacco Only|Newbank Supermarket|Active
Melwood Supermarket|20 King Street, Melwood,  QC11 1EN|QC11 1EN|Corriebeg|Supermarket and Other Retail Outlets|Tobacco Only|Reid Retail Ltd|Active
Duncan's Convenience Store|147 Park Avenue, Branbank,  QE22 2SG|QE22 2SG|Eskbrae|Convenience Store|Tobacco Only|Duncan's Convenience Store|Active
MacLeod's Convenience Store|141 Victoria Road, Newbank,  QA25 1GY|QA25 1GY|Aldmoor|Convenience Store|Tobacco And Nicotine Vapour Products|Reid Retail Ltd|Inactive
 The Newmains Arms |87 Park Avenue, Newmains,  QG11 8GJ|QG11 8GJ|Glenhaven|Public House|Tobacco Only|The Newmains Arms|Active
Birktoun Stores|92 Glebe Road, Birktoun,  QH38 4QR|QH38 4QR|Harlawmuir|Other Retail|Tobacco And Nicotine Vapour Products|Anderson Retail Ltd|Active
 Lennox's Convenience Store |178 Church Street, Inverholm,  QD38 6EQ|QD38 6EQ|Drumlarach|Convenience Store|Tobacco And Nicotine Vapour Products|Lennox's Convenience Store|Active
Graham's Convenience Store|78 Station Road, Newshaws,  QA4 1TN|QA4 1TN|Aldmoor|Convenience Store|Tobacco And Nicotine Vapour Products|Graham's Convenience Store|Active
Lennox Newsagents|26 Bridge Street, Kinmains,  QD39 6XH|QD39 6XH|Drumlarach|Confectionary / Tobacconist / Newsagents|Tobacco And Nicotine Vapour Products|Lennox Newsagents|Active
 Murray's Convenience Store |110 Queen Street, Birkshaws,  QD40 5XZ|QD40 5XZ|Drumlarach|Convenience Store|Tobacco Only|Murray's Convenience Store|Active
Inverpark Stores|36 Victoria Road, Inverpark,  QC31 6XY|QC31 6XY|Corriebeg|Other Retail|Tobacco Only|Inverpark Stores|Inactive
Campbell's Convenience Store|175 Victoria Road, Whindale,  QA24 3DD|QA24 3DD|Aldmoor|Convenience Store|Tobacco Only|Ferguson Retail Ltd|Active
Strathpark Hotel|48 Queen Street, Strathpark,  QF8 6ZX|QF8 6ZX|Fallinmuir|Hotel|Tobacco And Nicotine Vapour Products|Paterson Retail Ltd|Active
The Rossburn Arms|8 Glebe Road, Rossburn,  QC11 1JU|QC11 1JU|Corriebeg|Public House|Tobacco Only|Paterson Retail Ltd|Active
Birkcraig Stores|85 High Street, Birkcraig,  QB26 2WP|QB26 2WP|Brackenlaw|Other Retail|Tobacco Only|Birkcraig Stores|Active
Ferguson Newsagents|123 Park Avenue, Dunfield,  QG33 4BJ|QG33 4BJ|Glenhaven|Confectionary / Tobacconist / Newsagents|Tobacco Only|Lennox Retail Ltd|Inactive
 The Balcraig Arms |83 Glebe Road, Balcraig,  QC14 6RH|QC14 6RH|Corriebeg|Public House|Tobacco Only|Duncan Retail Ltd|Active
Whincraig Wines|137 Bridge Street, Whincraig,  QG15 7ET|QG15 7ET|Glenhaven|Off-Licence|Tobacco And Nicotine Vapour Products|Whincraig Wines|Active
Lennox Newsagents|127 Queen Street, Kilhaugh,  QB6 1NH|QB6 1NH|Brackenlaw|Confectionary / Tobacconist / Newsagents|Tobacco And Nicotine Vapour Products|Lennox Newsagents|Active
Graham's Convenience Store|154 Park Avenue, Rossshaws,  QC15 7EJ|QC15 7EJ|Corriebeg|Convenience Store|Tobacco Only|Duncan Retail Ltd|Active
The Lochanshaws Arms|155 King Street, Lochanshaws,  QG34 1BD|QG34 1BD|Glenhaven|Public House|Tobacco And Nicotine Vapour Products|The Lochanshaws Arms|Active
 Watt Mobile Shop |147 King Street, Inverdale,  QF8 0ZA|QF8 0ZA|Fallinmuir|Mobile Trade|Tobacco Only|Campbell Retail Ltd|Active
Anderson's Convenience Store|173 Glebe Road, Glengate,  QA4 3TW|QA4 3TW|Aldmoor|Convenience Store|Tobacco Only|Reid Retail Ltd|Active
Watt's Convenience Store|1 School Road, Glenholm,  QB8 7DE|QB8 7DE|Brackenlaw|Convenience Store|Tobacco Only|Campbell Retail Ltd|Active
Watt's Convenience Store|140 Market Street, Daltoun,  QD40 6BH|QD40 6BH|Drumlarach|Convenience Store|Tobacco And Nicotine Vapour Products|Watt's Convenience Store|Active
The Melburn Arms|173 Glebe Road, Melburn,  QC34 7XR|QC34 7XR|Corriebeg|Public House|Tobacco And Nicotine Vapour Products|The Melburn Arms|Active
 Torlaw Service Station |24 School Road, Torlaw,  QC32 0AZ|QC32 0AZ|Corriebeg|Forecourt Garage|Tobacco Only|Torlaw Service Station|Active
Murray's Convenience Store|1 Mill Lane, Rossburn,  QC11 1PT|QC11 1PT|Corriebeg|Convenience Store|Tobacco Only|Murray's Convenience Store|Active
 Kerr's Convenience Store |119 School Road, Craighill,  QC35 7WB|QC35 7WB|Corriebeg|Convenience Store|Tobacco And Nicotine Vapour Products|Kerr's Convenience Store|Active
 Anderson's Convenience Store |160 School Road, Dunholm,  QF10 0GH|QF10 0GH|Fallinmuir|Convenience Store|Tobacco Only|Anderson's Convenience Store|Active
Kinshaws Takeaway|80 School Road, Kinshaws,  QF9 5UL|QF9 5UL|Fallinmuir|Other Catering|Tobacco Only|MacLeod Retail Ltd|Inactive
Brown's Convenience Store|32 Market Street, Langlea,  QA24 7ZR|QA24 7ZR|Aldmoor|Convenience Store|Tobacco And Nicotine Vapour Products|Brown's Convenience Store|Active
Birkmuir Stores|25 Bridge Street, Birkmuir,  QA22 5TH|QA22 5TH|Aldmoor|Other Retail|Tobacco Only|Lennox Retail Ltd|Inactive
Kerr's Convenience Store|84 Queen Street, Craighill,  QC35 3GU|QC35 3GU|Corriebeg|Convenience Store|Tobacco Only|Paterson Retail Ltd|Active
Murray's Convenience Store|134 Park Avenue, Newlaw,  QA23 4LZ|QA23 4LZ|Aldmoor|Convenience Store|Tobacco Only|Lennox Retail Ltd|Inactive
Anderson's Convenience Store|162 Queen Street, Killea,  QE25 5AZ|QE25 5AZ|Eskbrae|Convenience Store|Tobacco Only|Anderson's Convenience Store|Active
Birktoun Stores|113 School Road, Birktoun,  QH38 0UY|QH38 0UY|Harlawmuir|Other Retail|Tobacco Only|Birktoun Stores|Inactive
Kilmuir Stores|112 School Road, Kilmuir,  QB7 5HZ|QB7 5HZ|Brackenlaw|Other Retail|Tobacco Only|Kilmuir Stores|Inactive
Melpark Stores|34 King Street, Melpark,  QD19 7DB|QD19 7DB|Drumlarach|Other Retail|Tobacco And Nicotine Vapour Products|Campbell Retail Ltd|Active
The Torlaw Arms|173 Church Street, Torlaw,  QC33 9DJ|QC33 9DJ|Corriebeg|Public House|Tobacco Only|The Torlaw Arms|Active
Melfield Stores|21 Main Street, Melfield,  QB8 5ZE|QB8 5ZE|Brackenlaw|Other Retail|Tobacco Only|Graham Retail Ltd|Active
Birkwood Supermarket|119 Church Street, Birkwood,  QE25 3AR|QE25 3AR|Eskbrae|Supermarket and Other Retail Outlets|Tobacco And Nicotine Vapour Products|Birkwood Supermarket|Active
Ferguson Mobile Shop|125 Bridge Street, Ballaw,  QF7 9UZ|QF7 9UZ|Fallinmuir|Mobile Trade|Tobacco Only|Ferguson Mobile Shop|Active
Newmuir Stores|113 Harbour Road, Newmuir,  QE1 1EE|QE1 1EE|Eskbrae|Other Retail|Tobacco And Nicotine Vapour Products|Newmuir Stores|Active
Campbell's Convenience Store|150 Victoria Road, Dalmains,  QF27 2WH|QF27 2WH|Fallinmuir|Convenience Store|Tobacco Only|Graham Retail Ltd|Active
 Graham's Convenience Store |70 Harbour Road, Birkmains,  QA25 0JN|QA25 0JN|Aldmoor|Convenience Store|Tobacco Only|Graham's Convenience Store|Active
Duncan's Convenience Store|132 Bridge Street, Lochancraig,  QA24 1UT|QA24 1UT|Aldmoor|Convenience Store|Tobacco And Nicotine Vapour Products|Anderson Retail Ltd|Active
Sinclair's Convenience Store|172 High Street, Birkshaws,  QH17 9SF|QH17 9SF|Harlawmuir|Convenience Store|Tobacco Only|Sinclair's Convenience Store|Active
Branhaugh Service Station|76 Main Street, Branhaugh,  QG11 9YR|QG11 9YR|Glenhaven|Forecourt Garage|Tobacco Only|Kerr Retail Ltd|Active
Birkmuir Stores|44 Glebe Road, Birkmuir,  QA22 6BZ|QA22 6BZ|Aldmoor|Other Retail|Tobacco And Nicotine Vapour Products|Birkmuir Stores|Active
MacLeod's Convenience Store|38 Church Street, Whinhaugh,  QA3 3SW|QA3 3SW|Aldmoor|Convenience Store|Tobacco Only|MacLeod's Convenience Store|Active
Newside Supermarket|130 Market Street, Newside,  QB28 9SQ|QB28 9SQ|Brackenlaw|Supermarket and Other Retail Outlets|Tobacco And Nicotine Vapour Products|Newside Supermarket|Active
Dalshaws Service Station|102 Main Street, Dalshaws,  QG33 4LG|QG33 4LG|Glenhaven|Forecourt Garage|Tobacco And Nicotine Vapour Products|Ferguson Retail Ltd|Inactive
Strathdale Stores|114 School Road, Strathdale,  QE5 5RY|QE5 5RY|Eskbrae|Other Retail|Tobacco Only|Hamilton Retail Ltd|Active
Lochanshaws Takeaway|44 School Road, Lochanshaws,  QE23 2SH|QE23 2SH|Eskbrae|Other Catering|Tobacco And Nicotine Vapour Products|Lochanshaws Takeaway|Inactive
 Campbell's Convenience Store |10 School Road, Strathholm,  QF6 4WP|QF6 4WP|Fallinmuir|Convenience Store|Tobacco Only|Anderson Retail Ltd|Active
 Reid's Convenience Store |160 Market Street, Newmains,  QG11 8XU|QG11 8XU|Glenhaven|Convenience Store|Tobacco And Nicotine Vapour Products|Watt Retail Ltd|Active
MacLeod's Convenience Store|79 Castle Street, Torgate,  QC35 0FJ|QC35 0FJ|Corriebeg|Convenience Store|Tobacco And Nicotine Vapour Products|MacLeod's Convenience Store|Inactive
Kerr's Convenience Store|161 Park Avenue, Dalshaws,  QB26 7DY|QB26 7DY|Brackenlaw|Convenience Store|Tobacco And Nicotine Vapour Products|Kerr's Convenience Store|Active
Anderson's Convenience Store|99 Harbour Road, Kilholm,  QB7 9QP|QB7 9QP|Brackenlaw|Convenience Store|Tobacco Only|Anderson's Convenience Store|Active
Strathpark Supermarket|124 Park Avenue, Strathpark,  QF8 0JG|QF8 0JG|Fallinmuir|Supermarket and Other Retail Outlets|Tobacco And Nicotine Vapour Products|Hamilton Retail Ltd|Inactive
Glenholm Service Station|146 Harbour Road, Glenholm,  QA24 7PJ|QA24 7PJ|Aldmoor|Forecourt Garage|Tobacco Only|Sinclair Retail Ltd|Active
Glenmuir Hotel|38 Church Street, Glenmuir,  QC11 2ZF|QC11 2ZF|Corriebeg|Hotel|Tobacco Only|Duncan Retail Ltd|Active
Campbell's Convenience Store|88 Market Street, Torhill,  QC33 1XY|QC33 1XY|Corriebeg|Convenience Store|Tobacco Only|Campbell's Convenience Store|Active
MacLeod's Convenience Store|113 Main Street, Balcraig,  QC14 6NH|QC14 6NH|Corriebeg|Convenience Store|Tobacco Only|MacLeod's Convenience Store|Active
Fernmuir Supermarket|65 Queen Street, Fernmuir,  QH18 8TN|QH18 8TN|Harlawmuir|Supermarket and Other Retail Outlets|Tobacco Only|Fernmuir Supermarket|Active
Graham's Convenience Store|178 Station Road, Kinshaws,  QC31 4FA|QC31 4FA|Corriebeg|Convenience Store|Tobacco And Nicotine Vapour Products|Graham's Convenience Store|Inactive
Ferguson's Convenience Store|100 Castle Street, Kilhill,  QA1 5RF|QA1 5RF|Aldmoor|Convenience Store|Tobacco And Nicotine Vapour Products|Ferguson's Convenience Store|Inactive
Whinshaws Wines|95 King Street, Whinshaws,  QC35 9RQ|QC35 9RQ|Corriebeg|Off-Licence|Tobacco And Nicotine Vapour Products|Ferguson Retail Ltd|Active
Brown's Convenience Store|142 Station Road, Kinburn,  QE2 6DL|QE2 6DL|Eskbrae|Convenience Store|Tobacco And Nicotine Vapour Products|Graham Retail Ltd|Active
Graham's Convenience Store|16 King Street, Melpark,  QD19 1RD|QD19 1RD|Drumlarach|Convenience Store|Tobacco Only|Graham's Convenience Store|Active
 Ashdale Wines |29 Queen Street, Ashdale,  QE4 1LF|QE4 1LF|Eskbrae|Off-Licence|Tobacco And Nicotine Vapour Products|MacLeod Retail Ltd|Active
Ashbank Service Station|141 Glebe Road, Ashbank,  QD19 4YF|QD19 4YF|Drumlarach|Forecourt Garage|Tobacco And Nicotine Vapour Products|Reid Retail Ltd|Active
Ferguson's Convenience Store|77 Main Street, Whinfield,  QD40 9BJ|QD40 9BJ|Drumlarach|Convenience Store|Tobacco Only|Campbell Retail Ltd|Active
Graham's Convenience Store|22 Glebe Road, Ashburn,  QE24 2TE|QE24 2TE|Eskbrae|Convenience Store|Tobacco And Nicotine Vapour Products|Graham's Convenience Store|Inactive
MacLeod's Convenience Store|139 Park Avenue, Lochanshaws,  QF6 0QZ|QF6 0QZ|Fallinmuir|Convenience Store|Tobacco Only|MacLeod's Convenience Store|Active
Kerr Newsagents|20 Market Street, Rosslaw,  QA1 4BA|QA1 4BA|Aldmoor|Confectionary / Tobacconist / Newsagents|Tobacco Only|Paterson Retail Ltd|Inactive
Rosslaw Service Station|104 Park Avenue, Rosslaw,  QD17 7GW|QD17 7GW|Drumlarach|Forecourt Garage|Tobacco Only|Graham Retail Ltd|Active
Paterson's Convenience Store|63 Park Avenue, Inverdale,  QF8 0FL|QF8 0FL|Fallinmuir|Convenience Store|Tobacco Only|Paterson's Convenience Store|Active
Watt's Convenience Store|140 Queen Street, Invergate,  QD19 0ES|QD19 0ES|Drumlarach|Convenience Store|Tobacco And Nicotine Vapour Products|Watt's Convenience Store|Inactive
Anderson Newsagents|150 Mill Lane, Fernmuir,  QH18 4UF|QH18 4UF|Harlawmuir|Confectionary / Tobacconist / Newsagents|Tobacco Only|Hamilton Retail Ltd|Active
Murray's Convenience Store|142 School Road, Fernmuir,  QC34 4AR|QC34 4AR|Corriebeg|Convenience Store|Tobacco Only|Sinclair Retail Ltd|Inactive
Hamilton Newsagents|1 School Road, Langmuir,  QD37 1FE|QD37 1FE|Drumlarach|Confectionary / Tobacconist / Newsagents|Tobacco Only|Hamilton Newsagents|Inactive
Torbank Service Station|12 Park Avenue, Torbank,  QH18 3QX|QH18 3QX|Harlawmuir|Forecourt Garage|Tobacco Only|Torbank Service Station|Inactive
Brown's Convenience Store|23 High Street, Kilhill,  QA25 2LB|QA25 2LB|Aldmoor|Convenience Store|Tobacco Only|Brown Retail Ltd|Active
 Ferntoun Supermarket |129 School Road, Ferntoun,  QG15 5PF|QG15 5PF|Glenhaven|Supermarket and Other Retail Outlets|Tobacco And Nicotine Vapour Products|MacLeod Retail Ltd|Active
 Langshaws Supermarket |52 Harbour Road, Langshaws,  QF9 2DR|QF9 2DR|Fallinmuir|Supermarket and Other Retail Outlets|Tobacco Only|Langshaws Supermarket|Inactive
Brown's Convenience Store|158 Glebe Road, Langfield,  QA24 3WA|QA24 3WA|Aldmoor|Convenience Store|Tobacco And Nicotine Vapour Products|Brown's Convenience Store|Active
Kinwood Service Station|174 Harbour Road, Kinwood,  QC32 8GT|QC32 8GT|Corriebeg|Forecourt Garage|Tobacco Only|Kinwood Service Station|Active
Branburn Hotel|3 School Road, Branburn,  QF30 1PU|QF30 1PU|Fallinmuir|Hotel|Tobacco And Nicotine Vapour Products|Branburn Hotel|Active
Murray's Convenience Store|146 Mill Lane, Kilhaugh,  QB6 0UD|QB6 0UD|Brackenlaw|Convenience Store|Tobacco And Nicotine Vapour Products|Hamilton Retail Ltd|Active
Anderson Newsagents|114 King Street, Rossfield,  QH38 4TX|QH38 4TX|Harlawmuir|Confectionary / Tobacconist / Newsagents|Tobacco Only|Anderson Newsagents|Inactive
Strathhill Stores|92 Park Avenue, Strathhill,  QE2 3XN|QE2 3XN|Eskbrae|Other Retail|Tobacco Only|Brown Retail Ltd|Active
Graham's Convenience Store|113 Castle Street, Kilfield,  QE5 5BR|QE5 5BR|Eskbrae|Convenience Store|Tobacco And Nicotine Vapour Products|Graham's Convenience Store|Active
Hamilton's Convenience Store|102 School Road, Kilford,  QF30 4EU|QF30 4EU|Fallinmuir|Convenience Store|Tobacco And Nicotine Vapour Products|Hamilton's Convenience Store|Active
Fernbrae Takeaway|18 Bridge Street, Fernbrae,  QC32 9HY|QC32 9HY|Corriebeg|Other Catering|Tobacco Only|Anderson Retail Ltd|Active
Graham Newsagents|120 Station Road, Strathdale,  QE57 2LG|QE57 2LG|Eskbrae|Confectionary / Tobacconist / Newsagents|Tobacco And Nicotine Vapour Products|Brown Retail Ltd|Active
The Lochancraig Arms|85 Harbour Road, Lochancraig,  QA24 1DN|QA24 1DN|Aldmoor|Public House|Tobacco Only|The Lochancraig Arms|Active
The Ashbank Arms|96 Victoria Road, Ashbank,  QD19 6RZ|QD19 6RZ|Drumlarach|Public House|Tobacco And Nicotine Vapour Products|Paterson Retail Ltd|Active
 Duncan Newsagents |41 King Street, Glenford,  QE23 0DY|QE23 0DY|Eskbrae|Confectionary / Tobacconist / Newsagents|Tobacco And Nicotine Vapour Products|Campbell Retail Ltd|Active
Duncan's Convenience Store|11 Victoria Road, Glenholm,  QB28 6YP|QB28 6YP|Brackenlaw|Convenience Store|Tobacco And Nicotine Vapour Products|MacLeod Retail Ltd|Active
Inverlea Stores|127 Queen Street, Inverlea,  QD37 6YN|QD37 6YN|Drumlarach|Other Retail|Tobacco Only|Inverlea Stores|Inactive
The Kilford Arms|31 Main Street, Kilford,  QF30 2UL|QF30 2UL|Fallinmuir|Public House|Tobacco Only|Lennox Retail Ltd|Active
 Torside Hotel |174 Church Street, Torside,  QF6 1DJ|QF6 1DJ|Fallinmuir|Hotel|Tobacco And Nicotine Vapour Products|Torside Hotel|Active
Watt's Convenience Store|47 Harbour Road, Lochanlaw,  QB10 3NG|QB10 3NG|Brackenlaw|Convenience Store|Tobacco Only|MacLeod Retail Ltd|Active
Duncan's Convenience Store|160 Bridge Street, Dalmains,  QF27 1QS|QF27 1QS|Fallinmuir|Convenience Store|Tobacco Only|Watt Retail Ltd|Inactive
 Graham's Convenience Store |138 Castle Street, Langbank,  QE5 0FD|QE5 0FD|Eskbrae|Convenience Store|Tobacco Only|Graham's Convenience Store|Active
Fernfield Stores|67 Glebe Road, Fernfield,  QH37 2YD|QH37 2YD|Harlawmuir|Other Retail|Tobacco Only|Fernfield Stores|Active
 Whinfield Wines |163 School Road, Whinfield,  QD40 1ZH|QD40 1ZH|Drumlarach|Off-Licence|Tobacco Only|Whinfield Wines|Inactive
Anderson's Convenience Store|127 Victoria Road, Whinhaugh,  QA3 7YE|QA3 7YE|Aldmoor|Convenience Store|Tobacco Only|Anderson's Convenience Store|Active
Kerr's Convenience Store|36 Park Avenue, Glenholm,  QA24 7UL|QA24 7UL|Aldmoor|Convenience Store|Tobacco Only|Kerr's Convenience Store|Active
Mellea Service Station|166 Main Street, Mellea,  QH19 7PQ|QH19 7PQ|Harlawmuir|Forecourt Garage|Tobacco And Nicotine Vapour Products|Mellea Service Station|Active
The Balpark Arms|54 School Road, Balpark,  QH18 8SL|QH18 8SL|Harlawmuir|Public House|Tobacco Only|The Balpark Arms|Active
The Rosstoun Arms|128 Queen Street, Rosstoun,  QH37 2TZ|QH37 2TZ|Harlawmuir|Public House|Tobacco Only|Campbell Retail Ltd|Active
Anderson Mobile Shop|108 King Street, Branhill,  QF27 9UF|QF27 9UF|Fallinmuir|Mobile Trade|Tobacco Only|Anderson Mobile Shop|Active
Kerr Newsagents|92 Station Road, Langfield,  QA24 7PR|QA24 7PR|Aldmoor|Confectionary / Tobacconist / Newsagents|Tobacco And Nicotine Vapour Products|Reid Retail Ltd|Active
The Fernbrae Arms|171 Main Street, Fernbrae,  QC32 7EQ|QC32 7EQ|Corriebeg|Public House|Tobacco And Nicotine Vapour Products|Anderson Retail Ltd|Inactive
Murray's Convenience Store|132 Castle Street, Balburn,  QA21 3ZE|QA21 3ZE|Aldmoor|Convenience Store|Tobacco Only|Campbell Retail Ltd|Inactive
Balpark Stores|142 Park Avenue, Balpark,  QF28 1QS|QF28 1QS|Fallinmuir|Other Retail|Tobacco And Nicotine Vapour Products|Balpark Stores|Active
Duncan's Convenience Store|99 Castle Street, Kinburn,  QE2 6NR|QE2 6NR|Eskbrae|Convenience Store|Tobacco And Nicotine Vapour Products|Duncan's Convenience Store|Active
 Anderson's Convenience Store |17 Mill Lane, Newside,  QB28 9QH|QB28 9QH|Brackenlaw|Convenience Store|Tobacco Only|Anderson's Convenience Store|Active
Anderson's Convenience Store|96 School Road, Birkbrae,  QA2 7HX|QA2 7HX|Aldmoor|Convenience Store|Tobacco Only|Anderson's Convenience Store|Active
Duncan's Convenience Store|127 Mill Lane, Craigbank,  QC31 0DB|QC31 0DB|Corriebeg|Convenience Store|Tobacco And Nicotine Vapour Products|Duncan's Convenience Store|Active
Murray's Convenience Store|88 Victoria Road, Langlea,  QA24 3FW|QA24 3FW|Aldmoor|Convenience Store|Tobacco And Nicotine Vapour Products|Campbell Retail Ltd|Active
Whinfield Supermarket|108 Main Street, Whinfield,  QG13 9WR|QG13 9WR|Glenhaven|Supermarket and Other Retail Outlets|Tobacco Only|Duncan Retail Ltd|Active
Dunholm Supermarket|170 Park Avenue, Dunholm,  QF10 6LQ|QF10 6LQ|Fallinmuir|Supermarket and Other Retail Outlets|Tobacco And Nicotine Vapour Products|Dunholm Supermarket|Active
 Glenmuir Service Station |179 Bridge Street, Glenmuir,  QC11 5AD|QC11 5AD|Corriebeg|Forecourt Garage|Tobacco And Nicotine Vapour Products|Glenmuir Service Station|Active
Ferguson Newsagents|159 Church Street, Craigtoun,  QD20 7YH|QD20 7YH|Drumlarach|Confectionary / Tobacconist / Newsagents|Tobacco Only|Lennox Retail Ltd|Active
Duncan's Convenience Store|112 Harbour Road, Melburn,  QC34 4DT|QC34 4DT|Corriebeg|Convenience Store|Tobacco And Nicotine Vapour Products|Duncan's Convenience Store|Active
Murray's Convenience Store|132 Glebe Road, Kinwood,  QC32 9XF|QC32 9XF|Corriebeg|Convenience Store|Tobacco Only|Murray's Convenience Store|Active
Watt's Convenience Store|88 Harbour Road, Lochanbank,  QF28 0PF|QF28 0PF|Fallinmuir|Convenience Store|Tobacco Only|Sinclair Retail Ltd|Active
Strathholm Takeaway|71 Queen Street, Strathholm,  QF6 0DL|QF6 0DL|Fallinmuir|Other Catering|Tobacco And Nicotine Vapour Products|Graham Retail Ltd|Active
Graham's Convenience Store|49 King Street, Lochancraig,  QA24 3RE|QA24 3RE|Aldmoor|Convenience Store|Tobacco Only|Graham's Convenience Store|Active
Duncan's Convenience Store|29 Station Road, Dunholm,  QF10 4QL|QF10 4QL|Fallinmuir|Convenience Store|Tobacco And Nicotine Vapour Products|Duncan's Convenience Store|Inactive
MacLeod's Convenience Store|178 Main Street, Rosslaw,  QD17 7QU|QD17 7QU|Drumlarach|Convenience Store|Tobacco Only|MacLeod's Convenience Store|Inactive
MacLeod's Convenience Store|17 Church Street, Invergate,  QD19 0HG|QD19 0HG|Drumlarach|Convenience Store|Tobacco And Nicotine Vapour Products|MacLeod's Convenience Store|Active
Branhaugh Takeaway|161 King Street, Branhaugh,  QE25 9PE|QE25 9PE|Eskbrae|Other Catering|Tobacco Only|Branhaugh Takeaway|Active
Strathpark Stores|25 Church Street, Strathpark,  QH16 0FY|QH16 0FY|Harlawmuir|Other Retail|Tobacco Only|Strathpark Stores|Active
Newbank Stores|113 Victoria Road, Newbank,  QA25 4XZ|QA25 4XZ|Aldmoor|Other Retail|Tobacco Only|Newbank Stores|Active
Anderson's Convenience Store|152 King Street, Duncraig,  QG12 9JS|QG12 9JS|Glenhaven|Convenience Store|Tobacco Only|Anderson Retail Ltd|Active
Campbell's Convenience Store|174 Harbour Road, Fernfield,  QH37 9HZ|QH37 9HZ|Harlawmuir|Convenience Store|Tobacco Only|Campbell's Convenience Store|Active
Strathmuir Stores|137 Market Street, Strathmuir,  QC35 4ZP|QC35 4ZP|Corriebeg|Other Retail|Tobacco Only|Murray Retail Ltd|Inactive
Glenholm Stores|160 Bridge Street, Glenholm,  QA24 1PG|QA24 1PG|Aldmoor|Other Retail|Tobacco Only|Glenholm Stores|Inactive
Fernlaw Service Station|130 King Street, Fernlaw,  QC34 3ZR|QC34 3ZR|Corriebeg|Forecourt Garage|Tobacco And Nicotine Vapour Products|Fernlaw Service Station|Active
 The Rossgate Arms |129 Main Street, Rossgate,  QE1 5FZ|QE1 5FZ|Eskbrae|Public House|Tobacco And Nicotine Vapour Products|Sinclair Retail Ltd|Inactive
 Langhaugh Service Station |54 Victoria Road, Langhaugh,  QE4 2HF|QE4 2HF|Eskbrae|Forecourt Garage|Tobacco And Nicotine Vapour Products|Murray Retail Ltd|Active
Watt's Convenience Store|91 High Street, Kinshaws,  QF9 5WA|QF9 5WA|Fallinmuir|Convenience Store|Tobacco Only|Anderson Retail Ltd|Active
 Campbell's Convenience Store |4 Market Street, Strathlaw,  QB10 1BX|QB10 1BX|Brackenlaw|Convenience Store|Tobacco Only|Campbell Retail Ltd|Active
Torside Supermarket|62 Harbour Road, Torside,  QF6 9QL|QF6 9QL|Fallinmuir|Supermarket and Other Retail Outlets|Tobacco And Nicotine Vapour Products|Paterson Retail Ltd|Active
 The Dalmuir Arms |137 Church Street, Dalmuir,  QD16 9LR|QD16 9LR|Drumlarach|Public House|Tobacco And Nicotine Vapour Products|The Dalmuir Arms|Active
Craiggate Wines|118 School Road, Craiggate,  QF27 8BB|QF27 8BB|Fallinmuir|Off-Licence|Tobacco Only|Hamilton Retail Ltd|Active
Lochanburn Hotel|40 Queen Street, Lochanburn,  QH20 0FD|QH20 0FD|Harlawmuir|Hotel|Tobacco And Nicotine Vapour Products|Campbell Retail Ltd|Active
Sinclair's Convenience Store|173 Harbour Road, Inverford,  QE25 0FT|QE25 0FT|Eskbrae|Convenience Store|Tobacco Only|Sinclair's Convenience Store|Active
Torgate Hotel|10 King Street, Torgate,  QC35 6ET|QC35 6ET|Corriebeg|Hotel|Tobacco Only|Torgate Hotel|Active
 Dunfield Stores |51 Glebe Road, Dunfield,  QC32 1GJ|QC32 1GJ|Corriebeg|Other Retail|Tobacco And Nicotine Vapour Products|Dunfield Stores|Active
Sinclair's Convenience Store|115 Station Road, Langholm,  QH39 4WH|QH39 4WH|Harlawmuir|Convenience Store|Tobacco Only|Sinclair's Convenience Store|Active
Anderson's Convenience Store|175 Bridge Street, Rossshaws,  QC15 1DS|QC15 1DS|Corriebeg|Convenience Store|Tobacco Only|Anderson's Convenience Store|Active
Reid Newsagents|6 Mill Lane, Melgate,  QH39 1BH|QH39 1BH|Harlawmuir|Confectionary / Tobacconist / Newsagents|Tobacco Only|Reid Retail Ltd|Active
Graham's Convenience Store|18 Station Road, Dunmains,  QE4 9ZE|QE4 9ZE|Eskbrae|Convenience Store|Tobacco And Nicotine Vapour Products|Anderson Retail Ltd|Inactive
Balburn Takeaway|147 Mill Lane, Balburn,  QE23 4AF|QE23 4AF|Eskbrae|Other Catering|Tobacco Only|Balburn Takeaway|Active
 Torlaw Service Station |43 Church Street, Torlaw,  QC32 3AX|QC32 3AX|Corriebeg|Forecourt Garage|Tobacco Only|Paterson Retail Ltd|Active
 Duncan's Convenience Store |84 Victoria Road, Melburn,  QA21 5SB|QA21 5SB|Aldmoor|Convenience Store|Tobacco And Nicotine Vapour Products|Duncan's Convenience Store|Active
Reid's Convenience Store|2 Church Street, Ashlaw,  QH16 4FA|QH16 4FA|Harlawmuir|Convenience Store|Tobacco Only|Reid's Convenience Store|Inactive
Paterson's Convenience Store|51 Glebe Road, Fernmuir,  QC34 6NN|QC34 6NN|Corriebeg|Convenience Store|Tobacco And Nicotine Vapour Products|Paterson's Convenience Store|Inactive
MacLeod's Convenience Store|86 Victoria Road, Birkwood,  QG14 7QL|QG14 7QL|Glenhaven|Convenience Store|Tobacco And Nicotine Vapour Products|MacLeod's Convenience Store|Active
Reid's Convenience Store|25 School Road, Daltoun,  QC12 6RJ|QC12 6RJ|Corriebeg|Convenience Store|Tobacco Only|Reid's Convenience Store|Active
The Strathlaw Arms|46 Victoria Road, Strathlaw,  QB10 1PS|QB10 1PS|Brackenlaw|Public House|Tobacco Only|Lennox Retail Ltd|Active
Newmains Service Station|57 Victoria Road, Newmains,  QG11 0SN|QG11 0SN|Glenhaven|Forecourt Garage|Tobacco And Nicotine Vapour Products|Newmains Service Station|Active
Newmuir Wines|12 Harbour Road, Newmuir,  QE1 1PG|QE1 1PG|Eskbrae|Off-Licence|Tobacco Only|Paterson Retail Ltd|Active
MacLeod's Convenience Store|161 Market Street, Newshaws,  QA4 6JZ|QA4 6JZ|Aldmoor|Convenience Store|Tobacco Only|Graham Retail Ltd|Inactive
Kerr's Convenience Store|62 Victoria Road, Killea,  QE25 5WU|QE25 5WU|Eskbrae|Convenience Store|Tobacco And Nicotine Vapour Products|Kerr's Convenience Store|Inactive
The Newbank Arms|22 Queen Street, Newbank,  QD18 2LH|QD18 2LH|Drumlarach|Public House|Tobacco Only|The Newbank Arms|Active
Glenlaw Supermarket|64 Queen Street, Glenlaw,  QG14 3GL|QG14 3GL|Glenhaven|Supermarket and Other Retail Outlets|Tobacco Only|Watt Retail Ltd|Active
The Lochancraig Arms|31 Mill Lane, Lochancraig,  QA24 3YD|QA24 3YD|Aldmoor|Public House|Tobacco And Nicotine Vapour Products|Watt Retail Ltd|Active
Murray's Convenience Store|119 Queen Street, Fernlea,  QB8 4DQ|QB8 4DQ|Brackenlaw|Convenience Store|Tobacco Only|Kerr Retail Ltd|Active
Graham Newsagents|74 Mill Lane, Strathholm,  QF6 4JB|QF6 4JB|Fallinmuir|Confectionary / Tobacconist / Newsagents|Tobacco Only|Graham Newsagents|Active
Kinlea Stores|86 Glebe Road, Kinlea,  QG31 2EN|QG31 2EN|Glenhaven|Other Retail|Tobacco And Nicotine Vapour Products|Reid Retail Ltd|Active
 The Glenlaw Arms |111 Victoria Road, Glenlaw,  QG14 5TX|QG14 5TX|Glenhaven|Public House|Tobacco Only|The Glenlaw Arms|Inactive
 Kerr's Convenience Store |105 Church Street, Langmains,  QH38 9JD|QH38 9JD|Harlawmuir|Convenience Store|Tobacco And Nicotine Vapour Products|Kerr's Convenience Store|Inactive
Torside Service Station|170 Market Street, Torside,  QF6 9JU|QF6 9JU|Fallinmuir|Forecourt Garage|Tobacco Only|Brown Retail Ltd|Active
Lennox Newsagents|163 School Road, Craiggate,  QH18 9QS|QH18 9QS|Harlawmuir|Confectionary / Tobacconist / Newsagents|Tobacco And Nicotine Vapour Products|Lennox Newsagents|Active
Rossdale Stores|142 Church Street, Rossdale,  QB30 9XD|QB30 9XD|Brackenlaw|Other Retail|Tobacco And Nicotine Vapour Products|Sinclair Retail Ltd|Active
Anderson Mobile Shop|155 Victoria Road, Fernshaws,  QF26 9BQ|QF26 9BQ|Fallinmuir|Mobile Trade|Tobacco Only|Anderson Mobile Shop|Active
Lennox's Convenience Store|155 Main Street, Rosshill,  QF30 3FT|QF30 3FT|Fallinmuir|Convenience Store|Tobacco And Nicotine Vapour Products|Lennox's Convenience Store|Active
Torgate Stores|61 Castle Street, Torgate,  QC35 6ET|QC35 6ET|Corriebeg|Other Retail|Tobacco And Nicotine Vapour Products|Graham Retail Ltd|Active
Murray's Convenience Store|126 Park Avenue, Fernholm,  QD38 5LP|QD38 5LP|Drumlarach|Convenience Store|Tobacco And Nicotine Vapour Products|Brown Retail Ltd|Active
Lochanhaugh Supermarket|62 Harbour Road, Lochanhaugh,  QF27 1XH|QF27 1XH|Fallinmuir|Supermarket and Other Retail Outlets|Tobacco Only|Lochanhaugh Supermarket|Active
Lennox's Convenience Store|88 Main Street, Newlea,  QE25 2PX|QE25 2PX|Eskbrae|Convenience Store|Tobacco And Nicotine Vapour Products|Kerr Retail Ltd|Active
Strathholm Stores|49 Queen Street, Strathholm,  QF6 4RA|QF6 4RA|Fallinmuir|Other Retail|Tobacco Only|Strathholm Stores|Active
 Graham's Convenience Store |130 High Street, Killea,  QE25 5WU|QE25 5WU|Eskbrae|Convenience Store|Tobacco Only|Ferguson Retail Ltd|Active
Rossmains Wines|13 Queen Street, Rossmains,  QF7 8FY|QF7 8FY|Fallinmuir|Off-Licence|Tobacco Only|Rossmains Wines|Inactive
Birklea Wines|85 Castle Street, Birklea,  QE4 3BR|QE4 3BR|Eskbrae|Off-Licence|Tobacco And Nicotine Vapour Products|MacLeod Retail Ltd|Active
The Strathgate Arms|165 Church Street, Strathgate,  QG13 1FB|QG13 1FB|Glenhaven|Public House|Tobacco Only|MacLeod Retail Ltd|Active
 Duncan's Convenience Store |55 High Street, Glengate,  QA4 3EP|QA4 3EP|Aldmoor|Convenience Store|Tobacco Only|Duncan's Convenience Store|Active
The Dungate Arms|125 Mill Lane, Dungate,  QD36 3RW|QD36 3RW|Drumlarach|Public House|Tobacco Only|The Dungate Arms|Active
Balburn Stores|85 Main Street, Balburn,  QE23 7AG|QE23 7AG|Eskbrae|Other Retail|Tobacco And Nicotine Vapour Products|Balburn Stores|Inactive
 Reid's Convenience Store |146 King Street, Rosslaw,  QD17 7HQ|QD17 7HQ|Drumlarach|Convenience Store|Tobacco Only|Reid's Convenience Store|Active
Campbell's Convenience Store|29 Park Avenue, Whindale,  QA24 3AF|QA24 3AF|Aldmoor|Convenience Store|Tobacco Only|Campbell's Convenience Store|Inactive
 The Torhill Arms |138 School Road, Torhill,  QC33 1FR|QC33 1FR|Corriebeg|Public House|Tobacco And Nicotine Vapour Products|The Torhill Arms|Active
Langlea Stores|117 High Street, Langlea,  QA24 3JN|QA24 3JN|Aldmoor|Other Retail|Tobacco Only|Brown Retail Ltd|Active
MacLeod's Convenience Store|127 Station Road, Lochanlea,  QA23 9HN|QA23 9HN|Aldmoor|Convenience Store|Tobacco And Nicotine Vapour Products|Ferguson Retail Ltd|Active
Graham's Convenience Store|23 King Street, Birkfield,  QF8 6RH|QF8 6RH|Fallinmuir|Convenience Store|Tobacco Only|Lennox Retail Ltd|Active
 The Kinlea Arms |79 Glebe Road, Kinlea,  QG31 1GF|QG31 1GF|Glenhaven|Public House|Tobacco Only|Anderson Retail Ltd|Active
 Graham Newsagents |138 Mill Lane, Torshaws,  QH20 2GR|QH20 2GR|Harlawmuir|Confectionary / Tobacconist / Newsagents|Tobacco Only|Graham Newsagents|Inactive
Murray's Convenience Store|63 Bridge Street, Craigbank,  QC31 0GW|QC31 0GW|Corriebeg|Convenience Store|Tobacco And Nicotine Vapour Products|Murray's Convenience Store|Active
 Strathfield Supermarket |157 Park Avenue, Strathfield,  QB30 5NU|QB30 5NU|Brackenlaw|Supermarket and Other Retail Outlets|Tobacco And Nicotine Vapour Products|Strathfield Supermarket|Inactive
Sinclair's Convenience Store|10 Harbour Road, Dungate,  QG31 0UB|QG31 0UB|Glenhaven|Convenience Store|Tobacco Only|Sinclair's Convenience Store|Active
Watt's Convenience Store|31 Bridge Street, Birkhaugh,  QA23 4TG|QA23 4TG|Aldmoor|Convenience Store|Tobacco Only|Watt's Convenience Store|Active
Campbell's Convenience Store|86 Market Street, Fernmains,  QF10 7RX|QF10 7RX|Fallinmuir|Convenience Store|Tobacco Only|Reid Retail Ltd|Inactive
Birkhill Stores|8 Castle Street, Birkhill,  QG35 0DU|QG35 0DU|Glenhaven|Other Retail|Tobacco Only|Birkhill Stores|Active
Fernshaws Service Station|65 Park Avenue, Fernshaws,  QF26 3XR|QF26 3XR|Fallinmuir|Forecourt Garage|Tobacco Only|Reid Retail Ltd|Active
Reid's Convenience Store|65 Bridge Street, Ballaw,  QF7 2GT|QF7 2GT|Fallinmuir|Convenience Store|Tobacco Only|Anderson Retail Ltd|Active
Inverhaugh Stores|108 King Street, Inverhaugh,  QC32 6RX|QC32 6RX|Corriebeg|Other Retail|Tobacco And Nicotine Vapour Products|Inverhaugh Stores|Inactive
Ashbrae Wines|176 Harbour Road, Ashbrae,  QF29 5HL|QF29 5HL|Fallinmuir|Off-Licence|Tobacco Only|Duncan Retail Ltd|Inactive
Anderson Newsagents|167 Castle Street, Rossside,  QH17 4ST|QH17 4ST|Harlawmuir|Confectionary / Tobacconist / Newsagents|Tobacco And Nicotine Vapour Products|Anderson Newsagents|Inactive
MacLeod Newsagents|111 Station Road, Torburn,  QG32 7AW|QG32 7AW|Glenhaven|Confectionary / Tobacconist / Newsagents|Tobacco Only|MacLeod Newsagents|Active
Duncan Mobile Shop|49 Victoria Road, Dungate,  QG31 8TW|QG31 8TW|Glenhaven|Mobile Trade|Tobacco Only|Duncan Mobile Shop|Active
MacLeod's Convenience Store|49 Mill Lane, Inverdale,  QG31 9US|QG31 9US|Glenhaven|Convenience Store|Tobacco Only|MacLeod's Convenience Store|Active
Murray's Convenience Store|136 Glebe Road, Inverbrae,  QF8 8EL|QF8 8EL|Fallinmuir|Convenience Store|Tobacco Only|Watt Retail Ltd|Active
Ashwood Supermarket|36 Market Street, Ashwood,  QA5 4ZD|QA5 4ZD|Aldmoor|Supermarket and Other Retail Outlets|Tobacco Only|Kerr Retail Ltd|Active
MacLeod's Convenience Store|29 Glebe Road, Rossgate,  QE1 5FS|QE1 5FS|Eskbrae|Convenience Store|Tobacco Only|Lennox Retail Ltd|Inactive
Reid's Convenience Store|42 Main Street, Langlea,  QA24 2NN|QA24 2NN|Aldmoor|Convenience Store|Tobacco Only|Reid's Convenience Store|Active
Langtoun Stores|148 High Street, Langtoun,  QC15 2LU|QC15 2LU|Corriebeg|Other Retail|Tobacco And Nicotine Vapour Products|Anderson Retail Ltd|Active
Kilcraig Supermarket|19 Victoria Road, Kilcraig,  QC15 2QZ|QC15 2QZ|Corriebeg|Supermarket and Other Retail Outlets|Tobacco And Nicotine Vapour Products|Watt Retail Ltd|Inactive
Kilgate Stores|152 Queen Street, Kilgate,  QA23 3HF|QA23 3HF|Aldmoor|Other Retail|Tobacco Only|Kilgate Stores|Active
Melfield Service Station|8 Church Street, Melfield,  QB8 6FP|QB8 6FP|Brackenlaw|Forecourt Garage|Tobacco Only|Graham Retail Ltd|Inactive
Strathside Supermarket|81 Bridge Street, Strathside,  QC31 3WW|QC31 3WW|Corriebeg|Supermarket and Other Retail Outlets|Tobacco Only|MacLeod Retail Ltd|Active
Langmains Takeaway|56 Park Avenue, Langmains,  QH38 9BA|QH38 9BA|Harlawmuir|Other Catering|Tobacco Only|Watt Retail Ltd|Inactive
Melwood Supermarket|23 Station Road, Melwood,  QF9 6YG|QF9 6YG|Fallinmuir|Supermarket and Other Retail Outlets|Tobacco Only|Melwood Supermarket|Active
Newbank Service Station|13 King Street, Newbank,  QF10 9HP|QF10 9HP|Fallinmuir|Forecourt Garage|Tobacco And Nicotine Vapour Products|Murray Retail Ltd|Inactive
Campbell's Convenience Store|105 Station Road, Newside,  QB28 1UX|QB28 1UX|Brackenlaw|Convenience Store|Tobacco And Nicotine Vapour Products|Campbell's Convenience Store|Active
Kerr's Convenience Store|157 Victoria Road, Strathmuir,  QC35 5UT|QC35 5UT|Corriebeg|Convenience Store|Tobacco Only|Kerr's Convenience Store|Active
Dallaw Stores|124 Queen Street, Dallaw,  QD39 0SU|QD39 0SU|Drumlarach|Other Retail|Tobacco And Nicotine Vapour Products|Dallaw Stores|Active
MacLeod's Convenience Store|106 Glebe Road, Rossshaws,  QC15 7QX|QC15 7QX|Corriebeg|Convenience Store|Tobacco Only|MacLeod's Convenience Store|Active
Kerr's Convenience Store|7 Victoria Road, Birkhill,  QG35 0HZ|QG35 0HZ|Glenhaven|Convenience Store|Tobacco Only|Kerr's Convenience Store|Inactive
 Brown's Convenience Store |134 Station Road, Daltoun,  QD40 3WL|QD40 3WL|Drumlarach|Convenience Store|Tobacco Only|Brown's Convenience Store|Active
Paterson Newsagents|141 Church Street, Dunlea,  QG12 4SJ|QG12 4SJ|Glenhaven|Confectionary / Tobacconist / Newsagents|Tobacco And Nicotine Vapour Products|Reid Retail Ltd|Inactive
 Birkbrae Service Station |11 King Street, Birkbrae,  QA2 7TW|QA2 7TW|Aldmoor|Forecourt Garage|Tobacco Only|Hamilton Retail Ltd|Active
Duncan Newsagents|8 Mill Lane, Fernshaws,  QF26 9TL|QF26 9TL|Fallinmuir|Confectionary / Tobacconist / Newsagents|Tobacco Only|Paterson Retail Ltd|Active
Sinclair's Convenience Store|159 Market Street, Glenlaw,  QG14 3UY|QG14 3UY|Glenhaven|Convenience Store|Tobacco Only|Campbell Retail Ltd|Active
Rossgate Service Station|15 Bridge Street, Rossgate,  QE1 9PN|QE1 9PN|Eskbrae|Forecourt Garage|Tobacco And Nicotine Vapour Products|Graham Retail Ltd|Active
Dungate Wines|102 Mill Lane, Dungate,  QG31 3LX|QG31 3LX|Glenhaven|Off-Licence|Tobacco And Nicotine Vapour Products|Dungate Wines|Active
Murray's Convenience Store|14 Queen Street, Newlea,  QE25 8EA|QE25 8EA|Eskbrae|Convenience Store|Tobacco Only|Lennox Retail Ltd|Inactive
The Rossshaws Arms|105 Bridge Street, Rossshaws,  QC15 3QB|QC15 3QB|Corriebeg|Public House|Tobacco And Nicotine Vapour Products|Campbell Retail Ltd|Active
Mellea Stores|95 High Street, Mellea,  QH19 4SJ|QH19 4SJ|Harlawmuir|Other Retail|Tobacco Only|Duncan Retail Ltd|Inactive
Kilmains Service Station|89 Bridge Street, Kilmains,  QB28 1AF|QB28 1AF|Brackenlaw|Forecourt Garage|Tobacco Only|Kilmains Service Station|Active
 Duncan's Convenience Store |65 Main Street, Ashside,  QH17 1EE|QH17 1EE|Harlawmuir|Convenience Store|Tobacco Only|Duncan's Convenience Store|Active
Watt's Convenience Store|154 Castle Street, Mellaw,  QB30 2WX|QB30 2WX|Brackenlaw|Convenience Store|Tobacco Only|Watt's Convenience Store|Inactive
Langshaws Takeaway|161 King Street, Langshaws,  QH19 1BB|QH19 1BB|Harlawmuir|Other Catering|Tobacco Only|Langshaws Takeaway|Active
Balburn Supermarket|97 Station Road, Balburn,  QE23 7XU|QE23 7XU|Eskbrae|Supermarket and Other Retail Outlets|Tobacco Only|Balburn Supermarket|Active
Dunfield Service Station|28 Park Avenue, Dunfield,  QC32 1BL|QC32 1BL|Corriebeg|Forecourt Garage|Tobacco Only|Murray Retail Ltd|Inactive
Reid Newsagents|96 Queen Street, Langbank,  QE5 0QJ|QE5 0QJ|Eskbrae|Confectionary / Tobacconist / Newsagents|Tobacco Only|Reid Newsagents|Active
Balshaws Supermarket|91 Glebe Road, Balshaws,  QD18 5SG|QD18 5SG|Drumlarach|Supermarket and Other Retail Outlets|Tobacco Only|Balshaws Supermarket|Active
Langmains Stores|77 King Street, Langmains,  QH38 2FE|QH38 2FE|Harlawmuir|Other Retail|Tobacco Only|Lennox Retail Ltd|Inactive
Lennox Mobile Shop|171 Queen Street, Glenford,  QC14 5US|QC14 5US|Corriebeg|Mobile Trade|Tobacco Only|Lennox Mobile Shop|Active
 Paterson's Convenience Store |106 Glebe Road, Inverbrae,  QF8 3QP|QF8 3QP|Fallinmuir|Convenience Store|Tobacco And Nicotine Vapour Products|Reid Retail Ltd|Active
Brown's Convenience Store|3 Harbour Road, Langtoun,  QC15 2LU|QC15 2LU|Corriebeg|Convenience Store|Tobacco Only|Brown's Convenience Store|Active
Kerr Newsagents|74 Bridge Street, Strathgate,  QB27 1AR|QB27 1AR|Brackenlaw|Confectionary / Tobacconist / Newsagents|Tobacco And Nicotine Vapour Products|Kerr Newsagents|Active
Kerr Newsagents|82 Glebe Road, Craiggate,  QF27 8EW|QF27 8EW|Fallinmuir|Confectionary / Tobacconist / Newsagents|Tobacco Only|Kerr Newsagents|Active
Torshaws Takeaway|48 Market Street, Torshaws,  QB30 6BL|QB30 6BL|Brackenlaw|Other Catering|Tobacco And Nicotine Vapour Products|Torshaws Takeaway|Inactive
Campbell's Convenience Store|167 King Street, Lochanshaws,  QG34 4UD|QG34 4UD|Glenhaven|Convenience Store|Tobacco And Nicotine Vapour Products|Campbell's Convenience Store|Active
Birklea Stores|167 Victoria Road, Birklea,  QE4 4LT|QE4 4LT|Eskbrae|Other Retail|Tobacco Only|Birklea Stores|Inactive
Paterson's Convenience Store|137 Bridge Street, Lochanhaugh,  QF27 1GP|QF27 1GP|Fallinmuir|Convenience Store|Tobacco And Nicotine Vapour Products|Paterson's Convenience Store|Active
 Sinclair's Convenience Store |137 Queen Street, Fernshaws,  QF26 5HQ|QF26 5HQ|Fallinmuir|Convenience Store|Tobacco And Nicotine Vapour Products|Sinclair's Convenience Store|Active
Hamilton's Convenience Store|27 Victoria Road, Whinhaugh,  QA3 8UL|QA3 8UL|Aldmoor|Convenience Store|Tobacco And Nicotine Vapour Products|Hamilton's Convenience Store|Active
Sinclair Newsagents|47 Victoria Road, Torside,  QF6 9ZF|QF6 9ZF|Fallinmuir|Confectionary / Tobacconist / Newsagents|Tobacco Only|Sinclair Newsagents|Active
Murray's Convenience Store|59 School Road, Kinlaw,  QE23 1WZ|QE23 1WZ|Eskbrae|Convenience Store|Tobacco And Nicotine Vapour Products|Lennox Retail Ltd|Active
Anderson's Convenience Store|51 Queen Street, Balcraig,  QC14 6EE|QC14 6EE|Corriebeg|Convenience Store|Tobacco And Nicotine Vapour Products|Anderson's Convenience Store|Active
Invergate Stores|160 Station Road, Invergate,  QD19 0QZ|QD19 0QZ|Drumlarach|Other Retail|Tobacco Only|Invergate Stores|Active
Graham Newsagents|28 Church Street, Rosstoun,  QH37 8SD|QH37 8SD|Harlawmuir|Confectionary / Tobacconist / Newsagents|Tobacco Only|Graham Newsagents|Active
Balwood Hotel|172 Glebe Road, Balwood,  QE3 3TB|QE3 3TB|Eskbrae|Hotel|Tobacco And Nicotine Vapour Products|Balwood Hotel|Active
Lochanlaw Supermarket|162 Glebe Road, Lochanlaw,  QB10 4BH|QB10 4BH|Brackenlaw|Supermarket and Other Retail Outlets|Tobacco Only|Brown Retail Ltd|Active
Ashbank Wines|77 Harbour Road, Ashbank,  QD19 2FH|QD19 2FH|Drumlarach|Off-Licence|Tobacco And Nicotine Vapour Products|Ashbank Wines|Inactive
 Glenmains Supermarket |71 Church Street, Glenmains,  QD17 0WG|QD17 0WG|Drumlarach|Supermarket and Other Retail Outlets|Tobacco Only|Glenmains Supermarket|Active
MacLeod's Convenience Store|146 Queen Street, Kinlaw,  QE55 2YD|QE55 2YD|Eskbrae|Convenience Store|Tobacco And Nicotine Vapour Products|MacLeod's Convenience Store|Active
The Birkcraig Arms|88 School Road, Birkcraig,  QB26 2GX|QB26 2GX|Brackenlaw|Public House|Tobacco Only|Campbell Retail Ltd|Active
Lennox's Convenience Store|161 Station Road, Dungate,  QG31 3QS|QG31 3QS|Glenhaven|Convenience Store|Tobacco Only|Lennox's Convenience Store|Active
Rosscraig Service Station|75 Station Road, Rosscraig,  QA5 0DG|QA5 0DG|Aldmoor|Forecourt Garage|Tobacco Only|Paterson Retail Ltd|Inactive
Craigside Supermarket|141 Mill Lane, Craigside,  QG12 8YG|QG12 8YG|Glenhaven|Supermarket and Other Retail Outlets|Tobacco Only|Reid Retail Ltd|Active
Kinbank Hotel|172 Bridge Street, Kinbank,  QB29 7YQ|QB29 7YQ|Brackenlaw|Hotel|Tobacco And Nicotine Vapour Products|Kinbank Hotel|Active
Glenmains Supermarket|12 Victoria Road, Glenmains,  QD17 3FB|QD17 3FB|Drumlarach|Supermarket and Other Retail Outlets|Tobacco And Nicotine Vapour Products|Glenmains Supermarket|Active
Lennox's Convenience Store|178 Market Street, Mellaw,  QE3 3TQ|QE3 3TQ|Eskbrae|Convenience Store|Tobacco And Nicotine Vapour Products|Lennox's Convenience Store|Active
Hamilton's Convenience Store|132 Main Street, Dalmuir,  QD16 7PG|QD16 7PG|Drumlarach|Convenience Store|Tobacco And Nicotine Vapour Products|Hamilton's Convenience Store|Active
Glenfield Supermarket|140 Station Road, Glenfield,  QH36 5XN|QH36 5XN|Harlawmuir|Supermarket and Other Retail Outlets|Tobacco And Nicotine Vapour Products|Glenfield Supermarket|Active
The Dalshaws Arms|70 Station Road, Dalshaws,  QE23 5UA|QE23 5UA|Eskbrae|Public House|Tobacco Only|Kerr Retail Ltd|Inactive
Watt Newsagents|113 Harbour Road, Strathdale,  QE5 5RY|QE5 5RY|Eskbrae|Confectionary / Tobacconist / Newsagents|Tobacco And Nicotine Vapour Products|Watt Newsagents|Active
Fernmuir Service Station|57 Station Road, Fernmuir,  QE1 7NA|QE1 7NA|Eskbrae|Forecourt Garage|Tobacco And Nicotine Vapour Products|Fernmuir Service Station|Active
Duncan Newsagents|34 Mill Lane, Newshaws,  QD16 4RZ|QD16 4RZ|Drumlarach|Confectionary / Tobacconist / Newsagents|Tobacco Only|Brown Retail Ltd|Active
 Watt Newsagents |27 Castle Street, Strathmuir,  QC35 5WH|QC35 5WH|Corriebeg|Confectionary / Tobacconist / Newsagents|Tobacco Only|Watt Newsagents|Active
Craigbrae Service Station|64 Park Avenue, Craigbrae,  QA46 2NT|QA46 2NT|Aldmoor|Forecourt Garage|Tobacco Only|Craigbrae Service Station|Active
 Anderson's Convenience Store |51 Mill Lane, Glenholm,  QB8 0WS|QB8 0WS|Brackenlaw|Convenience Store|Tobacco Only|Anderson's Convenience Store|Active
Paterson's Convenience Store|39 High Street, Daltoun,  QC12 1QD|QC12 1QD|Corriebeg|Convenience Store|Tobacco Only|Paterson's Convenience Store|Active
 Duncan Newsagents |110 Church Street, Whinlaw,  QA22 4FL|QA22 4FL|Aldmoor|Confectionary / Tobacconist / Newsagents|Tobacco And Nicotine Vapour Products|Duncan Newsagents|Active
Paterson's Convenience Store|2 Market Street, Newshaws,  QD20 5RQ|QD20 5RQ|Drumlarach|Convenience Store|Tobacco And Nicotine Vapour Products|Anderson Retail Ltd|Active
Birkfield Takeaway|40 School Road, Birkfield,  QF8 6HT|QF8 6HT|Fallinmuir|Other Catering|Tobacco And Nicotine Vapour Products|Birkfield Takeaway|Inactive
Kilhaugh Stores|132 School Road, Kilhaugh,  QB6 6QX|QB6 6QX|Brackenlaw|Other Retail|Tobacco Only|Kilhaugh Stores|Active
Dalburn Wines|102 High Street, Dalburn,  QC33 4SQ|QC33 4SQ|Corriebeg|Off-Licence|Tobacco Only|MacLeod Retail Ltd|Active
Duncan Newsagents|105 Castle Street, Rossfield,  QA25 5UB|QA25 5UB|Aldmoor|Confectionary / Tobacconist / Newsagents|Tobacco Only|Duncan Newsagents|Active
MacLeod's Convenience Store|136 Glebe Road, Langcraig,  QB29 0QW|QB29 0QW|Brackenlaw|Convenience Store|Tobacco And Nicotine Vapour Products|MacLeod's Convenience Store|Active
Mellea Stores|3 Castle Street, Mellea,  QC33 2XN|QC33 2XN|Corriebeg|Other Retail|Tobacco Only|Mellea Stores|Inactive
Sinclair Newsagents|20 Church Street, Glenford,  QC14 5WP|QC14 5WP|Corriebeg|Confectionary / Tobacconist / Newsagents|Tobacco And Nicotine Vapour Products|Sinclair Newsagents|Active
Murray's Convenience Store|21 Glebe Road, Birkshaws,  QD40 0WQ|QD40 0WQ|Drumlarach|Convenience Store|Tobacco Only|Duncan Retail Ltd|Active
Langcraig Stores|113 Castle Street, Langcraig,  QH37 4DB|QH37 4DB|Harlawmuir|Other Retail|Tobacco And Nicotine Vapour Products|Langcraig Stores|Active
Dunmains Service Station|72 Park Avenue, Dunmains,  QE4 0LN|QE4 0LN|Eskbrae|Forecourt Garage|Tobacco Only|Dunmains Service Station|Active
The Birkholm Arms|135 Main Street, Birkholm,  QG11 7YE|QG11 7YE|Glenhaven|Public House|Tobacco And Nicotine Vapour Products|Watt Retail Ltd|Active
Daltoun Takeaway|176 Park Avenue, Daltoun,  QC12 3FH|QC12 3FH|Corriebeg|Other Catering|Tobacco And Nicotine Vapour Products|Daltoun Takeaway|Active
Anderson's Convenience Store|152 Queen Street, Dalcraig,  QB7 3ZD|QB7 3ZD|Brackenlaw|Convenience Store|Tobacco And Nicotine Vapour Products|Murray Retail Ltd|Inactive
Reid Mobile Shop|171 School Road, Ashwood,  QA5 9BL|QA5 9BL|Aldmoor|Mobile Trade|Tobacco And Nicotine Vapour Products|Reid Mobile Shop|Active
Torgate Supermarket|55 Victoria Road, Torgate,  QC35 6BY|QC35 6BY|Corriebeg|Supermarket and Other Retail Outlets|Tobacco And Nicotine Vapour Products|Torgate Supermarket|Inactive
Sinclair's Convenience Store|162 School Road, Craiggate,  QF27 8RL|QF27 8RL|Fallinmuir|Convenience Store|Tobacco Only|Sinclair's Convenience Store|Active
Lennox's Convenience Store|37 King Street, Langmains,  QG13 5QG|QG13 5QG|Glenhaven|Convenience Store|Tobacco Only|Lennox's Convenience Store|Active
 Dunlaw Takeaway |4 Market Street, Dunlaw,  QD36 7BS|QD36 7BS|Drumlarach|Other Catering|Tobacco And Nicotine Vapour Products|Dunlaw Takeaway|Active
Glenford Stores|109 King Street, Glenford,  QC14 5US|QC14 5US|Corriebeg|Other Retail|Tobacco Only|Glenford Stores|Active
Strathfield Service Station|109 Castle Street, Strathfield,  QB30 5NU|QB30 5NU|Brackenlaw|Forecourt Garage|Tobacco And Nicotine Vapour Products|Brown Retail Ltd|Inactive
The Newlea Arms|19 Main Street, Newlea,  QE25 9DE|QE25 9DE|Eskbrae|Public House|Tobacco And Nicotine Vapour Products|Duncan Retail Ltd|Active
Balcraig Wines|14 Glebe Road, Balcraig,  QC14 0TS|QC14 0TS|Corriebeg|Off-Licence|Tobacco And Nicotine Vapour Products|Balcraig Wines|Active
Duncan's Convenience Store|63 School Road, Melburn,  QC34 6XT|QC34 6XT|Corriebeg|Convenience Store|Tobacco Only|Anderson Retail Ltd|Active
Murray's Convenience Store|55 High Street, Fernshaws,  QF26 3XR|QF26 3XR|Fallinmuir|Convenience Store|Tobacco Only|Kerr Retail Ltd|Active
The Birkshaws Arms|40 Main Street, Birkshaws,  QH17 7YR|QH17 7YR|Harlawmuir|Public House|Tobacco And Nicotine Vapour Products|The Birkshaws Arms|Active
Watt Newsagents|32 Glebe Road, Strathfield,  QE3 0XN|QE3 0XN|Eskbrae|Confectionary / Tobacconist / Newsagents|Tobacco Only|Watt Newsagents|Active
Ashpark Stores|112 King Street, Ashpark,  QC13 8WS|QC13 8WS|Corriebeg|Other Retail|Tobacco And Nicotine Vapour Products|Brown Retail Ltd|Active
Sinclair's Convenience Store|146 Glebe Road, Glenmains,  QF27 7TY|QF27 7TY|Fallinmuir|Convenience Store|Tobacco Only|Hamilton Retail Ltd|Active
 Hamilton Newsagents |62 Glebe Road, Kinwood,  QE5 1XL|QE5 1XL|Eskbrae|Confectionary / Tobacconist / Newsagents|Tobacco And Nicotine Vapour Products|Hamilton Newsagents|Active
Ferguson Newsagents|1 Victoria Road, Newgate,  QD16 0SJ|QD16 0SJ|Drumlarach|Confectionary / Tobacconist / Newsagents|Tobacco And Nicotine Vapour Products|MacLeod Retail Ltd|Active
Murray's Convenience Store|147 Bridge Street, Invermuir,  QH36 7ZD|QH36 7ZD|Harlawmuir|Convenience Store|Tobacco Only|Kerr Retail Ltd|Active
Daltoun Takeaway|171 Main Street, Daltoun,  QD40 0PA|QD40 0PA|Drumlarach|Other Catering|Tobacco Only|Daltoun Takeaway|Active
 Dunholm Stores |98 Glebe Road, Dunholm,  QF10 6EQ|QF10 6EQ|Fallinmuir|Other Retail|Tobacco And Nicotine Vapour Products|Murray Retail Ltd|Active
Balburn Service Station|11 School Road, Balburn,  QA21 3TG|QA21 3TG|Aldmoor|Forecourt Garage|Tobacco Only|Balburn Service Station|Active
The Birkbrae Arms|27 Church Street, Birkbrae,  QA2 3ST|QA2 3ST|Aldmoor|Public House|Tobacco And Nicotine Vapour Products|MacLeod Retail Ltd|Active
Duncan's Convenience Store|130 Mill Lane, Glenmains,  QD17 0GQ|QD17 0GQ|Drumlarach|Convenience Store|Tobacco Only|Paterson Retail Ltd|Active
Brown's Convenience Store|102 Station Road, Dalholm,  QB6 7DN|QB6 7DN|Brackenlaw|Convenience Store|Tobacco Only|Sinclair Retail Ltd|Inactive
The Fernmuir Arms|21 Main Street, Fernmuir,  QH18 4YH|QH18 4YH|Harlawmuir|Public House|Tobacco Only|The Fernmuir Arms|Active
The Newmains Arms|57 Bridge Street, Newmains,  QG11 1TF|QG11 1TF|Glenhaven|Public House|Tobacco Only|Kerr Retail Ltd|Active
 Inverholm Wines |157 Victoria Road, Inverholm,  QD38 6RX|QD38 6RX|Drumlarach|Off-Licence|Tobacco And Nicotine Vapour Products|Inverholm Wines|Active
Dunmains Supermarket|143 Mill Lane, Dunmains,  QG33 8QT|QG33 8QT|Glenhaven|Supermarket and Other Retail Outlets|Tobacco Only|Dunmains Supermarket|Active
Lennox's Convenience Store|108 Church Street, Langfield,  QF9 7HL|QF9 7HL|Fallinmuir|Convenience Store|Tobacco And Nicotine Vapour Products|Lennox's Convenience Store|Active
 Graham Newsagents |89 High Street, Dalmuir,  QD16 0GE|QD16 0GE|Drumlarach|Confectionary / Tobacconist / Newsagents|Tobacco Only|Graham Newsagents|Active
Hamilton Newsagents|25 Castle Street, Whindale,  QB29 7FP|QB29 7FP|Brackenlaw|Confectionary / Tobacconist / Newsagents|Tobacco Only|Hamilton Newsagents|Inactive
 The Branhaugh Arms |12 School Road, Branhaugh,  QE25 9BU|QE25 9BU|Eskbrae|Public House|Tobacco And Nicotine Vapour Products|The Branhaugh Arms|Active
Duncan's Convenience Store|156 Church Street, Torburn,  QG12 3YN|QG12 3YN|Glenhaven|Convenience Store|Tobacco Only|Duncan's Convenience Store|Inactive
Reid's Convenience Store|128 Bridge Street, Kilgate,  QA4 6AQ|QA4 6AQ|Aldmoor|Convenience Store|Tobacco Only|Reid's Convenience Store|Active
The Newmuir Arms|140 Castle Street, Newmuir,  QE1 5SJ|QE1 5SJ|Eskbrae|Public House|Tobacco Only|The Newmuir Arms|Active
Newbank Supermarket|149 Mill Lane, Newbank,  QD18 2EL|QD18 2EL|Drumlarach|Supermarket and Other Retail Outlets|Tobacco And Nicotine Vapour Products|MacLeod Retail Ltd|Active
Murray's Convenience Store|79 Station Road, Langhaugh,  QE4 2LU|QE4 2LU|Eskbrae|Convenience Store|Tobacco And Nicotine Vapour Products|Murray's Convenience Store|Active
 Duncan's Convenience Store |66 Station Road, Strathtoun,  QH37 4TN|QH37 4TN|Harlawmuir|Convenience Store|Tobacco And Nicotine Vapour Products|Graham Retail Ltd|Active
Paterson's Convenience Store|131 Main Street, Langshaws,  QF9 3TW|QF9 3TW|Fallinmuir|Convenience Store|Tobacco Only|Ferguson Retail Ltd|Active
Graham Newsagents|131 Harbour Road, Glenford,  QE23 0GP|QE23 0GP|Eskbrae|Confectionary / Tobacconist / Newsagents|Tobacco And Nicotine Vapour Products|Graham Newsagents|Active
Craighill Stores|124 Queen Street, Craighill,  QC35 3SE|QC35 3SE|Corriebeg|Other Retail|Tobacco And Nicotine Vapour Products|Craighill Stores|Active
The Kintoun Arms|171 Station Road, Kintoun,  QG33 6BL|QG33 6BL|Glenhaven|Public House|Tobacco And Nicotine Vapour Products|The Kintoun Arms|Active
The Ashlaw Arms|111 Bridge Street, Ashlaw,  QH16 1QX|QH16 1QX|Harlawmuir|Public House|Tobacco And Nicotine Vapour Products|Reid Retail Ltd|Active
Strathmains Stores|96 High Street, Strathmains,  QH40 8QF|QH40 8QF|Harlawmuir|Other Retail|Tobacco Only|Lennox Retail Ltd|Inactive
Sinclair's Convenience Store|49 Victoria Road, Glentoun,  QD20 6QY|QD20 6QY|Drumlarach|Convenience Store|Tobacco And Nicotine Vapour Products|Sinclair's Convenience Store|Inactive
Langdale Wines|26 Victoria Road, Langdale,  QA5 6WL|QA5 6WL|Aldmoor|Off-Licence|Tobacco Only|Langdale Wines|Active
Duncan's Convenience Store|95 Main Street, Rossburn,  QC11 1XA|QC11 1XA|Corriebeg|Convenience Store|Tobacco Only|Murray Retail Ltd|Active
Lennox's Convenience Store|81 Church Street, Dalshaws,  QB26 6LA|QB26 6LA|Brackenlaw|Convenience Store|Tobacco Only|Reid Retail Ltd|Active
Watt's Convenience Store|83 Glebe Road, Craigbank,  QC14 6GE|QC14 6GE|Corriebeg|Convenience Store|Tobacco Only|Ferguson Retail Ltd|Active
Fernhaugh Stores|177 School Road, Fernhaugh,  QH39 0ZQ|QH39 0ZQ|Harlawmuir|Other Retail|Tobacco Only|Graham Retail Ltd|Inactive
Graham's Convenience Store|65 Queen Street, Strathholm,  QF6 0AG|QF6 0AG|Fallinmuir|Convenience Store|Tobacco Only|Graham's Convenience Store|Active
The Newside Arms|87 Harbour Road, Newside,  QD20 2SX|QD20 2SX|Drumlarach|Public House|Tobacco And Nicotine Vapour Products|Kerr Retail Ltd|Active
Campbell Newsagents|99 Bridge Street, Langtoun,  QB6 1RS|QB6 1RS|Brackenlaw|Confectionary / Tobacconist / Newsagents|Tobacco Only|Campbell Newsagents|Active
 Paterson's Convenience Store |120 Main Street, Strathmuir,  QC35 2FU|QC35 2FU|Corriebeg|Convenience Store|Tobacco And Nicotine Vapour Products|Paterson's Convenience Store|Active
Kerr's Convenience Store|150 Harbour Road, Dalford,  QF26 2YY|QF26 2YY|Fallinmuir|Convenience Store|Tobacco Only|Lennox Retail Ltd|Active
The Fernfield Arms|69 Glebe Road, Fernfield,  QH37 2HL|QH37 2HL|Harlawmuir|Public House|Tobacco Only|The Fernfield Arms|Active
Dunbank Wines|83 Victoria Road, Dunbank,  QG13 9BT|QG13 9BT|Glenhaven|Off-Licence|Tobacco Only|Duncan Retail Ltd|Active
Langlaw Takeaway|158 King Street, Langlaw,  QG34 5SD|QG34 5SD|Glenhaven|Other Catering|Tobacco Only|Campbell Retail Ltd|Inactive
Reid's Convenience Store|166 High Street, Kilfield,  QE5 5UT|QE5 5UT|Eskbrae|Convenience Store|Tobacco And Nicotine Vapour Products|Watt Retail Ltd|Active
Birkhill Supermarket|134 Castle Street, Birkhill,  QG35 6PT|QG35 6PT|Glenhaven|Supermarket and Other Retail Outlets|Tobacco Only|Anderson Retail Ltd|Active
Ferguson's Convenience Store|156 Bridge Street, Strathlea,  QF9 9ZJ|QF9 9ZJ|Fallinmuir|Convenience Store|Tobacco Only|Ferguson's Convenience Store|Active
Reid's Convenience Store|103 High Street, Newburn,  QE2 7DB|QE2 7DB|Eskbrae|Convenience Store|Tobacco Only|Brown Retail Ltd|Active
Paterson's Convenience Store|106 Victoria Road, Lochanmains,  QF29 0XQ|QF29 0XQ|Fallinmuir|Convenience Store|Tobacco Only|Paterson's Convenience Store|Active
The Langtoun Arms|108 High Street, Langtoun,  QA22 9HD|QA22 9HD|Aldmoor|Public House|Tobacco And Nicotine Vapour Products|Brown Retail Ltd|Inactive
Dunside Stores|79 Bridge Street, Dunside,  QD40 5EQ|QD40 5EQ|Drumlarach|Other Retail|Tobacco Only|Dunside Stores|Active
Sinclair's Convenience Store|118 Queen Street, Fernshaws,  QE24 3YS|QE24 3YS|Eskbrae|Convenience Store|Tobacco Only|Sinclair's Convenience Store|Active
Mellea Supermarket|142 Main Street, Mellea,  QC33 5SE|QC33 5SE|Corriebeg|Supermarket and Other Retail Outlets|Tobacco Only|Graham Retail Ltd|Active
Watt Newsagents|85 School Road, Invermuir,  QH36 2UZ|QH36 2UZ|Harlawmuir|Confectionary / Tobacconist / Newsagents|Tobacco And Nicotine Vapour Products|Brown Retail Ltd|Active
Graham's Convenience Store|61 King Street, Balshaws,  QD18 5EQ|QD18 5EQ|Drumlarach|Convenience Store|Tobacco Only|Graham's Convenience Store|Active
 Reid Newsagents |167 Mill Lane, Whinlea,  QB10 6RW|QB10 6RW|Brackenlaw|Confectionary / Tobacconist / Newsagents|Tobacco Only|Reid Newsagents|Active
Reid's Convenience Store|6 Glebe Road, Inverdale,  QG31 9SR|QG31 9SR|Glenhaven|Convenience Store|Tobacco Only|Sinclair Retail Ltd|Active
Melwood Service Station|140 Station Road, Melwood,  QB29 5HJ|QB29 5HJ|Brackenlaw|Forecourt Garage|Tobacco Only|Campbell Retail Ltd|Inactive
Dunmains Takeaway|60 Church Street, Dunmains,  QG33 8TT|QG33 8TT|Glenhaven|Other Catering|Tobacco And Nicotine Vapour Products|Dunmains Takeaway|Active
Anderson's Convenience Store|98 Mill Lane, Lochanlea,  QH36 0AN|QH36 0AN|Harlawmuir|Convenience Store|Tobacco And Nicotine Vapour Products|Anderson's Convenience Store|Active
Hamilton's Convenience Store|172 Station Road, Rosslaw,  QD17 7WN|QD17 7WN|Drumlarach|Convenience Store|Tobacco Only|Paterson Retail Ltd|Active
Ferguson's Convenience Store|138 Mill Lane, Birkwood,  QE25 2YA|QE25 2YA|Eskbrae|Convenience Store|Tobacco And Nicotine Vapour Products|Ferguson's Convenience Store|Active
Rosslea Stores|18 Queen Street, Rosslea,  QG11 8QL|QG11 8QL|Glenhaven|Other Retail|Tobacco And Nicotine Vapour Products|Rosslea Stores|Active
Graham's Convenience Store|15 Station Road, Ashshaws,  QB27 8AR|QB27 8AR|Brackenlaw|Convenience Store|Tobacco Only|Lennox Retail Ltd|Active
Dalshaws Service Station|46 School Road, Dalshaws,  QE23 8ST|QE23 8ST|Eskbrae|Forecourt Garage|Tobacco And Nicotine Vapour Products|Ferguson Retail Ltd|Active
Duncan's Convenience Store|168 Church Street, Birkhaugh,  QA23 2QN|QA23 2QN|Aldmoor|Convenience Store|Tobacco Only|Duncan's Convenience Store|Active
Baltoun Takeaway|31 Glebe Road, Baltoun,  QE2 4HP|QE2 4HP|Eskbrae|Other Catering|Tobacco And Nicotine Vapour Products|Baltoun Takeaway|Inactive
Sinclair's Convenience Store|144 Main Street, Lochanmains,  QF29 7XG|QF29 7XG|Fallinmuir|Convenience Store|Tobacco Only|Reid Retail Ltd|Inactive
Rossford Takeaway|19 Victoria Road, Rossford,  QD36 3LL|QD36 3LL|Drumlarach|Other Catering|Tobacco And Nicotine Vapour Products|Murray Retail Ltd|Active
The Craighaugh Arms|17 Park Avenue, Craighaugh,  QG33 7EU|QG33 7EU|Glenhaven|Public House|Tobacco Only|MacLeod Retail Ltd|Active
Campbell's Convenience Store|150 Queen Street, Ashwood,  QA5 4ST|QA5 4ST|Aldmoor|Convenience Store|Tobacco Only|Campbell's Convenience Store|Inactive
Langmains Supermarket|69 Main Street, Langmains,  QG13 2XX|QG13 2XX|Glenhaven|Supermarket and Other Retail Outlets|Tobacco And Nicotine Vapour Products|Kerr Retail Ltd|Active
Watt's Convenience Store|16 Harbour Road, Langford,  QD37 9LJ|QD37 9LJ|Drumlarach|Convenience Store|Tobacco And Nicotine Vapour Products|Watt's Convenience Store|Active
Kerr's Convenience Store|65 Market Street, Craighaugh,  QG33 7QE|QG33 7QE|Glenhaven|Convenience Store|Tobacco And Nicotine Vapour Products|Watt Retail Ltd|Active
Melwood Stores|137 Victoria Road, Melwood,  QB29 5PF|QB29 5PF|Brackenlaw|Other Retail|Tobacco Only|Duncan Retail Ltd|Inactive
Murray Newsagents|87 King Street, Ashwood,  QA5 4PP|QA5 4PP|Aldmoor|Confectionary / Tobacconist / Newsagents|Tobacco And Nicotine Vapour Products|Murray Newsagents|Inactive
Murray's Convenience Store|6 Market Street, Rossburn,  QD16 6UD|QD16 6UD|Drumlarach|Convenience Store|Tobacco Only|Murray's Convenience Store|Active
Birkmuir Service Station|78 School Road, Birkmuir,  QA22 5UN|QA22 5UN|Aldmoor|Forecourt Garage|Tobacco Only|Paterson Retail Ltd|Active
The Birkholm Arms|11 Main Street, Birkholm,  QG11 3EJ|QG11 3EJ|Glenhaven|Public House|Tobacco And Nicotine Vapour Products|The Birkholm Arms|Active
Watt's Convenience Store|96 King Street, Strathpark,  QH16 1ZD|QH16 1ZD|Harlawmuir|Convenience Store|Tobacco Only|Murray Retail Ltd|Active
Fernside Stores|9 Church Street, Fernside,  QH39 6DX|QH39 6DX|Harlawmuir|Other Retail|Tobacco Only|Fernside Stores|Active
Duncraig Supermarket|172 Queen Street, Duncraig,  QG12 7PT|QG12 7PT|Glenhaven|Supermarket and Other Retail Outlets|Tobacco Only|Duncan Retail Ltd|Active
Torhill Takeaway|69 Park Avenue, Torhill,  QC33 0BZ|QC33 0BZ|Corriebeg|Other Catering|Tobacco Only|Torhill Takeaway|Active
Kinlaw Stores|17 King Street, Kinlaw,  QE23 8UU|QE23 8UU|Eskbrae|Other Retail|Tobacco Only|Paterson Retail Ltd|Active
 Dungate Wines |163 Bridge Street, Dungate,  QH19 7XG|QH19 7XG|Harlawmuir|Off-Licence|Tobacco Only|Dungate Wines|Active
 Sinclair's Convenience Store |50 Station Road, Rossburn,  QC11 8GP|QC11 8GP|Corriebeg|Convenience Store|Tobacco Only|Sinclair's Convenience Store|Inactive
Strathside Stores|102 Park Avenue, Strathside,  QF26 8FB|QF26 8FB|Fallinmuir|Other Retail|Tobacco Only|Strathside Stores|Active
Melshaws Supermarket|111 Glebe Road, Melshaws,  QA3 3GA|QA3 3GA|Aldmoor|Supermarket and Other Retail Outlets|Tobacco Only|Ferguson Retail Ltd|Active
 Reid Newsagents |179 Church Street, Strathholm,  QF6 1GG|QF6 1GG|Fallinmuir|Confectionary / Tobacconist / Newsagents|Tobacco Only|Murray Retail Ltd|Active
Melbrae Hotel|53 Park Avenue, Melbrae,  QB10 0LH|QB10 0LH|Brackenlaw|Hotel|Tobacco Only|Lennox Retail Ltd|Active
 Strathbrae Service Station |179 Bridge Street, Strathbrae,  QB28 2DN|QB28 2DN|Brackenlaw|Forecourt Garage|Tobacco Only|Strathbrae Service Station|Inactive
The Kinwood Arms|176 Glebe Road, Kinwood,  QE5 8TW|QE5 8TW|Eskbrae|Public House|Tobacco And Nicotine Vapour Products|The Kinwood Arms|Inactive
Graham's Convenience Store|8 School Road, Balshaws,  QD18 3ZT|QD18 3ZT|Drumlarach|Convenience Store|Tobacco Only|Graham's Convenience Store|Active
Lennox's Convenience Store|163 Victoria Road, Balpark,  QH18 8SL|QH18 8SL|Harlawmuir|Convenience Store|Tobacco Only|Lennox's Convenience Store|Inactive
Reid's Convenience Store|35 Station Road, Kildale,  QB9 4UY|QB9 4UY|Brackenlaw|Convenience Store|Tobacco And Nicotine Vapour Products|Duncan Retail Ltd|Active
Paterson's Convenience Store|92 King Street, Newlea,  QE22 1TW|QE22 1TW|Eskbrae|Convenience Store|Tobacco And Nicotine Vapour Products|Paterson's Convenience Store|Inactive
Inverford Stores|67 Queen Street, Inverford,  QE24 6ZN|QE24 6ZN|Eskbrae|Other Retail|Tobacco Only|Brown Retail Ltd|Active
 Lennox Mobile Shop |98 High Street, Birkford,  QF30 6WT|QF30 6WT|Fallinmuir|Mobile Trade|Tobacco And Nicotine Vapour Products|Campbell Retail Ltd|Inactive
Inverlea Supermarket|107 King Street, Inverlea,  QD37 6YN|QD37 6YN|Drumlarach|Supermarket and Other Retail Outlets|Tobacco Only|Inverlea Supermarket|Active
Langdale Wines|130 Castle Street, Langdale,  QE3 9RH|QE3 9RH|Eskbrae|Off-Licence|Tobacco Only|Langdale Wines|Active
 MacLeod Newsagents |41 King Street, Birkfield,  QF8 4JZ|QF8 4JZ|Fallinmuir|Confectionary / Tobacconist / Newsagents|Tobacco Only|MacLeod Newsagents|Inactive
Lochanbank Service Station|130 Castle Street, Lochanbank,  QF28 9BL|QF28 9BL|Fallinmuir|Forecourt Garage|Tobacco And Nicotine Vapour Products|Campbell Retail Ltd|Active
Reid's Convenience Store|82 Castle Street, Kinlaw,  QE23 1NF|QE23 1NF|Eskbrae|Convenience Store|Tobacco Only|Lennox Retail Ltd|Active
 Sinclair's Convenience Store |93 Park Avenue, Fernmains,  QF10 6FH|QF10 6FH|Fallinmuir|Convenience Store|Tobacco And Nicotine Vapour Products|Sinclair's Convenience Store|Active
Glenmuir Wines|129 School Road, Glenmuir,  QC11 9DH|QC11 9DH|Corriebeg|Off-Licence|Tobacco Only|Glenmuir Wines|Inactive
Balshaws Service Station|24 Harbour Road, Balshaws,  QD18 5NY|QD18 5NY|Drumlarach|Forecourt Garage|Tobacco Only|Balshaws Service Station|Active
Paterson's Convenience Store|87 Queen Street, Kilhill,  QA1 8BG|QA1 8BG|Aldmoor|Convenience Store|Tobacco Only|Murray Retail Ltd|Active
Murray's Convenience Store|127 Main Street, Rossmains,  QF7 9LJ|QF7 9LJ|Fallinmuir|Convenience Store|Tobacco Only|Anderson Retail Ltd|Inactive
Fernlaw Stores|62 Park Avenue, Fernlaw,  QC34 8NZ|QC34 8NZ|Corriebeg|Other Retail|Tobacco Only|Fernlaw Stores|Inactive
Birklaw Stores|62 King Street, Birklaw,  QD40 4EH|QD40 4EH|Drumlarach|Other Retail|Tobacco Only|MacLeod Retail Ltd|Active
Kerr's Convenience Store|65 Main Street, Torside,  QF6 9XJ|QF6 9XJ|Fallinmuir|Convenience Store|Tobacco And Nicotine Vapour Products|Kerr's Convenience Store|Active
The Kinhaugh Arms|18 King Street, Kinhaugh,  QG15 4HR|QG15 4HR|Glenhaven|Public House|Tobacco Only|The Kinhaugh Arms|Active
Newbank Service Station|13 King Street, Newbank,  QF10 5FY|QF10 5FY|Fallinmuir|Forecourt Garage|Tobacco Only|Anderson Retail Ltd|Active
Murray Mobile Shop|111 Mill Lane, Fernlaw,  QC34 3YE|QC34 3YE|Corriebeg|Mobile Trade|Tobacco Only|Graham Retail Ltd|Active
Ferguson's Convenience Store|31 Church Street, Strathwood,  QD19 9YN|QD19 9YN|Drumlarach|Convenience Store|Tobacco And Nicotine Vapour Products|Sinclair Retail Ltd|Active
Brown's Convenience Store|56 Victoria Road, Strathdale,  QE5 5EA|QE5 5EA|Eskbrae|Convenience Store|Tobacco And Nicotine Vapour Products|Brown's Convenience Store|Active
Lennox's Convenience Store|13 Church Street, Birkcraig,  QB26 6EN|QB26 6EN|Brackenlaw|Convenience Store|Tobacco Only|Lennox's Convenience Store|Active
Langlaw Hotel|72 King Street, Langlaw,  QC13 6DN|QC13 6DN|Corriebeg|Hotel|Tobacco Only|Langlaw Hotel|Active
Brown Newsagents|52 Mill Lane, Dunside,  QD40 2WR|QD40 2WR|Drumlarach|Confectionary / Tobacconist / Newsagents|Tobacco Only|Brown Newsagents|Active
Balwood Wines|137 Mill Lane, Balwood,  QE3 1YT|QE3 1YT|Eskbrae|Off-Licence|Tobacco And Nicotine Vapour Products|Balwood Wines|Active
Lennox's Convenience Store|1 Victoria Road, Torburn,  QG32 5DH|QG32 5DH|Glenhaven|Convenience Store|Tobacco And Nicotine Vapour Products|Lennox's Convenience Store|Inactive
Brown's Convenience Store|27 Market Street, Balshaws,  QD18 3PQ|QD18 3PQ|Drumlarach|Convenience Store|Tobacco Only|Brown's Convenience Store|Active
Hamilton's Convenience Store|178 Mill Lane, Rosslaw,  QH39 1UG|QH39 1UG|Harlawmuir|Convenience Store|Tobacco Only|Hamilton's Convenience Store|Active
Ferguson's Convenience Store|156 Harbour Road, Lochantoun,  QF29 4YS|QF29 4YS|Fallinmuir|Convenience Store|Tobacco And Nicotine Vapour Products|Sinclair Retail Ltd|Active
 Graham's Convenience Store |127 Church Street, Rossburn,  QD16 0YL|QD16 0YL|Drumlarach|Convenience Store|Tobacco Only|Graham's Convenience Store|Active
Dunside Stores|80 School Road, Dunside,  QD40 5WE|QD40 5WE|Drumlarach|Other Retail|Tobacco And Nicotine Vapour Products|Lennox Retail Ltd|Active
Murray's Convenience Store|132 Victoria Road, Torgate,  QC35 6NN|QC35 6NN|Corriebeg|Convenience Store|Tobacco And Nicotine Vapour Products|Anderson Retail Ltd|Active
Langlea Stores|133 King Street, Langlea,  QA3 8ZY|QA3 8ZY|Aldmoor|Other Retail|Tobacco Only|Anderson Retail Ltd|Inactive
Kerr Newsagents|103 School Road, Mellaw,  QE21 4WL|QE21 4WL|Eskbrae|Confectionary / Tobacconist / Newsagents|Tobacco And Nicotine Vapour Products|Kerr Newsagents|Inactive
 Duncan's Convenience Store |39 Market Street, Dunlaw,  QD36 4HN|QD36 4HN|Drumlarach|Convenience Store|Tobacco Only|Campbell Retail Ltd|Active
Kindale Service Station|27 School Road, Kindale,  QC14 4GB|QC14 4GB|Corriebeg|Forecourt Garage|Tobacco Only|Kindale Service Station|Active
 Fernshaws Hotel |110 Market Street, Fernshaws,  QF26 9BQ|QF26 9BQ|Fallinmuir|Hotel|Tobacco Only|Fernshaws Hotel|Active
Birkwood Stores|147 High Street, Birkwood,  QC11 0LQ|QC11 0LQ|Corriebeg|Other Retail|Tobacco And Nicotine Vapour Products|Birkwood Stores|Active
Inverbank Supermarket|8 Castle Street, Inverbank,  QA2 4UB|QA2 4UB|Aldmoor|Supermarket and Other Retail Outlets|Tobacco Only|Inverbank Supermarket|Active
The Birklaw Arms|43 Church Street, Birklaw,  QD40 4LG|QD40 4LG|Drumlarach|Public House|Tobacco Only|The Birklaw Arms|Active
Fernholm Wines|20 Station Road, Fernholm,  QD38 2WA|QD38 2WA|Drumlarach|Off-Licence|Tobacco Only|Fernholm Wines|Active
Reid's Convenience Store|138 Castle Street, Birkhill,  QG35 0YY|QG35 0YY|Glenhaven|Convenience Store|Tobacco Only|Reid's Convenience Store|Active
Paterson Newsagents|19 King Street, Strathbrae,  QB28 2RE|QB28 2RE|Brackenlaw|Confectionary / Tobacconist / Newsagents|Tobacco Only|Paterson Newsagents|Active
The Inverwood Arms|161 King Street, Inverwood,  QA22 2WG|QA22 2WG|Aldmoor|Public House|Tobacco And Nicotine Vapour Products|The Inverwood Arms|Inactive
 Paterson Newsagents |124 Park Avenue, Whinburn,  QA1 2UL|QA1 2UL|Aldmoor|Confectionary / Tobacconist / Newsagents|Tobacco Only|Duncan Retail Ltd|Inactive
Murray Newsagents|13 Main Street, Dunholm,  QF10 0GH|QF10 0GH|Fallinmuir|Confectionary / Tobacconist / Newsagents|Tobacco Only|Murray Newsagents|Active
Sinclair Newsagents|134 School Road, Whinlaw,  QA22 9GQ|QA22 9GQ|Aldmoor|Confectionary / Tobacconist / Newsagents|Tobacco And Nicotine Vapour Products|Murray Retail Ltd|Active
Branbank Hotel|137 Bridge Street, Branbank,  QE22 2NS|QE22 2NS|Eskbrae|Hotel|Tobacco Only|Branbank Hotel|Active
Kilgate Takeaway|90 Market Street, Kilgate,  QA4 2DU|QA4 2DU|Aldmoor|Other Catering|Tobacco Only|Kilgate Takeaway|Active
The Birkfield Arms|164 Church Street, Birkfield,  QF8 6XE|QF8 6XE|Fallinmuir|Public House|Tobacco Only|The Birkfield Arms|Active
Anderson's Convenience Store|126 Market Street, Whinlea,  QB10 8WY|QB10 8WY|Brackenlaw|Convenience Store|Tobacco And Nicotine Vapour Products|Kerr Retail Ltd|Active
Paterson's Convenience Store|63 Station Road, Strathholm,  QF6 1GL|QF6 1GL|Fallinmuir|Convenience Store|Tobacco And Nicotine Vapour Products|Reid Retail Ltd|Active
Glenholm Takeaway|167 Station Road, Glenholm,  QA24 9ZR|QA24 9ZR|Aldmoor|Other Catering|Tobacco And Nicotine Vapour Products|Lennox Retail Ltd|Inactive
 Kerr's Convenience Store |144 Main Street, Newdale,  QB8 4ST|QB8 4ST|Brackenlaw|Convenience Store|Tobacco Only|Kerr's Convenience Store|Active
Melburn Wines|132 Station Road, Melburn,  QC34 0SG|QC34 0SG|Corriebeg|Off-Licence|Tobacco Only|Sinclair Retail Ltd|Active
Melbrae Stores|161 Market Street, Melbrae,  QB10 0LB|QB10 0LB|Brackenlaw|Other Retail|Tobacco Only|Duncan Retail Ltd|Active
 Inverlea Service Station |12 Bridge Street, Inverlea,  QG32 8YF|QG32 8YF|Glenhaven|Forecourt Garage|Tobacco Only|Inverlea Service Station|Active
Torlaw Stores|16 Mill Lane, Torlaw,  QE21 4HX|QE21 4HX|Eskbrae|Other Retail|Tobacco Only|Ferguson Retail Ltd|Active
Ferguson's Convenience Store|33 School Road, Ashbrae,  QD17 6WN|QD17 6WN|Drumlarach|Convenience Store|Tobacco Only|Ferguson's Convenience Store|Active
Reid Newsagents|97 King Street, Glenburn,  QD17 2TR|QD17 2TR|Drumlarach|Confectionary / Tobacconist / Newsagents|Tobacco Only|Reid Newsagents|Active
Hamilton's Convenience Store|94 Station Road, Melcraig,  QH19 2LA|QH19 2LA|Harlawmuir|Convenience Store|Tobacco Only|MacLeod Retail Ltd|Active
Murray's Convenience Store|105 School Road, Strathside,  QF26 2HJ|QF26 2HJ|Fallinmuir|Convenience Store|Tobacco And Nicotine Vapour Products|Murray's Convenience Store|Active
Paterson Newsagents|100 Church Street, Dunmuir,  QG35 3NA|QG35 3NA|Glenhaven|Confectionary / Tobacconist / Newsagents|Tobacco And Nicotine Vapour Products|Paterson Newsagents|Inactive
Duncan's Convenience Store|39 Bridge Street, Lochanford,  QB7 5PS|QB7 5PS|Brackenlaw|Convenience Store|Tobacco Only|Duncan Retail Ltd|Active
The Whinfield Arms|109 Harbour Road, Whinfield,  QG13 9FL|QG13 9FL|Glenhaven|Public House|Tobacco Only|Watt Retail Ltd|Inactive
 Duncan's Convenience Store |165 Harbour Road, Melburn,  QC34 0XS|QC34 0XS|Corriebeg|Convenience Store|Tobacco And Nicotine Vapour Products|Duncan's Convenience Store|Active
Reid's Convenience Store|9 Harbour Road, Torgate,  QC35 6AS|QC35 6AS|Corriebeg|Convenience Store|Tobacco Only|Ferguson Retail Ltd|Active
Fernmuir Supermarket|117 Victoria Road, Fernmuir,  QC34 6ZY|QC34 6ZY|Corriebeg|Supermarket and Other Retail Outlets|Tobacco Only|Fernmuir Supermarket|Active
 Paterson's Convenience Store |78 High Street, Lochanshaws,  QF6 0ZD|QF6 0ZD|Fallinmuir|Convenience Store|Tobacco Only|Watt Retail Ltd|Active
Newbank Service Station|117 Church Street, Newbank,  QF10 2JT|QF10 2JT|Fallinmuir|Forecourt Garage|Tobacco And Nicotine Vapour Products|Hamilton Retail Ltd|Active
Kerr's Convenience Store|30 School Road, Newbank,  QD18 4TQ|QD18 4TQ|Drumlarach|Convenience Store|Tobacco Only|Duncan Retail Ltd|Inactive
Watt's Convenience Store|115 School Road, Ferncraig,  QC13 9EQ|QC13 9EQ|Corriebeg|Convenience Store|Tobacco And Nicotine Vapour Products|Watt's Convenience Store|Active
 Glenfield Wines |74 High Street, Glenfield,  QB9 8PW|QB9 8PW|Brackenlaw|Off-Licence|Tobacco And Nicotine Vapour Products|Kerr Retail Ltd|Inactive
Branmains Wines|35 Church Street, Branmains,  QH36 7UJ|QH36 7UJ|Harlawmuir|Off-Licence|Tobacco Only|Branmains Wines|Active
Ferguson's Convenience Store|18 Harbour Road, Torgate,  QC35 5SL|QC35 5SL|Corriebeg|Convenience Store|Tobacco Only|Anderson Retail Ltd|Active
Reid's Convenience Store|102 Glebe Road, Glenfield,  QH36 8ZY|QH36 8ZY|Harlawmuir|Convenience Store|Tobacco Only|Reid's Convenience Store|Active
The Whinlaw Arms|49 Castle Street, Whinlaw,  QA22 5NR|QA22 5NR|Aldmoor|Public House|Tobacco And Nicotine Vapour Products|The Whinlaw Arms|Active
Kerr's Convenience Store|83 Castle Street, Ferncraig,  QC13 5FP|QC13 5FP|Corriebeg|Convenience Store|Tobacco Only|Kerr's Convenience Store|Active
Duncan's Convenience Store|149 Bridge Street, Dalburn,  QC33 4QN|QC33 4QN|Corriebeg|Convenience Store|Tobacco And Nicotine Vapour Products|MacLeod Retail Ltd|Active
Duncan's Convenience Store|116 Park Avenue, Balburn,  QA21 2FA|QA21 2FA|Aldmoor|Convenience Store|Tobacco Only|Duncan's Convenience Store|Active
 Branhaugh Supermarket |2 Station Road, Branhaugh,  QE25 9XR|QE25 9XR|Eskbrae|Supermarket and Other Retail Outlets|Tobacco And Nicotine Vapour Products|Lennox Retail Ltd|Active
Sinclair's Convenience Store|143 Main Street, Dunlea,  QG12 5ZJ|QG12 5ZJ|Glenhaven|Convenience Store|Tobacco And Nicotine Vapour Products|Sinclair's Convenience Store|Inactive
MacLeod Mobile Shop|4 High Street, Craighaugh,  QG33 7WN|QG33 7WN|Glenhaven|Mobile Trade|Tobacco Only|Murray Retail Ltd|Active
Reid's Convenience Store|3 School Road, Melshaws,  QA3 4AU|QA3 4AU|Aldmoor|Convenience Store|Tobacco And Nicotine Vapour Products|Reid's Convenience Store|Inactive
Glenlaw Service Station|116 Mill Lane, Glenlaw,  QG14 5FA|QG14 5FA|Glenhaven|Forecourt Garage|Tobacco Only|Glenlaw Service Station|Active
Lennox Newsagents|9 Station Road, Newside,  QD20 4YG|QD20 4YG|Drumlarach|Confectionary / Tobacconist / Newsagents|Tobacco And Nicotine Vapour Products|Anderson Retail Ltd|Inactive
Duncan Newsagents|78 Park Avenue, Langfield,  QF9 1SX|QF9 1SX|Fallinmuir|Confectionary / Tobacconist / Newsagents|Tobacco Only|Duncan Newsagents|Active
Graham's Convenience Store|55 Park Avenue, Torholm,  QA21 4PP|QA21 4PP|Aldmoor|Convenience Store|Tobacco Only|Graham's Convenience Store|Inactive
Melcraig Wines|148 Queen Street, Melcraig,  QH19 2BU|QH19 2BU|Harlawmuir|Off-Licence|Tobacco Only|Melcraig Wines|Active
 Glenholm Supermarket |41 School Road, Glenholm,  QA24 7LN|QA24 7LN|Aldmoor|Supermarket and Other Retail Outlets|Tobacco Only|Glenholm Supermarket|Active
Watt Mobile Shop|4 Main Street, Birkcraig,  QB26 6BX|QB26 6BX|Brackenlaw|Mobile Trade|Tobacco Only|Watt Mobile Shop|Inactive
Fernshaws Takeaway|144 Market Street, Fernshaws,  QF26 9EJ|QF26 9EJ|Fallinmuir|Other Catering|Tobacco Only|Anderson Retail Ltd|Active
Brown's Convenience Store|160 Glebe Road, Lochanhaugh,  QD20 3XZ|QD20 3XZ|Drumlarach|Convenience Store|Tobacco And Nicotine Vapour Products|MacLeod Retail Ltd|Active
 Kerr Newsagents |140 School Road, Langtoun,  QC15 2LY|QC15 2LY|Corriebeg|Confectionary / Tobacconist / Newsagents|Tobacco And Nicotine Vapour Products|Kerr Newsagents|Active
 Campbell Newsagents |130 Castle Street, Torholm,  QA1 4SA|QA1 4SA|Aldmoor|Confectionary / Tobacconist / Newsagents|Tobacco Only|Campbell Newsagents|Active
Balpark Takeaway|31 Glebe Road, Balpark,  QD39 8SN|QD39 8SN|Drumlarach|Other Catering|Tobacco And Nicotine Vapour Products|Balpark Takeaway|Active
The Newshaws Arms|79 Main Street, Newshaws,  QD16 4GE|QD16 4GE|Drumlarach|Public House|Tobacco Only|Ferguson Retail Ltd|Inactive
 Sinclair's Convenience Store |5 School Road, Rossside,  QE2 3EU|QE2 3EU|Eskbrae|Convenience Store|Tobacco Only|Sinclair Retail Ltd|Active
Daltoun Stores|73 Church Street, Daltoun,  QC12 2GA|QC12 2GA|Corriebeg|Other Retail|Tobacco Only|Daltoun Stores|Active
Hamilton's Convenience Store|6 Glebe Road, Birkhaugh,  QA23 2ZR|QA23 2ZR|Aldmoor|Convenience Store|Tobacco Only|Watt Retail Ltd|Active
Hamilton Newsagents|23 Station Road, Dunmains,  QE4 0UY|QE4 0UY|Eskbrae|Confectionary / Tobacconist / Newsagents|Tobacco Only|Hamilton Newsagents|Active
Ferguson's Convenience Store|162 Main Street, Torlaw,  QE21 4YG|QE21 4YG|Eskbrae|Convenience Store|Tobacco Only|MacLeod Retail Ltd|Active
Strathside Stores|26 Church Street, Strathside,  QF26 4NE|QF26 4NE|Fallinmuir|Other Retail|Tobacco And Nicotine Vapour Products|Strathside Stores|Active
Lochanburn Stores|61 Bridge Street, Lochanburn,  QD18 5BJ|QD18 5BJ|Drumlarach|Other Retail|Tobacco And Nicotine Vapour Products|Lochanburn Stores|Active
Campbell's Convenience Store|16 School Road, Langmains,  QG13 5UZ|QG13 5UZ|Glenhaven|Convenience Store|Tobacco Only|Watt Retail Ltd|Active
Campbell's Convenience Store|116 High Street, Glenlaw,  QG14 3AU|QG14 3AU|Glenhaven|Convenience Store|Tobacco And Nicotine Vapour Products|Campbell's Convenience Store|Active
Duncan's Convenience Store|53 Harbour Road, Fernmuir,  QE1 2NL|QE1 2NL|Eskbrae|Convenience Store|Tobacco Only|Duncan's Convenience Store|Active
Dalcraig Stores|114 Glebe Road, Dalcraig,  QB7 0ZD|QB7 0ZD|Brackenlaw|Other Retail|Tobacco Only|Dalcraig Stores|Active
Ferguson Mobile Shop|24 High Street, Melhill,  QC14 0LQ|QC14 0LQ|Corriebeg|Mobile Trade|Tobacco And Nicotine Vapour Products|Campbell Retail Ltd|Active
Watt Newsagents|70 Market Street, Inverford,  QE24 6YN|QE24 6YN|Eskbrae|Confectionary / Tobacconist / Newsagents|Tobacco Only|Watt Newsagents|Active
MacLeod's Convenience Store|44 Park Avenue, Fernlaw,  QC34 3TZ|QC34 3TZ|Corriebeg|Convenience Store|Tobacco Only|MacLeod's Convenience Store|Active
MacLeod's Convenience Store|16 Main Street, Dalford,  QF26 9LA|QF26 9LA|Fallinmuir|Convenience Store|Tobacco Only|MacLeod's Convenience Store|Active
Birkwood Stores|83 Park Avenue, Birkwood,  QC11 7GA|QC11 7GA|Corriebeg|Other Retail|Tobacco Only|Birkwood Stores|Inactive
 The Mellea Arms |24 Harbour Road, Mellea,  QC59 7WT|QC59 7WT|Corriebeg|Public House|Tobacco Only|The Mellea Arms|Active
Watt's Convenience Store|4 Glebe Road, Rosshill,  QA5 9EG|QA5 9EG|Aldmoor|Convenience Store|Tobacco And Nicotine Vapour Products|Campbell Retail Ltd|Active
Brown's Convenience Store|162 Main Street, Whinfield,  QD40 9BL|QD40 9BL|Drumlarach|Convenience Store|Tobacco Only|Brown's Convenience Store|Active
Brown Newsagents|15 Harbour Road, Dalshaws,  QB26 7ZR|QB26 7ZR|Brackenlaw|Confectionary / Tobacconist / Newsagents|Tobacco Only|Watt Retail Ltd|Active
Anderson's Convenience Store|42 Main Street, Langtoun,  QC15 2YJ|QC15 2YJ|Corriebeg|Convenience Store|Tobacco Only|Hamilton Retail Ltd|Active
Dunside Stores|36 High Street, Dunside,  QH40 3NE|QH40 3NE|Harlawmuir|Other Retail|Tobacco Only|Dunside Stores|Inactive
The Strathside Arms|172 High Street, Strathside,  QC31 8RD|QC31 8RD|Corriebeg|Public House|Tobacco And Nicotine Vapour Products|Murray Retail Ltd|Active
Watt Newsagents|115 Victoria Road, Ferncraig,  QC13 3AE|QC13 3AE|Corriebeg|Confectionary / Tobacconist / Newsagents|Tobacco Only|Anderson Retail Ltd|Active
The Branhill Arms|83 Mill Lane, Branhill,  QF27 5ST|QF27 5ST|Fallinmuir|Public House|Tobacco And Nicotine Vapour Products|The Branhill Arms|Active
Mellaw Hotel|118 Market Street, Mellaw,  QE21 7JG|QE21 7JG|Eskbrae|Hotel|Tobacco And Nicotine Vapour Products|Brown Retail Ltd|Inactive
Ashbank Service Station|154 Market Street, Ashbank,  QG15 4UU|QG15 4UU|Glenhaven|Forecourt Garage|Tobacco And Nicotine Vapour Products|Ashbank Service Station|Active
Lennox Newsagents|137 King Street, Melcraig,  QC12 5BR|QC12 5BR|Corriebeg|Confectionary / Tobacconist / Newsagents|Tobacco And Nicotine Vapour Products|Lennox Newsagents|Active
Lochanbank Wines|128 Station Road, Lochanbank,  QF28 3TW|QF28 3TW|Fallinmuir|Off-Licence|Tobacco Only|Lochanbank Wines|Inactive
Kilfield Hotel|157 Main Street, Kilfield,  QE5 3EE|QE5 3EE|Eskbrae|Hotel|Tobacco And Nicotine Vapour Products|Hamilton Retail Ltd|Active
 MacLeod Newsagents |60 High Street, Torgate,  QC35 0HP|QC35 0HP|Corriebeg|Confectionary / Tobacconist / Newsagents|Tobacco And Nicotine Vapour Products|Brown Retail Ltd|Active
The Langcraig Arms|124 Queen Street, Langcraig,  QB29 8LQ|QB29 8LQ|Brackenlaw|Public House|Tobacco And Nicotine Vapour Products|Murray Retail Ltd|Active
Inverdale Hotel|143 Park Avenue, Inverdale,  QG31 9XZ|QG31 9XZ|Glenhaven|Hotel|Tobacco And Nicotine Vapour Products|Inverdale Hotel|Active
Birkshaws Takeaway|76 Park Avenue, Birkshaws,  QD40 5FE|QD40 5FE|Drumlarach|Other Catering|Tobacco Only|Birkshaws Takeaway|Active
Newlea Service Station|62 Harbour Road, Newlea,  QE22 3DR|QE22 3DR|Eskbrae|Forecourt Garage|Tobacco And Nicotine Vapour Products|Campbell Retail Ltd|Active
 Rosshill Service Station |5 Victoria Road, Rosshill,  QA5 9GY|QA5 9GY|Aldmoor|Forecourt Garage|Tobacco And Nicotine Vapour Products|Ferguson Retail Ltd|Active
Melcraig Stores|121 High Street, Melcraig,  QC12 1FU|QC12 1FU|Corriebeg|Other Retail|Tobacco And Nicotine Vapour Products|Melcraig Stores|Active
Glenmains Service Station|46 Main Street, Glenmains,  QD17 0XB|QD17 0XB|Drumlarach|Forecourt Garage|Tobacco And Nicotine Vapour Products|Lennox Retail Ltd|Active
Sinclair's Convenience Store|83 King Street, Whincraig,  QG15 7DN|QG15 7DN|Glenhaven|Convenience Store|Tobacco Only|Sinclair's Convenience Store|Active
Paterson's Convenience Store|37 Harbour Road, Glenmuir,  QC11 9GF|QC11 9GF|Corriebeg|Convenience Store|Tobacco And Nicotine Vapour Products|Anderson Retail Ltd|Active
Sinclair's Convenience Store|128 Market Street, Langhaugh,  QE4 4TU|QE4 4TU|Eskbrae|Convenience Store|Tobacco And Nicotine Vapour Products|Brown Retail Ltd|Inactive
The Strathside Arms|49 Glebe Road, Strathside,  QC31 4TR|QC31 4TR|Corriebeg|Public House|Tobacco Only|The Strathside Arms|Active
Ferncraig Stores|1 Church Street, Ferncraig,  QC13 5NH|QC13 5NH|Corriebeg|Other Retail|Tobacco Only|Ferncraig Stores|Inactive
Lennox's Convenience Store|132 Church Street, Ashburn,  QE24 1ZH|QE24 1ZH|Eskbrae|Convenience Store|Tobacco Only|Lennox's Convenience Store|Active
Invercraig Stores|79 Mill Lane, Invercraig,  QE22 1RG|QE22 1RG|Eskbrae|Other Retail|Tobacco And Nicotine Vapour Products|Brown Retail Ltd|Active
 Kerr Newsagents |48 High Street, Inverbank,  QA2 2ST|QA2 2ST|Aldmoor|Confectionary / Tobacconist / Newsagents|Tobacco Only|Kerr Newsagents|Active
Sinclair's Convenience Store|40 King Street, Glenford,  QC14 5DU|QC14 5DU|Corriebeg|Convenience Store|Tobacco Only|Sinclair's Convenience Store|Active
Paterson's Convenience Store|5 Victoria Road, Newburn,  QE2 3FG|QE2 3FG|Eskbrae|Convenience Store|Tobacco And Nicotine Vapour Products|Campbell Retail Ltd|Active
Ashbrae Service Station|176 Mill Lane, Ashbrae,  QF8 9AJ|QF8 9AJ|Fallinmuir|Forecourt Garage|Tobacco Only|Hamilton Retail Ltd|Active
Paterson's Convenience Store|136 King Street, Rossdale,  QG14 4HE|QG14 4HE|Glenhaven|Convenience Store|Tobacco And Nicotine Vapour Products|Sinclair Retail Ltd|Inactive
Hamilton's Convenience Store|12 Station Road, Fernmuir,  QE1 7SE|QE1 7SE|Eskbrae|Convenience Store|Tobacco And Nicotine Vapour Products|Hamilton's Convenience Store|Active
 Newbank Takeaway |126 Castle Street, Newbank,  QF10 5QL|QF10 5QL|Fallinmuir|Other Catering|Tobacco And Nicotine Vapour Products|Newbank Takeaway|Active
Anderson's Convenience Store|84 Market Street, Branhill,  QF27 9RZ|QF27 9RZ|Fallinmuir|Convenience Store|Tobacco Only|Anderson's Convenience Store|Active
Brown's Convenience Store|123 Victoria Road, Langlaw,  QC13 6RS|QC13 6RS|Corriebeg|Convenience Store|Tobacco And Nicotine Vapour Products|Brown Retail Ltd|Active
 Inverbank Takeaway |98 Queen Street, Inverbank,  QA2 2QJ|QA2 2QJ|Aldmoor|Other Catering|Tobacco Only|Inverbank Takeaway|Inactive
Reid's Convenience Store|106 Church Street, Glenmains,  QD17 0WG|QD17 0WG|Drumlarach|Convenience Store|Tobacco And Nicotine Vapour Products|Murray Retail Ltd|Active
Sinclair Newsagents|92 Bridge Street, Glenfield,  QB9 3DG|QB9 3DG|Brackenlaw|Confectionary / Tobacconist / Newsagents|Tobacco And Nicotine Vapour Products|Sinclair Newsagents|Inactive
Watt Newsagents|56 Castle Street, Rossdale,  QG14 4JU|QG14 4JU|Glenhaven|Confectionary / Tobacconist / Newsagents|Tobacco And Nicotine Vapour Products|Watt Newsagents|Active
 Invercraig Service Station |57 Harbour Road, Invercraig,  QE22 5WT|QE22 5WT|Eskbrae|Forecourt Garage|Tobacco Only|Ferguson Retail Ltd|Active
Kerr Mobile Shop|108 Castle Street, Melburn,  QC34 6ZX|QC34 6ZX|Corriebeg|Mobile Trade|Tobacco Only|Kerr Mobile Shop|Active
Balpark Wines|86 Castle Street, Balpark,  QF28 6RU|QF28 6RU|Fallinmuir|Off-Licence|Tobacco And Nicotine Vapour Products|Balpark Wines|Active
Ashside Stores|116 Harbour Road, Ashside,  QC15 1NH|QC15 1NH|Corriebeg|Other Retail|Tobacco Only|Ashside Stores|Inactive
Paterson Newsagents|41 Castle Street, Strathholm,  QF6 6ZN|QF6 6ZN|Fallinmuir|Confectionary / Tobacconist / Newsagents|Tobacco Only|MacLeod Retail Ltd|Inactive
Murray Newsagents|160 Market Street, Langtoun,  QC15 1RZ|QC15 1RZ|Corriebeg|Confectionary / Tobacconist / Newsagents|Tobacco And Nicotine Vapour Products|Lennox Retail Ltd|Active
Newside Stores|78 Harbour Road, Newside,  QD20 4GT|QD20 4GT|Drumlarach|Other Retail|Tobacco And Nicotine Vapour Products|Newside Stores|Active
Strathbank Stores|44 Mill Lane, Strathbank,  QB26 0SD|QB26 0SD|Brackenlaw|Other Retail|Tobacco Only|Strathbank Stores|Active
The Craighill Arms|120 Market Street, Craighill,  QC35 7TG|QC35 7TG|Corriebeg|Public House|Tobacco Only|Reid Retail Ltd|Active
Brown Newsagents|1 Main Street, Torlaw,  QE21 9JD|QE21 9JD|Eskbrae|Confectionary / Tobacconist / Newsagents|Tobacco Only|Brown Retail Ltd|Inactive
Duncan's Convenience Store|54 Station Road, Invermuir,  QH36 2LR|QH36 2LR|Harlawmuir|Convenience Store|Tobacco And Nicotine Vapour Products|Duncan Retail Ltd|Inactive
Dalwood Service Station|88 Glebe Road, Dalwood,  QA2 2WA|QA2 2WA|Aldmoor|Forecourt Garage|Tobacco Only|Paterson Retail Ltd|Inactive
Paterson's Convenience Store|14 Harbour Road, Strathholm,  QF6 6DR|QF6 6DR|Fallinmuir|Convenience Store|Tobacco Only|Paterson's Convenience Store|Active
 Ferguson's Convenience Store |73 Station Road, Melwood,  QC11 5RW|QC11 5RW|Corriebeg|Convenience Store|Tobacco Only|Ferguson's Convenience Store|Active
 Kerr Newsagents |147 Station Road, Ashwood,  QA5 7QG|QA5 7QG|Aldmoor|Confectionary / Tobacconist / Newsagents|Tobacco And Nicotine Vapour Products|Ferguson Retail Ltd|Active
Lennox's Convenience Store|9 Park Avenue, Torgate,  QC35 5HN|QC35 5HN|Corriebeg|Convenience Store|Tobacco Only|Lennox's Convenience Store|Active
Anderson's Convenience Store|21 Victoria Road, Melbank,  QB9 0ZH|QB9 0ZH|Brackenlaw|Convenience Store|Tobacco Only|Anderson's Convenience Store|Active
Langshaws Stores|106 Market Street, Langshaws,  QF9 5XY|QF9 5XY|Fallinmuir|Other Retail|Tobacco Only|Duncan Retail Ltd|Active
Strathmains Supermarket|47 Harbour Road, Strathmains,  QH40 8AG|QH40 8AG|Harlawmuir|Supermarket and Other Retail Outlets|Tobacco And Nicotine Vapour Products|Strathmains Supermarket|Inactive
Graham Mobile Shop|153 Queen Street, Lochanlaw,  QB10 3ZD|QB10 3ZD|Brackenlaw|Mobile Trade|Tobacco Only|MacLeod Retail Ltd|Active
Kerr's Convenience Store|140 Bridge Street, Torside,  QF6 8AH|QF6 8AH|Fallinmuir|Convenience Store|Tobacco Only|Kerr's Convenience Store|Inactive
The Torcraig Arms|122 Harbour Road, Torcraig,  QE1 9QP|QE1 9QP|Eskbrae|Public House|Tobacco Only|The Torcraig Arms|Inactive
Rossburn Hotel|38 Mill Lane, Rossburn,  QC11 7BX|QC11 7BX|Corriebeg|Hotel|Tobacco Only|Rossburn Hotel|Active
Paterson's Convenience Store|7 Market Street, Fernmuir,  QC34 4PL|QC34 4PL|Corriebeg|Convenience Store|Tobacco Only|Paterson's Convenience Store|Inactive
Sinclair's Convenience Store|83 Park Avenue, Rosshill,  QA5 9JJ|QA5 9JJ|Aldmoor|Convenience Store|Tobacco And Nicotine Vapour Products|Sinclair's Convenience Store|Active
Anderson Mobile Shop|119 Church Street, Fernshaws,  QF26 4HB|QF26 4HB|Fallinmuir|Mobile Trade|Tobacco And Nicotine Vapour Products|Anderson Mobile Shop|Active
Paterson's Convenience Store|55 King Street, Inverford,  QE24 6YN|QE24 6YN|Eskbrae|Convenience Store|Tobacco And Nicotine Vapour Products|Paterson's Convenience Store|Active
Torside Supermarket|105 Harbour Road, Torside,  QF6 9SX|QF6 9SX|Fallinmuir|Supermarket and Other Retail Outlets|Tobacco And Nicotine Vapour Products|Torside Supermarket|Inactive
Paterson Mobile Shop|136 Glebe Road, Dundale,  QE22 1HS|QE22 1HS|Eskbrae|Mobile Trade|Tobacco Only|Paterson Mobile Shop|Active
 Hamilton's Convenience Store |94 Queen Street, Birkholm,  QG11 3ZU|QG11 3ZU|Glenhaven|Convenience Store|Tobacco Only|Hamilton's Convenience Store|Active
Fernfield Wines|134 Station Road, Fernfield,  QH37 2FX|QH37 2FX|Harlawmuir|Off-Licence|Tobacco Only|Fernfield Wines|Active
Sinclair's Convenience Store|16 Bridge Street, Dalmains,  QF27 1QX|QF27 1QX|Fallinmuir|Convenience Store|Tobacco Only|Sinclair's Convenience Store|Active
 Campbell's Convenience Store |61 Victoria Road, Fernshaws,  QF26 4HB|QF26 4HB|Fallinmuir|Convenience Store|Tobacco Only|Campbell's Convenience Store|Active
Duncan's Convenience Store|12 Main Street, Dalburn,  QH40 5RG|QH40 5RG|Harlawmuir|Convenience Store|Tobacco And Nicotine Vapour Products|Duncan's Convenience Store|Inactive
Langmains Stores|70 Park Avenue, Langmains,  QG13 5SJ|QG13 5SJ|Glenhaven|Other Retail|Tobacco And Nicotine Vapour Products|Langmains Stores|Active
 Newdale Wines |55 Station Road, Newdale,  QB8 3AF|QB8 3AF|Brackenlaw|Off-Licence|Tobacco Only|Newdale Wines|Active
Duncan's Convenience Store|141 Park Avenue, Melhaugh,  QH20 5WX|QH20 5WX|Harlawmuir|Convenience Store|Tobacco And Nicotine Vapour Products|Paterson Retail Ltd|Inactive
Craigbank Wines|174 Harbour Road, Craigbank,  QC14 0WH|QC14 0WH|Corriebeg|Off-Licence|Tobacco And Nicotine Vapour Products|Craigbank Wines|Active
Graham's Convenience Store|28 High Street, Langcraig,  QB29 0RG|QB29 0RG|Brackenlaw|Convenience Store|Tobacco Only|Duncan Retail Ltd|Active
Strathmuir Stores|4 High Street, Strathmuir,  QC35 2HY|QC35 2HY|Corriebeg|Other Retail|Tobacco Only|Strathmuir Stores|Active
Kerr's Convenience Store|73 Park Avenue, Whinhaugh,  QG35 8TW|QG35 8TW|Glenhaven|Convenience Store|Tobacco And Nicotine Vapour Products|Kerr's Convenience Store|Active
Melwood Stores|51 High Street, Melwood,  QC11 7TN|QC11 7TN|Corriebeg|Other Retail|Tobacco And Nicotine Vapour Products|MacLeod Retail Ltd|Active
Dunholm Supermarket|40 Church Street, Dunholm,  QF10 4DF|QF10 4DF|Fallinmuir|Supermarket and Other Retail Outlets|Tobacco Only|Dunholm Supermarket|Active
Birkfield Service Station|84 School Road, Birkfield,  QF8 6QS|QF8 6QS|Fallinmuir|Forecourt Garage|Tobacco Only|Murray Retail Ltd|Active
Duncan's Convenience Store|5 Castle Street, Whinshaws,  QC35 3EQ|QC35 3EQ|Corriebeg|Convenience Store|Tobacco Only|Graham Retail Ltd|Active
Torlaw Stores|26 Queen Street, Torlaw,  QC33 9GX|QC33 9GX|Corriebeg|Other Retail|Tobacco Only|Graham Retail Ltd|Active
 Graham Newsagents |100 Harbour Road, Whinwood,  QG11 8LW|QG11 8LW|Glenhaven|Confectionary / Tobacconist / Newsagents|Tobacco And Nicotine Vapour Products|Graham Newsagents|Inactive
The Balpark Arms|79 Main Street, Balpark,  QD39 8AL|QD39 8AL|Drumlarach|Public House|Tobacco And Nicotine Vapour Products|The Balpark Arms|Inactive
Lennox's Convenience Store|71 Mill Lane, Dalholm,  QB6 0WH|QB6 0WH|Brackenlaw|Convenience Store|Tobacco And Nicotine Vapour Products|Lennox's Convenience Store|Active
Watt's Convenience Store|156 Mill Lane, Newshaws,  QA4 0JX|QA4 0JX|Aldmoor|Convenience Store|Tobacco And Nicotine Vapour Products|Watt's Convenience Store|Active
Murray's Convenience Store|29 Park Avenue, Glenburn,  QD17 7ED|QD17 7ED|Drumlarach|Convenience Store|Tobacco Only|Murray's Convenience Store|Active
Sinclair Newsagents|73 Park Avenue, Inverdale,  QF8 7UX|QF8 7UX|Fallinmuir|Confectionary / Tobacconist / Newsagents|Tobacco And Nicotine Vapour Products|Sinclair Newsagents|Active
Sinclair's Convenience Store|57 Victoria Road, Glenwood,  QC31 2EP|QC31 2EP|Corriebeg|Convenience Store|Tobacco And Nicotine Vapour Products|Sinclair's Convenience Store|Inactive
Inverdale Service Station|6 Church Street, Inverdale,  QG46 0XA|QG46 0XA|Glenhaven|Forecourt Garage|Tobacco And Nicotine Vapour Products|Inverdale Service Station|Active
The Dunmains Arms|135 Castle Street, Dunmains,  QE4 7QD|QE4 7QD|Eskbrae|Public House|Tobacco And Nicotine Vapour Products|Ferguson Retail Ltd|Active
Murray Newsagents|110 Main Street, Glenbank,  QA1 6AW|QA1 6AW|Aldmoor|Confectionary / Tobacconist / Newsagents|Tobacco Only|Watt Retail Ltd|Active
Campbell's Convenience Store|44 Harbour Road, Lochanshaws,  QE21 6GW|QE21 6GW|Eskbrae|Convenience Store|Tobacco Only|Lennox Retail Ltd|Active
Campbell's Convenience Store|87 Castle Street, Brangate,  QA4 5XD|QA4 5XD|Aldmoor|Convenience Store|Tobacco Only|Campbell's Convenience Store|Active
Sinclair's Convenience Store|81 Mill Lane, Birkpark,  QG32 2FF|QG32 2FF|Glenhaven|Convenience Store|Tobacco Only|Sinclair's Convenience Store|Active
Duncan's Convenience Store|47 Market Street, Ashlea,  QD18 3AA|QD18 3AA|Drumlarach|Convenience Store|Tobacco And Nicotine Vapour Products|Brown Retail Ltd|Inactive
Anderson's Convenience Store|97 Main Street, Dalshaws,  QG33 6WH|QG33 6WH|Glenhaven|Convenience Store|Tobacco Only|Anderson's Convenience Store|Active
Sinclair Newsagents|54 School Road, Dunholm,  QF10 4DF|QF10 4DF|Fallinmuir|Confectionary / Tobacconist / Newsagents|Tobacco And Nicotine Vapour Products|Sinclair Newsagents|Active
Lochanlea Wines|40 Victoria Road, Lochanlea,  QA23 0NS|QA23 0NS|Aldmoor|Off-Licence|Tobacco And Nicotine Vapour Products|Murray Retail Ltd|Active
Fernshaws Service Station|9 Castle Street, Fernshaws,  QF26 4DA|QF26 4DA|Fallinmuir|Forecourt Garage|Tobacco And Nicotine Vapour Products|Kerr Retail Ltd|Active
Ashwood Service Station|128 Market Street, Ashwood,  QA5 4DH|QA5 4DH|Aldmoor|Forecourt Garage|Tobacco Only|Ashwood Service Station|Active
Hamilton Newsagents|112 Market Street, Whinshaws,  QC35 9FA|QC35 9FA|Corriebeg|Confectionary / Tobacconist / Newsagents|Tobacco Only|Hamilton Newsagents|Active
 Lochanshaws Wines |45 Church Street, Lochanshaws,  QG34 3UQ|QG34 3UQ|Glenhaven|Off-Licence|Tobacco Only|Lochanshaws Wines|Active
Mellea Stores|126 Park Avenue, Mellea,  QC33 5YT|QC33 5YT|Corriebeg|Other Retail|Tobacco And Nicotine Vapour Products|Mellea Stores|Active
Reid's Convenience Store|36 Castle Street, Rossford,  QD36 9TW|QD36 9TW|Drumlarach|Convenience Store|Tobacco And Nicotine Vapour Products|Reid's Convenience Store|Active
 Fernshaws Service Station |81 Market Street, Fernshaws,  QF26 5YB|QF26 5YB|Fallinmuir|Forecourt Garage|Tobacco Only|Fernshaws Service Station|Active
Glenholm Wines|92 High Street, Glenholm,  QA24 7ZZ|QA24 7ZZ|Aldmoor|Off-Licence|Tobacco Only|Watt Retail Ltd|Active
Reid Newsagents|105 High Street, Brandale,  QG14 8AP|QG14 8AP|Glenhaven|Confectionary / Tobacconist / Newsagents|Tobacco Only|Reid Newsagents|Active
 Hamilton Newsagents |146 King Street, Lochanlea,  QH36 6HT|QH36 6HT|Harlawmuir|Confectionary / Tobacconist / Newsagents|Tobacco And Nicotine Vapour Products|Anderson Retail Ltd|Active
Anderson Newsagents|107 Bridge Street, Langlea,  QA3 7WX|QA3 7WX|Aldmoor|Confectionary / Tobacconist / Newsagents|Tobacco And Nicotine Vapour Products|Sinclair Retail Ltd|Active
Kinwood Supermarket|66 Victoria Road, Kinwood,  QC32 5FH|QC32 5FH|Corriebeg|Supermarket and Other Retail Outlets|Tobacco And Nicotine Vapour Products|Kinwood Supermarket|Inactive
Campbell's Convenience Store|20 Harbour Road, Melcraig,  QH19 3GE|QH19 3GE|Harlawmuir|Convenience Store|Tobacco And Nicotine Vapour Products|Campbell's Convenience Store|Inactive
Anderson's Convenience Store|163 Mill Lane, Dalburn,  QC33 4DW|QC33 4DW|Corriebeg|Convenience Store|Tobacco Only|Anderson's Convenience Store|Active
 Kerr's Convenience Store |31 Castle Street, Ferncraig,  QC13 5XG|QC13 5XG|Corriebeg|Convenience Store|Tobacco Only|Ferguson Retail Ltd|Active
Campbell's Convenience Store|11 Castle Street, Kilmains,  QB28 3QN|QB28 3QN|Brackenlaw|Convenience Store|Tobacco And Nicotine Vapour Products|Ferguson Retail Ltd|Active
Strathpark Stores|144 Church Street, Strathpark,  QF8 6WR|QF8 6WR|Fallinmuir|Other Retail|Tobacco Only|Hamilton Retail Ltd|Active
Ferguson's Convenience Store|20 Queen Street, Inverpark,  QC31 6YF|QC31 6YF|Corriebeg|Convenience Store|Tobacco Only|Ferguson's Convenience Store|Active
Kilwood Wines|96 High Street, Kilwood,  QC33 7RW|QC33 7RW|Corriebeg|Off-Licence|Tobacco And Nicotine Vapour Products|Kilwood Wines|Inactive
Lennox's Convenience Store|70 School Road, Dunside,  QH40 2BJ|QH40 2BJ|Harlawmuir|Convenience Store|Tobacco Only|Lennox's Convenience Store|Active
Graham Newsagents|1 School Road, Balcraig,  QC14 2AF|QC14 2AF|Corriebeg|Confectionary / Tobacconist / Newsagents|Tobacco And Nicotine Vapour Products|Graham Newsagents|Active
Langbank Stores|79 Bridge Street, Langbank,  QF28 9FG|QF28 9FG|Fallinmuir|Other Retail|Tobacco Only|MacLeod Retail Ltd|Inactive
 Kerr's Convenience Store |14 Glebe Road, Newbank,  QA25 9YT|QA25 9YT|Aldmoor|Convenience Store|Tobacco Only|Lennox Retail Ltd|Active
Daltoun Wines|25 King Street, Daltoun,  QC12 3GF|QC12 3GF|Corriebeg|Off-Licence|Tobacco Only|Sinclair Retail Ltd|Active
Lochanlea Wines|176 Market Street, Lochanlea,  QA23 9XE|QA23 9XE|Aldmoor|Off-Licence|Tobacco And Nicotine Vapour Products|Lochanlea Wines|Active
 Kerr's Convenience Store |131 Main Street, Whinwood,  QD36 9ZE|QD36 9ZE|Drumlarach|Convenience Store|Tobacco Only|Kerr's Convenience Store|Inactive
The Inverpark Arms|37 King Street, Inverpark,  QC31 6JG|QC31 6JG|Corriebeg|Public House|Tobacco Only|Watt Retail Ltd|Active
Daltoun Stores|4 Queen Street, Daltoun,  QC12 1FT|QC12 1FT|Corriebeg|Other Retail|Tobacco And Nicotine Vapour Products|Daltoun Stores|Active
Melburn Hotel|29 Bridge Street, Melburn,  QC34 6UW|QC34 6UW|Corriebeg|Hotel|Tobacco Only|Melburn Hotel|Active
Murray's Convenience Store|32 Castle Street, Rossside,  QE2 3EU|QE2 3EU|Eskbrae|Convenience Store|Tobacco Only|Murray's Convenience Store|Inactive
Strathholm Wines|109 High Street, Strathholm,  QF6 1YG|QF6 1YG|Fallinmuir|Off-Licence|Tobacco Only|Strathholm Wines|Active
Torgate Service Station|86 Harbour Road, Torgate,  QC35 0WQ|QC35 0WQ|Corriebeg|Forecourt Garage|Tobacco Only|Torgate Service Station|Active
Kerr's Convenience Store|29 Queen Street, Rosslaw,  QH39 1FF|QH39 1FF|Harlawmuir|Convenience Store|Tobacco Only|Paterson Retail Ltd|Active
Dunlea Stores|71 Main Street, Dunlea,  QG12 0SS|QG12 0SS|Glenhaven|Other Retail|Tobacco And Nicotine Vapour Products|Dunlea Stores|Inactive
Ferguson's Convenience Store|115 Queen Street, Mellaw,  QB30 5NX|QB30 5NX|Brackenlaw|Convenience Store|Tobacco Only|Ferguson's Convenience Store|Active
The Torburn Arms|85 Park Avenue, Torburn,  QG32 7AF|QG32 7AF|Glenhaven|Public House|Tobacco Only|Lennox Retail Ltd|Active
Graham Newsagents|14 Harbour Road, Birkholm,  QG11 7YX|QG11 7YX|Glenhaven|Confectionary / Tobacconist / Newsagents|Tobacco Only|Graham Newsagents|Inactive
Whinhaugh Stores|141 Queen Street, Whinhaugh,  QH38 3SP|QH38 3SP|Harlawmuir|Other Retail|Tobacco Only|Whinhaugh Stores|Active
Birklea Stores|76 Church Street, Birklea,  QB27 2GP|QB27 2GP|Brackenlaw|Other Retail|Tobacco Only|Graham Retail Ltd|Inactive
Inverlea Stores|34 Station Road, Inverlea,  QD37 9SR|QD37 9SR|Drumlarach|Other Retail|Tobacco Only|Inverlea Stores|Inactive
The Whinpark Arms|175 Church Street, Whinpark,  QB9 3RT|QB9 3RT|Brackenlaw|Public House|Tobacco Only|The Whinpark Arms|Inactive
Duncan's Convenience Store|140 Victoria Road, Strathmains,  QH40 3AU|QH40 3AU|Harlawmuir|Convenience Store|Tobacco Only|Duncan's Convenience Store|Active
Hamilton's Convenience Store|42 Main Street, Balburn,  QA21 1UW|QA21 1UW|Aldmoor|Convenience Store|Tobacco And Nicotine Vapour Products|Sinclair Retail Ltd|Active
Paterson's Convenience Store|177 Mill Lane, Branhaugh,  QE25 9AY|QE25 9AY|Eskbrae|Convenience Store|Tobacco Only|Paterson's Convenience Store|Inactive
Ferguson's Convenience Store|107 High Street, Dunfield,  QG33 8WP|QG33 8WP|Glenhaven|Convenience Store|Tobacco Only|Ferguson's Convenience Store|Active
 Brown's Convenience Store |105 Market Street, Torgate,  QC35 6RN|QC35 6RN|Corriebeg|Convenience Store|Tobacco Only|Brown's Convenience Store|Active
 Lennox's Convenience Store |115 Queen Street, Lochanlaw,  QB10 3RR|QB10 3RR|Brackenlaw|Convenience Store|Tobacco Only|Lennox's Convenience Store|Active
Watt's Convenience Store|137 Victoria Road, Branhill,  QF27 4JY|QF27 4JY|Fallinmuir|Convenience Store|Tobacco Only|MacLeod Retail Ltd|Active
Ferguson Newsagents|149 Station Road, Lochanwood,  QC34 7FT|QC34 7FT|Corriebeg|Confectionary / Tobacconist / Newsagents|Tobacco Only|Graham Retail Ltd|Active
Strathside Supermarket|13 Park Avenue, Strathside,  QF26 7LD|QF26 7LD|Fallinmuir|Supermarket and Other Retail Outlets|Tobacco Only|Strathside Supermarket|Active
Hamilton's Convenience Store|85 School Road, Birkbrae,  QA2 7NW|QA2 7NW|Aldmoor|Convenience Store|Tobacco And Nicotine Vapour Products|Hamilton's Convenience Store|Active
Kinbank Supermarket|118 School Road, Kinbank,  QB29 5TF|QB29 5TF|Brackenlaw|Supermarket and Other Retail Outlets|Tobacco Only|Anderson Retail Ltd|Inactive
 Anderson's Convenience Store |149 Main Street, Whinshaws,  QC35 9RY|QC35 9RY|Corriebeg|Convenience Store|Tobacco Only|Murray Retail Ltd|Active
The Glenfield Arms|138 Glebe Road, Glenfield,  QH36 5ET|QH36 5ET|Harlawmuir|Public House|Tobacco Only|The Glenfield Arms|Inactive
Lennox Newsagents|105 Market Street, Birkshaws,  QH17 0SW|QH17 0SW|Harlawmuir|Confectionary / Tobacconist / Newsagents|Tobacco Only|Lennox Newsagents|Active
Graham's Convenience Store|16 Main Street, Melburn,  QC34 0PJ|QC34 0PJ|Corriebeg|Convenience Store|Tobacco Only|Sinclair Retail Ltd|Active
Langshaws Stores|81 Victoria Road, Langshaws,  QF9 2HE|QF9 2HE|Fallinmuir|Other Retail|Tobacco Only|Langshaws Stores|Active
Kerr's Convenience Store|20 Castle Street, Killaw,  QC34 9YT|QC34 9YT|Corriebeg|Convenience Store|Tobacco And Nicotine Vapour Products|Kerr's Convenience Store|Inactive
Reid Newsagents|45 Church Street, Rossmains,  QF7 9ST|QF7 9ST|Fallinmuir|Confectionary / Tobacconist / Newsagents|Tobacco Only|Reid Newsagents|Active
MacLeod's Convenience Store|12 Castle Street, Kinshaws,  QC54 1EH|QC54 1EH|Corriebeg|Convenience Store|Tobacco And Nicotine Vapour Products|Anderson Retail Ltd|Active
The Killea Arms|157 Station Road, Killea,  QE25 5BY|QE25 5BY|Eskbrae|Public House|Tobacco Only|The Killea Arms|Active
Paterson's Convenience Store|176 School Road, Lochanshaws,  QE21 6GW|QE21 6GW|Eskbrae|Convenience Store|Tobacco And Nicotine Vapour Products|Paterson's Convenience Store|Active
Watt's Convenience Store|14 Station Road, Rossside,  QH17 4TJ|QH17 4TJ|Harlawmuir|Convenience Store|Tobacco Only|Watt's Convenience Store|Active
Duncan Newsagents|148 School Road, Langbank,  QE5 8RQ|QE5 8RQ|Eskbrae|Confectionary / Tobacconist / Newsagents|Tobacco Only|Duncan Newsagents|Active
MacLeod's Convenience Store|11 Market Street, Lochancraig,  QA24 9PU|QA24 9PU|Aldmoor|Convenience Store|Tobacco Only|MacLeod's Convenience Store|Active
Ferguson's Convenience Store|122 Park Avenue, Rosshill,  QF29 0NA|QF29 0NA|Fallinmuir|Convenience Store|Tobacco And Nicotine Vapour Products|Ferguson's Convenience Store|Active
Anderson's Convenience Store|116 Harbour Road, Killaw,  QC34 3SU|QC34 3SU|Corriebeg|Convenience Store|Tobacco Only|Anderson's Convenience Store|Inactive
Brown Newsagents|82 School Road, Langlaw,  QC13 2HT|QC13 2HT|Corriebeg|Confectionary / Tobacconist / Newsagents|Tobacco Only|Brown Newsagents|Inactive
Langlea Stores|125 Church Street, Langlea,  QA3 1NT|QA3 1NT|Aldmoor|Other Retail|Tobacco Only|Langlea Stores|Active
 The Inverdale Arms |53 King Street, Inverdale,  QF8 0YA|QF8 0YA|Fallinmuir|Public House|Tobacco Only|The Inverdale Arms|Active
Dalford Stores|2 Castle Street, Dalford,  QF26 0TH|QF26 0TH|Fallinmuir|Other Retail|Tobacco Only|Dalford Stores|Inactive
Rossburn Hotel|46 School Road, Rossburn,  QC11 8YZ|QC11 8YZ|Corriebeg|Hotel|Tobacco Only|Paterson Retail Ltd|Active
Watt's Convenience Store|45 Victoria Road, Brangate,  QB29 0EF|QB29 0EF|Brackenlaw|Convenience Store|Tobacco Only|Watt's Convenience Store|Inactive
Rossford Stores|153 Queen Street, Rossford,  QD36 9TU|QD36 9TU|Drumlarach|Other Retail|Tobacco And Nicotine Vapour Products|Rossford Stores|Active
 Reid Mobile Shop |160 Glebe Road, Rossbank,  QC13 7EJ|QC13 7EJ|Corriebeg|Mobile Trade|Tobacco Only|Reid Mobile Shop|Active
Glenlaw Hotel|49 Mill Lane, Glenlaw,  QG14 3UY|QG14 3UY|Glenhaven|Hotel|Tobacco Only|Glenlaw Hotel|Active
Rossford Takeaway|118 Main Street, Rossford,  QD36 9BY|QD36 9BY|Drumlarach|Other Catering|Tobacco And Nicotine Vapour Products|Rossford Takeaway|Active
The Invercraig Arms|68 Bridge Street, Invercraig,  QE22 5NQ|QE22 5NQ|Eskbrae|Public House|Tobacco And Nicotine Vapour Products|The Invercraig Arms|Inactive
Murray Mobile Shop|47 Main Street, Kilholm,  QB7 6BE|QB7 6BE|Brackenlaw|Mobile Trade|Tobacco Only|Murray Mobile Shop|Inactive
Reid Mobile Shop|66 Victoria Road, Glenside,  QA3 3GT|QA3 3GT|Aldmoor|Mobile Trade|Tobacco Only|Reid Mobile Shop|Active
The Dunfield Arms|32 Harbour Road, Dunfield,  QH16 0FQ|QH16 0FQ|Harlawmuir|Public House|Tobacco And Nicotine Vapour Products|Watt Retail Ltd|Inactive
Ferguson's Convenience Store|82 Station Road, Fernmains,  QF10 6AN|QF10 6AN|Fallinmuir|Convenience Store|Tobacco And Nicotine Vapour Products|Kerr Retail Ltd|Active
Campbell's Convenience Store|114 Park Avenue, Torlaw,  QF26 1GD|QF26 1GD|Fallinmuir|Convenience Store|Tobacco Only|Campbell's Convenience Store|Inactive
Duncan Newsagents|81 Victoria Road, Birkmuir,  QA22 6AL|QA22 6AL|Aldmoor|Confectionary / Tobacconist / Newsagents|Tobacco And Nicotine Vapour Products|Graham Retail Ltd|Active
Murray Newsagents|65 Station Road, Melhill,  QC14 4XB|QC14 4XB|Corriebeg|Confectionary / Tobacconist / Newsagents|Tobacco And Nicotine Vapour Products|Murray Newsagents|Active
Dunbrae Takeaway|170 King Street, Dunbrae,  QE1 3NU|QE1 3NU|Eskbrae|Other Catering|Tobacco Only|Dunbrae Takeaway|Active
Dunmuir Wines|86 Queen Street, Dunmuir,  QG35 9JX|QG35 9JX|Glenhaven|Off-Licence|Tobacco And Nicotine Vapour Products|MacLeod Retail Ltd|Active
Brown's Convenience Store|126 Park Avenue, Langtoun,  QC15 4YY|QC15 4YY|Corriebeg|Convenience Store|Tobacco Only|Brown's Convenience Store|Active
The Langford Arms|160 Victoria Road, Langford,  QD37 5TZ|QD37 5TZ|Drumlarach|Public House|Tobacco Only|The Langford Arms|Active
Melbank Service Station|47 Queen Street, Melbank,  QB9 0ES|QB9 0ES|Brackenlaw|Forecourt Garage|Tobacco And Nicotine Vapour Products|Reid Retail Ltd|Active
 Branford Stores |80 Victoria Road, Branford,  QD37 8FF|QD37 8FF|Drumlarach|Other Retail|Tobacco Only|Branford Stores|Inactive
Birkmuir Hotel|164 Glebe Road, Birkmuir,  QA45 9NQ|QA45 9NQ|Aldmoor|Hotel|Tobacco Only|Birkmuir Hotel|Active
 Whinshaws Supermarket |167 Park Avenue, Whinshaws,  QC35 9PL|QC35 9PL|Corriebeg|Supermarket and Other Retail Outlets|Tobacco And Nicotine Vapour Products|Anderson Retail Ltd|Active
Langfield Stores|32 Park Avenue, Langfield,  QF9 1PE|QF9 1PE|Fallinmuir|Other Retail|Tobacco Only|Duncan Retail Ltd|Active
Ashbank Stores|102 Church Street, Ashbank,  QD19 2HG|QD19 2HG|Drumlarach|Other Retail|Tobacco And Nicotine Vapour Products|Ashbank Stores|Active
Birkwood Wines|39 Park Avenue, Birkwood,  QE25 2SS|QE25 2SS|Eskbrae|Off-Licence|Tobacco And Nicotine Vapour Products|Paterson Retail Ltd|Active
Lochanshaws Stores|56 Victoria Road, Lochanshaws,  QG34 4ZY|QG34 4ZY|Glenhaven|Other Retail|Tobacco Only|Lochanshaws Stores|Active
Duncan's Convenience Store|139 Bridge Street, Ashside,  QH17 1ZU|QH17 1ZU|Harlawmuir|Convenience Store|Tobacco Only|Duncan's Convenience Store|Active
Strathdale Service Station|157 Market Street, Strathdale,  QA2 8JN|QA2 8JN|Aldmoor|Forecourt Garage|Tobacco Only|Anderson Retail Ltd|Active
Kilhaugh Service Station|12 High Street, Kilhaugh,  QB6 0FA|QB6 0FA|Brackenlaw|Forecourt Garage|Tobacco And Nicotine Vapour Products|Kilhaugh Service Station|Active
Lennox's Convenience Store|109 Church Street, Dalshaws,  QF10 5NX|QF10 5NX|Fallinmuir|Convenience Store|Tobacco Only|Duncan Retail Ltd|Active
Langlaw Stores|49 Market Street, Langlaw,  QG34 3RR|QG34 3RR|Glenhaven|Other Retail|Tobacco And Nicotine Vapour Products|Langlaw Stores|Active
 Kinmains Takeaway |7 Harbour Road, Kinmains,  QD39 4HA|QD39 4HA|Drumlarach|Other Catering|Tobacco Only|MacLeod Retail Ltd|Active
Melfield Service Station|163 Main Street, Melfield,  QB8 5NJ|QB8 5NJ|Brackenlaw|Forecourt Garage|Tobacco And Nicotine Vapour Products|Duncan Retail Ltd|Inactive
Newbank Stores|55 High Street, Newbank,  QA25 1UN|QA25 1UN|Aldmoor|Other Retail|Tobacco And Nicotine Vapour Products|Newbank Stores|Active
 Graham Newsagents |58 Station Road, Strathhill,  QE2 2GP|QE2 2GP|Eskbrae|Confectionary / Tobacconist / Newsagents|Tobacco Only|Campbell Retail Ltd|Inactive
Fernlaw Supermarket|93 Station Road, Fernlaw,  QC34 3FT|QC34 3FT|Corriebeg|Supermarket and Other Retail Outlets|Tobacco Only|Fernlaw Supermarket|Active
Fernmuir Service Station|8 Station Road, Fernmuir,  QE1 2XE|QE1 2XE|Eskbrae|Forecourt Garage|Tobacco And Nicotine Vapour Products|Fernmuir Service Station|Active
 Sinclair's Convenience Store |155 King Street, Fernlea,  QB8 9DS|QB8 9DS|Brackenlaw|Convenience Store|Tobacco And Nicotine Vapour Products|Duncan Retail Ltd|Active
MacLeod Newsagents|86 Queen Street, Branhaugh,  QE25 9BR|QE25 9BR|Eskbrae|Confectionary / Tobacconist / Newsagents|Tobacco And Nicotine Vapour Products|Kerr Retail Ltd|Active
The Balburn Arms|134 Victoria Road, Balburn,  QA21 3FU|QA21 3FU|Aldmoor|Public House|Tobacco Only|The Balburn Arms|Inactive
Campbell's Convenience Store|169 Harbour Road, Craiggate,  QH18 4JT|QH18 4JT|Harlawmuir|Convenience Store|Tobacco Only|Campbell's Convenience Store|Inactive
Birkwood Supermarket|68 Castle Street, Birkwood,  QE25 2BS|QE25 2BS|Eskbrae|Supermarket and Other Retail Outlets|Tobacco Only|Birkwood Supermarket|Active
Murray's Convenience Store|43 Bridge Street, Kilgate,  QA23 3YZ|QA23 3YZ|Aldmoor|Convenience Store|Tobacco And Nicotine Vapour Products|Murray Retail Ltd|Active
Duncraig Stores|103 King Street, Duncraig,  QG12 2GP|QG12 2GP|Glenhaven|Other Retail|Tobacco And Nicotine Vapour Products|Kerr Retail Ltd|Inactive
Duncan Newsagents|8 Market Street, Rossshaws,  QC15 7AZ|QC15 7AZ|Corriebeg|Confectionary / Tobacconist / Newsagents|Tobacco And Nicotine Vapour Products|Watt Retail Ltd|Active
The Torgate Arms|140 Mill Lane, Torgate,  QC35 6NN|QC35 6NN|Corriebeg|Public House|Tobacco Only|The Torgate Arms|Active
Anderson Newsagents|49 Main Street, Glentoun,  QD20 6AH|QD20 6AH|Drumlarach|Confectionary / Tobacconist / Newsagents|Tobacco Only|Anderson Newsagents|Inactive
Branshaws Stores|102 Victoria Road, Branshaws,  QB8 9WN|QB8 9WN|Brackenlaw|Other Retail|Tobacco Only|Branshaws Stores|Active
Rosscraig Stores|131 Mill Lane, Rosscraig,  QA5 0UW|QA5 0UW|Aldmoor|Other Retail|Tobacco And Nicotine Vapour Products|Rosscraig Stores|Active
Dunside Stores|66 Bridge Street, Dunside,  QD40 2FA|QD40 2FA|Drumlarach|Other Retail|Tobacco Only|Lennox Retail Ltd|Inactive
Anderson Newsagents|90 Mill Lane, Rossford,  QH16 9HR|QH16 9HR|Harlawmuir|Confectionary / Tobacconist / Newsagents|Tobacco And Nicotine Vapour Products|Reid Retail Ltd|Active
MacLeod Mobile Shop|22 Main Street, Balshaws,  QD18 5TZ|QD18 5TZ|Drumlarach|Mobile Trade|Tobacco And Nicotine Vapour Products|MacLeod Mobile Shop|Active
Anderson Newsagents|118 Glebe Road, Mellaw,  QE3 3UE|QE3 3UE|Eskbrae|Confectionary / Tobacconist / Newsagents|Tobacco Only|Anderson Newsagents|Active
Paterson Newsagents|101 Victoria Road, Inverlea,  QD37 6BN|QD37 6BN|Drumlarach|Confectionary / Tobacconist / Newsagents|Tobacco Only|Duncan Retail Ltd|Active
Branbrae Hotel|109 Castle Street, Branbrae,  QH36 0WN|QH36 0WN|Harlawmuir|Hotel|Tobacco And Nicotine Vapour Products|Duncan Retail Ltd|Active
Langdale Hotel|132 Bridge Street, Langdale,  QA5 0PX|QA5 0PX|Aldmoor|Hotel|Tobacco And Nicotine Vapour Products|Langdale Hotel|Inactive
Torgate Takeaway|29 King Street, Torgate,  QC35 6RN|QC35 6RN|Corriebeg|Other Catering|Tobacco Only|Torgate Takeaway|Active
Campbell's Convenience Store|77 King Street, Balside,  QG32 1DU|QG32 1DU|Glenhaven|Convenience Store|Tobacco And Nicotine Vapour Products|Reid Retail Ltd|Active
Fernmuir Stores|57 School Road, Fernmuir,  QC34 4QJ|QC34 4QJ|Corriebeg|Other Retail|Tobacco Only|Kerr Retail Ltd|Active
 Graham's Convenience Store |149 Market Street, Kinbank,  QB29 7HF|QB29 7HF|Brackenlaw|Convenience Store|Tobacco And Nicotine Vapour Products|Graham's Convenience Store|Active
Reid's Convenience Store|30 Bridge Street, Melpark,  QD19 7FQ|QD19 7FQ|Drumlarach|Convenience Store|Tobacco And Nicotine Vapour Products|Sinclair Retail Ltd|Active
Paterson Newsagents|16 Queen Street, Rossbank,  QC13 3GW|QC13 3GW|Corriebeg|Confectionary / Tobacconist / Newsagents|Tobacco And Nicotine Vapour Products|Paterson Newsagents|Active
 Langfield Stores |35 Harbour Road, Langfield,  QA24 0UU|QA24 0UU|Aldmoor|Other Retail|Tobacco Only|Campbell Retail Ltd|Active
Anderson's Convenience Store|54 King Street, Kilgate,  QA4 6AD|QA4 6AD|Aldmoor|Convenience Store|Tobacco Only|Anderson's Convenience Store|Active
Lennox's Convenience Store|179 Market Street, Lochanlaw,  QB10 3BF|QB10 3BF|Brackenlaw|Convenience Store|Tobacco And Nicotine Vapour Products|Lennox's Convenience Store|Inactive
Paterson Mobile Shop|53 Glebe Road, Newbank,  QA25 9AL|QA25 9AL|Aldmoor|Mobile Trade|Tobacco Only|Paterson Mobile Shop|Inactive
Langcraig Stores|178 Victoria Road, Langcraig,  QB29 0SG|QB29 0SG|Brackenlaw|Other Retail|Tobacco And Nicotine Vapour Products|Langcraig Stores|Active
Newside Wines|50 Park Avenue, Newside,  QD20 2FQ|QD20 2FQ|Drumlarach|Off-Licence|Tobacco And Nicotine Vapour Products|Newside Wines|Active
 The Lochancraig Arms |124 Victoria Road, Lochancraig,  QA24 9ZZ|QA24 9ZZ|Aldmoor|Public House|Tobacco Only|Graham Retail Ltd|Active
Lennox's Convenience Store|85 Park Avenue, Dalfield,  QE5 4EH|QE5 4EH|Eskbrae|Convenience Store|Tobacco Only|Lennox's Convenience Store|Active
Duncan's Convenience Store|47 Mill Lane, Balburn,  QA21 2LT|QA21 2LT|Aldmoor|Convenience Store|Tobacco And Nicotine Vapour Products|Brown Retail Ltd|Inactive
Ferguson Newsagents|154 King Street, Strathpark,  QF8 8LW|QF8 8LW|Fallinmuir|Confectionary / Tobacconist / Newsagents|Tobacco And Nicotine Vapour Products|Lennox Retail Ltd|Active
Kerr's Convenience Store|52 Queen Street, Glenmuir,  QF7 4DR|QF7 4DR|Fallinmuir|Convenience Store|Tobacco And Nicotine Vapour Products|Kerr's Convenience Store|Active
Langburn Service Station|108 Harbour Road, Langburn,  QG13 9NX|QG13 9NX|Glenhaven|Forecourt Garage|Tobacco And Nicotine Vapour Products|Hamilton Retail Ltd|Active
Balwood Stores|29 Queen Street, Balwood,  QE3 2XF|QE3 2XF|Eskbrae|Other Retail|Tobacco Only|Balwood Stores|Active
Fernhaugh Stores|156 Queen Street, Fernhaugh,  QH39 0YX|QH39 0YX|Harlawmuir|Other Retail|Tobacco And Nicotine Vapour Products|Hamilton Retail Ltd|Active
Paterson's Convenience Store|162 Church Street, Whinshaws,  QC35 3EB|QC35 3EB|Corriebeg|Convenience Store|Tobacco Only|Watt Retail Ltd|Active
Newbank Service Station|64 Harbour Road, Newbank,  QA25 9AP|QA25 9AP|Aldmoor|Forecourt Garage|Tobacco Only|Newbank Service Station|Active
Craigbank Stores|49 Victoria Road, Craigbank,  QC31 0UL|QC31 0UL|Corriebeg|Other Retail|Tobacco Only|Duncan Retail Ltd|Active
Fernshaws Supermarket|83 Bridge Street, Fernshaws,  QF26 4HR|QF26 4HR|Fallinmuir|Supermarket and Other Retail Outlets|Tobacco And Nicotine Vapour Products|Duncan Retail Ltd|Active
Melburn Stores|40 Church Street, Melburn,  QC34 6JF|QC34 6JF|Corriebeg|Other Retail|Tobacco And Nicotine Vapour Products|Melburn Stores|Active
Brown's Convenience Store|82 Bridge Street, Inverlea,  QD37 7SL|QD37 7SL|Drumlarach|Convenience Store|Tobacco Only|Brown's Convenience Store|Active
Reid Newsagents|112 Park Avenue, Torgate,  QC35 5EJ|QC35 5EJ|Corriebeg|Confectionary / Tobacconist / Newsagents|Tobacco And Nicotine Vapour Products|Reid Newsagents|Active
Anderson's Convenience Store|112 Queen Street, Newside,  QD20 2UR|QD20 2UR|Drumlarach|Convenience Store|Tobacco And Nicotine Vapour Products|Anderson's Convenience Store|Active
Ferguson Mobile Shop|3 Bridge Street, Balburn,  QE23 7HU|QE23 7HU|Eskbrae|Mobile Trade|Tobacco Only|Anderson Retail Ltd|Inactive
Graham Newsagents|62 School Road, Rossmains,  QF7 9HG|QF7 9HG|Fallinmuir|Confectionary / Tobacconist / Newsagents|Tobacco Only|Graham Newsagents|Active
Campbell's Convenience Store|161 Castle Street, Glenford,  QE23 8RY|QE23 8RY|Eskbrae|Convenience Store|Tobacco And Nicotine Vapour Products|Brown Retail Ltd|Active
Murray Newsagents|92 King Street, Torhill,  QC33 6RQ|QC33 6RQ|Corriebeg|Confectionary / Tobacconist / Newsagents|Tobacco And Nicotine Vapour Products|Murray Retail Ltd|Active
Reid's Convenience Store|6 Church Street, Killaw,  QC34 2WH|QC34 2WH|Corriebeg|Convenience Store|Tobacco Only|Reid's Convenience Store|Active
Rossside Stores|9 Castle Street, Rossside,  QH17 8BZ|QH17 8BZ|Harlawmuir|Other Retail|Tobacco And Nicotine Vapour Products|Rossside Stores|Active
Ferguson Newsagents|118 Victoria Road, Fernlea,  QB8 1NN|QB8 1NN|Brackenlaw|Confectionary / Tobacconist / Newsagents|Tobacco And Nicotine Vapour Products|Ferguson Newsagents|Active
The Dunlaw Arms|2 King Street, Dunlaw,  QH17 0SS|QH17 0SS|Harlawmuir|Public House|Tobacco And Nicotine Vapour Products|Murray Retail Ltd|Active
 Whinlea Supermarket |45 School Road, Whinlea,  QB10 6PE|QB10 6PE|Brackenlaw|Supermarket and Other Retail Outlets|Tobacco Only|Duncan Retail Ltd|Active
Newside Wines|151 Bridge Street, Newside,  QB28 1TU|QB28 1TU|Brackenlaw|Off-Licence|Tobacco And Nicotine Vapour Products|Kerr Retail Ltd|Active
Kinwood Stores|21 Bridge Street, Kinwood,  QE5 1AP|QE5 1AP|Eskbrae|Other Retail|Tobacco And Nicotine Vapour Products|Kinwood Stores|Active
Graham's Convenience Store|109 Victoria Road, Langdale,  QE3 5XD|QE3 5XD|Eskbrae|Convenience Store|Tobacco Only|Graham Retail Ltd|Active
Dunmains Wines|171 Market Street, Dunmains,  QE4 7FF|QE4 7FF|Eskbrae|Off-Licence|Tobacco Only|Dunmains Wines|Active
Campbell Newsagents|9 Main Street, Newmuir,  QE1 0TZ|QE1 0TZ|Eskbrae|Confectionary / Tobacconist / Newsagents|Tobacco Only|Campbell Newsagents|Active
Anderson Newsagents|11 Castle Street, Balside,  QD38 9JG|QD38 9JG|Drumlarach|Confectionary / Tobacconist / Newsagents|Tobacco And Nicotine Vapour Products|Anderson Retail Ltd|Inactive
Kilburn Supermarket|53 Mill Lane, Kilburn,  QB27 5FS|QB27 5FS|Brackenlaw|Supermarket and Other Retail Outlets|Tobacco Only|Kilburn Supermarket|Inactive
Watt's Convenience Store|106 Mill Lane, Rossburn,  QD16 3EW|QD16 3EW|Drumlarach|Convenience Store|Tobacco Only|Watt's Convenience Store|Inactive
 Campbell Newsagents |138 Main Street, Rossmains,  QF7 9NU|QF7 9NU|Fallinmuir|Confectionary / Tobacconist / Newsagents|Tobacco And Nicotine Vapour Products|Campbell Newsagents|Active
Duncan's Convenience Store|109 School Road, Whinfield,  QD40 9NZ|QD40 9NZ|Drumlarach|Convenience Store|Tobacco And Nicotine Vapour Products|Ferguson Retail Ltd|Inactive
The Melburn Arms|76 Park Avenue, Melburn,  QC34 4DT|QC34 4DT|Corriebeg|Public House|Tobacco Only|Brown Retail Ltd|Active
MacLeod's Convenience Store|134 Castle Street, Inverford,  QE24 8AH|QE24 8AH|Eskbrae|Convenience Store|Tobacco Only|MacLeod's Convenience Store|Inactive
Ferguson Newsagents|31 Market Street, Torgate,  QC35 0QN|QC35 0QN|Corriebeg|Confectionary / Tobacconist / Newsagents|Tobacco And Nicotine Vapour Products|Ferguson Newsagents|Inactive
 Murray's Convenience Store |122 Main Street, Lochanshaws,  QG34 3TN|QG34 3TN|Glenhaven|Convenience Store|Tobacco And Nicotine Vapour Products|Murray's Convenience Store|Inactive
Paterson Newsagents|72 Market Street, Torburn,  QG32 7RP|QG32 7RP|Glenhaven|Confectionary / Tobacconist / Newsagents|Tobacco Only|Paterson Newsagents|Active
Newbank Stores|146 Victoria Road, Newbank,  QF10 5GU|QF10 5GU|Fallinmuir|Other Retail|Tobacco And Nicotine Vapour Products|Newbank Stores|Inactive
Lennox Newsagents|169 Church Street, Strathside,  QF26 4RZ|QF26 4RZ|Fallinmuir|Confectionary / Tobacconist / Newsagents|Tobacco And Nicotine Vapour Products|Lennox Retail Ltd|Active
Murray Newsagents|13 Mill Lane, Strathholm,  QF6 4GF|QF6 4GF|Fallinmuir|Confectionary / Tobacconist / Newsagents|Tobacco Only|Murray Retail Ltd|Active
Birklea Takeaway|148 Station Road, Birklea,  QB27 5PU|QB27 5PU|Brackenlaw|Other Catering|Tobacco And Nicotine Vapour Products|Anderson Retail Ltd|Active
Rossshaws Supermarket|86 Bridge Street, Rossshaws,  QC15 7UT|QC15 7UT|Corriebeg|Supermarket and Other Retail Outlets|Tobacco Only|Murray Retail Ltd|Active
Rossford Service Station|173 Victoria Road, Rossford,  QD36 3GR|QD36 3GR|Drumlarach|Forecourt Garage|Tobacco Only|Rossford Service Station|Active
Ashlaw Stores|27 Market Street, Ashlaw,  QH16 3BJ|QH16 3BJ|Harlawmuir|Other Retail|Tobacco Only|Ashlaw Stores|Active
Kinlea Service Station|101 Main Street, Kinlea,  QG31 1DT|QG31 1DT|Glenhaven|Forecourt Garage|Tobacco Only|Sinclair Retail Ltd|Active
Hamilton's Convenience Store|175 Castle Street, Langmuir,  QD37 1YU|QD37 1YU|Drumlarach|Convenience Store|Tobacco Only|Hamilton's Convenience Store|Active
 Murray's Convenience Store |66 Park Avenue, Torside,  QF6 8AH|QF6 8AH|Fallinmuir|Convenience Store|Tobacco Only|Murray's Convenience Store|Active
Paterson's Convenience Store|44 Harbour Road, Melburn,  QC34 6JF|QC34 6JF|Corriebeg|Convenience Store|Tobacco And Nicotine Vapour Products|Paterson's Convenience Store|Active
 Brown Newsagents |172 Church Street, Strathholm,  QE22 2LX|QE22 2LX|Eskbrae|Confectionary / Tobacconist / Newsagents|Tobacco Only|Brown Newsagents|Active
Kerr Newsagents|78 Harbour Road, Fernshaws,  QF26 9LB|QF26 9LB|Fallinmuir|Confectionary / Tobacconist / Newsagents|Tobacco Only|Anderson Retail Ltd|Active
 Langshaws Stores |111 Bridge Street, Langshaws,  QF9 2LX|QF9 2LX|Fallinmuir|Other Retail|Tobacco Only|Watt Retail Ltd|Inactive
Lennox Newsagents|162 Bridge Street, Strathdale,  QE24 9EJ|QE24 9EJ|Eskbrae|Confectionary / Tobacconist / Newsagents|Tobacco Only|Duncan Retail Ltd|Inactive
Fernshaws Service Station|17 School Road, Fernshaws,  QF26 5JL|QF26 5JL|Fallinmuir|Forecourt Garage|Tobacco Only|Fernshaws Service Station|Active
Whinlea Stores|121 Harbour Road, Whinlea,  QB10 4WX|QB10 4WX|Brackenlaw|Other Retail|Tobacco Only|Kerr Retail Ltd|Active
Rossfield Takeaway|127 Victoria Road, Rossfield,  QA25 6HR|QA25 6HR|Aldmoor|Other Catering|Tobacco Only|Rossfield Takeaway|Active
Langshaws Wines|163 Queen Street, Langshaws,  QH19 1QP|QH19 1QP|Harlawmuir|Off-Licence|Tobacco Only|Ferguson Retail Ltd|Active
Rossmains Stores|144 Market Street, Rossmains,  QF41 2DU|QF41 2DU|Fallinmuir|Other Retail|Tobacco Only|MacLeod Retail Ltd|Active
The Kinbank Arms|105 Park Avenue, Kinbank,  QB29 7BL|QB29 7BL|Brackenlaw|Public House|Tobacco And Nicotine Vapour Products|The Kinbank Arms|Active
Reid Newsagents|84 Main Street, Fernmuir,  QE1 7EN|QE1 7EN|Eskbrae|Confectionary / Tobacconist / Newsagents|Tobacco Only|Reid Newsagents|Active
Melpark Wines|132 Victoria Road, Melpark,  QD19 1EQ|QD19 1EQ|Drumlarach|Off-Licence|Tobacco Only|Duncan Retail Ltd|Active
Ferguson's Convenience Store|97 Market Street, Langlea,  QB28 5DR|QB28 5DR|Brackenlaw|Convenience Store|Tobacco Only|Ferguson's Convenience Store|Active
Whindale Service Station|93 Harbour Road, Whindale,  QB29 5LD|QB29 5LD|Brackenlaw|Forecourt Garage|Tobacco And Nicotine Vapour Products|Graham Retail Ltd|Active
 The Balshaws Arms |12 Queen Street, Balshaws,  QD18 3AJ|QD18 3AJ|Drumlarach|Public House|Tobacco And Nicotine Vapour Products|The Balshaws Arms|Active
Ferguson's Convenience Store|37 Station Road, Melburn,  QC34 7XR|QC34 7XR|Corriebeg|Convenience Store|Tobacco And Nicotine Vapour Products|Ferguson's Convenience Store|Inactive
Rossburn Service Station|4 Glebe Road, Rossburn,  QC11 7SF|QC11 7SF|Corriebeg|Forecourt Garage|Tobacco Only|Sinclair Retail Ltd|Inactive
MacLeod Newsagents|151 Glebe Road, Dalshaws,  QF10 5ZZ|QF10 5ZZ|Fallinmuir|Confectionary / Tobacconist / Newsagents|Tobacco Only|MacLeod Newsagents|Active
Watt's Convenience Store|33 Church Street, Dunfield,  QG33 0WN|QG33 0WN|Glenhaven|Convenience Store|Tobacco Only|Watt's Convenience Store|Active
Anderson's Convenience Store|158 Station Road, Inverdale,  QG31 9YY|QG31 9YY|Glenhaven|Convenience Store|Tobacco Only|Anderson's Convenience Store|Active
Dalmuir Hotel|161 Harbour Road, Dalmuir,  QD16 0GE|QD16 0GE|Drumlarach|Hotel|Tobacco And Nicotine Vapour Products|Dalmuir Hotel|Active
Anderson's Convenience Store|26 Castle Street, Dalpark,  QB6 6WF|QB6 6WF|Brackenlaw|Convenience Store|Tobacco And Nicotine Vapour Products|Reid Retail Ltd|Active
Fernbrae Stores|49 Victoria Road, Fernbrae,  QC32 6PB|QC32 6PB|Corriebeg|Other Retail|Tobacco And Nicotine Vapour Products|Fernbrae Stores|Active
Newshaws Service Station|160 Church Street, Newshaws,  QD16 4LN|QD16 4LN|Drumlarach|Forecourt Garage|Tobacco Only|Newshaws Service Station|Active
Duncan's Convenience Store|23 Glebe Road, Lochanshaws,  QE21 7QF|QE21 7QF|Eskbrae|Convenience Store|Tobacco Only|Duncan's Convenience Store|Active
Duncan's Convenience Store|169 Main Street, Newdale,  QB8 9PG|QB8 9PG|Brackenlaw|Convenience Store|Tobacco Only|Duncan's Convenience Store|Inactive
Lochanshaws Takeaway|108 Queen Street, Lochanshaws,  QF6 0EF|QF6 0EF|Fallinmuir|Other Catering|Tobacco Only|Lochanshaws Takeaway|Active
Reid's Convenience Store|76 Harbour Road, Ashburn,  QE24 3QD|QE24 3QD|Eskbrae|Convenience Store|Tobacco Only|Reid's Convenience Store|Active
Ferguson's Convenience Store|163 Victoria Road, Branhill,  QF27 3WN|QF27 3WN|Fallinmuir|Convenience Store|Tobacco And Nicotine Vapour Products|Ferguson's Convenience Store|Active
Ferguson's Convenience Store|179 Victoria Road, Kinlaw,  QE23 1TQ|QE23 1TQ|Eskbrae|Convenience Store|Tobacco And Nicotine Vapour Products|Anderson Retail Ltd|Active
 Langlaw Service Station |143 Mill Lane, Langlaw,  QG34 3WU|QG34 3WU|Glenhaven|Forecourt Garage|Tobacco And Nicotine Vapour Products|Langlaw Service Station|Inactive
Strathgate Hotel|47 Station Road, Strathgate,  QG13 5PS|QG13 5PS|Glenhaven|Hotel|Tobacco Only|Strathgate Hotel|Active
Reid Mobile Shop|174 Market Street, Fernlea,  QC13 1NF|QC13 1NF|Corriebeg|Mobile Trade|Tobacco And Nicotine Vapour Products|Hamilton Retail Ltd|Active
Reid Newsagents|15 High Street, Torlaw,  QC32 0AZ|QC32 0AZ|Corriebeg|Confectionary / Tobacconist / Newsagents|Tobacco And Nicotine Vapour Products|Lennox Retail Ltd|Active
Fernhaugh Stores|112 Mill Lane, Fernhaugh,  QH39 1SE|QH39 1SE|Harlawmuir|Other Retail|Tobacco Only|Graham Retail Ltd|Active
Sinclair's Convenience Store|114 Glebe Road, Brangate,  QA4 2QQ|QA4 2QQ|Aldmoor|Convenience Store|Tobacco Only|Sinclair's Convenience Store|Active
The Balpark Arms|142 Market Street, Balpark,  QD39 3QB|QD39 3QB|Drumlarach|Public House|Tobacco And Nicotine Vapour Products|Sinclair Retail Ltd|Active
 Graham's Convenience Store |67 Bridge Street, Glenholm,  QB8 0WZ|QB8 0WZ|Brackenlaw|Convenience Store|Tobacco Only|Ferguson Retail Ltd|Active
Lochanshaws Service Station|103 High Street, Lochanshaws,  QF6 2WB|QF6 2WB|Fallinmuir|Forecourt Garage|Tobacco Only|Paterson Retail Ltd|Active
Newlea Hotel|33 Harbour Road, Newlea,  QE25 9QR|QE25 9QR|Eskbrae|Hotel|Tobacco And Nicotine Vapour Products|Anderson Retail Ltd|Active
Rossshaws Stores|38 High Street, Rossshaws,  QC15 3FH|QC15 3FH|Corriebeg|Other Retail|Tobacco Only|Rossshaws Stores|Active
Graham's Convenience Store|68 Castle Street, Ballaw,  QF7 8YE|QF7 8YE|Fallinmuir|Convenience Store|Tobacco Only|Graham's Convenience Store|Active
Campbell's Convenience Store|72 Harbour Road, Dalford,  QF26 9ES|QF26 9ES|Fallinmuir|Convenience Store|Tobacco Only|Campbell's Convenience Store|Active
Campbell's Convenience Store|177 Church Street, Langlea,  QA24 1LT|QA24 1LT|Aldmoor|Convenience Store|Tobacco And Nicotine Vapour Products|Watt Retail Ltd|Active
Hamilton Newsagents|89 Glebe Road, Birkholm,  QG11 3DH|QG11 3DH|Glenhaven|Confectionary / Tobacconist / Newsagents|Tobacco And Nicotine Vapour Products|Ferguson Retail Ltd|Active
Kilfield Service Station|130 Harbour Road, Kilfield,  QE5 7BN|QE5 7BN|Eskbrae|Forecourt Garage|Tobacco Only|Kilfield Service Station|Active
Duncan's Convenience Store|109 King Street, Dunfield,  QC32 9BZ|QC32 9BZ|Corriebeg|Convenience Store|Tobacco And Nicotine Vapour Products|Watt Retail Ltd|Active
Anderson's Convenience Store|153 High Street, Strathpark,  QF8 1QA|QF8 1QA|Fallinmuir|Convenience Store|Tobacco And Nicotine Vapour Products|Anderson's Convenience Store|Active
Lochanbank Service Station|167 Castle Street, Lochanbank,  QF28 8YU|QF28 8YU|Fallinmuir|Forecourt Garage|Tobacco Only|Hamilton Retail Ltd|Active
Hamilton's Convenience Store|137 Park Avenue, Branhaugh,  QE25 6YN|QE25 6YN|Eskbrae|Convenience Store|Tobacco And Nicotine Vapour Products|Hamilton Retail Ltd|Active
Dalcraig Service Station|66 Park Avenue, Dalcraig,  QB7 3HY|QB7 3HY|Brackenlaw|Forecourt Garage|Tobacco Only|Dalcraig Service Station|Active
 The Birkhill Arms |41 Church Street, Birkhill,  QG35 8ZT|QG35 8ZT|Glenhaven|Public House|Tobacco Only|The Birkhill Arms|Active
Rosslaw Stores|122 Main Street, Rosslaw,  QH39 4DD|QH39 4DD|Harlawmuir|Other Retail|Tobacco Only|Rosslaw Stores|Active
 Brown's Convenience Store |115 High Street, Kilmains,  QB28 3NQ|QB28 3NQ|Brackenlaw|Convenience Store|Tobacco Only|Brown's Convenience Store|Active
Brown's Convenience Store|44 High Street, Fernshaws,  QE24 3HN|QE24 3HN|Eskbrae|Convenience Store|Tobacco Only|Paterson Retail Ltd|Active
Paterson's Convenience Store|137 School Road, Melbank,  QB9 1BU|QB9 1BU|Brackenlaw|Convenience Store|Tobacco Only|Paterson's Convenience Store|Inactive
Ferguson's Convenience Store|109 Queen Street, Mellea,  QH19 4SJ|QH19 4SJ|Harlawmuir|Convenience Store|Tobacco And Nicotine Vapour Products|Ferguson's Convenience Store|Inactive
Langfield Service Station|111 Bridge Street, Langfield,  QF9 0ZX|QF9 0ZX|Fallinmuir|Forecourt Garage|Tobacco And Nicotine Vapour Products|Langfield Service Station|Active
Kerr's Convenience Store|56 Queen Street, Fernshaws,  QF26 9LB|QF26 9LB|Fallinmuir|Convenience Store|Tobacco And Nicotine Vapour Products|MacLeod Retail Ltd|Active
Hamilton Newsagents|91 Church Street, Ashside,  QC15 2LF|QC15 2LF|Corriebeg|Confectionary / Tobacconist / Newsagents|Tobacco And Nicotine Vapour Products|Hamilton Newsagents|Active
Paterson Newsagents|162 King Street, Kildale,  QD39 1GX|QD39 1GX|Drumlarach|Confectionary / Tobacconist / Newsagents|Tobacco Only|Paterson Retail Ltd|Inactive
Hamilton Newsagents|154 Harbour Road, Rosshill,  QA5 7DT|QA5 7DT|Aldmoor|Confectionary / Tobacconist / Newsagents|Tobacco And Nicotine Vapour Products|Brown Retail Ltd|Active
Craigbank Stores|41 High Street, Craigbank,  QC31 1HD|QC31 1HD|Corriebeg|Other Retail|Tobacco Only|Murray Retail Ltd|Active
Inverlea Supermarket|116 Victoria Road, Inverlea,  QD37 7XN|QD37 7XN|Drumlarach|Supermarket and Other Retail Outlets|Tobacco Only|Hamilton Retail Ltd|Active
Inverdale Stores|121 Mill Lane, Inverdale,  QG31 9YY|QG31 9YY|Glenhaven|Other Retail|Tobacco And Nicotine Vapour Products|Brown Retail Ltd|Active
The Langmains Arms|155 High Street, Langmains,  QH38 9TX|QH38 9TX|Harlawmuir|Public House|Tobacco Only|The Langmains Arms|Active
Melburn Stores|123 Market Street, Melburn,  QC34 6ZX|QC34 6ZX|Corriebeg|Other Retail|Tobacco Only|Melburn Stores|Active
Rossford Supermarket|41 Bridge Street, Rossford,  QD36 9LW|QD36 9LW|Drumlarach|Supermarket and Other Retail Outlets|Tobacco Only|Hamilton Retail Ltd|Active
Sinclair's Convenience Store|173 Bridge Street, Inverbrae,  QF8 8BY|QF8 8BY|Fallinmuir|Convenience Store|Tobacco And Nicotine Vapour Products|Duncan Retail Ltd|Active
Kinlaw Stores|76 Station Road, Kinlaw,  QE23 1ZQ|QE23 1ZQ|Eskbrae|Other Retail|Tobacco And Nicotine Vapour Products|Ferguson Retail Ltd|Active
Brown's Convenience Store|63 Mill Lane, Invercraig,  QH18 9SD|QH18 9SD|Harlawmuir|Convenience Store|Tobacco Only|Reid Retail Ltd|Inactive
Anderson's Convenience Store|108 Main Street, Glenholm,  QA24 1YD|QA24 1YD|Aldmoor|Convenience Store|Tobacco Only|Anderson's Convenience Store|Active
Inverwood Supermarket|126 Victoria Road, Inverwood,  QA22 7FR|QA22 7FR|Aldmoor|Supermarket and Other Retail Outlets|Tobacco Only|Watt Retail Ltd|Active
MacLeod Newsagents|53 Main Street, Whinwood,  QD36 1NT|QD36 1NT|Drumlarach|Confectionary / Tobacconist / Newsagents|Tobacco And Nicotine Vapour Products|MacLeod Retail Ltd|Active
Ferguson's Convenience Store|128 Mill Lane, Kilhaugh,  QB6 0XP|QB6 0XP|Brackenlaw|Convenience Store|Tobacco And Nicotine Vapour Products|Ferguson's Convenience Store|Active
Watt's Convenience Store|167 Queen Street, Glenburn,  QD17 7AS|QD17 7AS|Drumlarach|Convenience Store|Tobacco Only|Duncan Retail Ltd|Active
 Graham's Convenience Store |105 King Street, Craigtoun,  QD20 0QF|QD20 0QF|Drumlarach|Convenience Store|Tobacco And Nicotine Vapour Products|Hamilton Retail Ltd|Active
Ferguson's Convenience Store|117 Glebe Road, Invercraig,  QE22 2EL|QE22 2EL|Eskbrae|Convenience Store|Tobacco Only|Ferguson's Convenience Store|Inactive
 Duncan Newsagents |19 Harbour Road, Ashwood,  QA5 4GY|QA5 4GY|Aldmoor|Confectionary / Tobacconist / Newsagents|Tobacco Only|Duncan Newsagents|Active
Hamilton's Convenience Store|22 Glebe Road, Fernmuir,  QH58 0QF|QH58 0QF|Harlawmuir|Convenience Store|Tobacco And Nicotine Vapour Products|Hamilton's Convenience Store|Active
Campbell's Convenience Store|21 Queen Street, Rossside,  QH17 4NJ|QH17 4NJ|Harlawmuir|Convenience Store|Tobacco And Nicotine Vapour Products|Campbell's Convenience Store|Active
 Balholm Supermarket |52 Station Road, Balholm,  QE4 4AS|QE4 4AS|Eskbrae|Supermarket and Other Retail Outlets|Tobacco And Nicotine Vapour Products|Kerr Retail Ltd|Active
 Glentoun Stores |159 Main Street, Glentoun,  QD20 2YA|QD20 2YA|Drumlarach|Other Retail|Tobacco Only|Graham Retail Ltd|Active
Watt Newsagents|8 Park Avenue, Inverford,  QE25 9JH|QE25 9JH|Eskbrae|Confectionary / Tobacconist / Newsagents|Tobacco And Nicotine Vapour Products|Sinclair Retail Ltd|Active
Langholm Service Station|128 Bridge Street, Langholm,  QH39 6TL|QH39 6TL|Harlawmuir|Forecourt Garage|Tobacco And Nicotine Vapour Products|Langholm Service Station|Active
Watt's Convenience Store|120 Main Street, Newshaws,  QD20 5HJ|QD20 5HJ|Drumlarach|Convenience Store|Tobacco Only|Ferguson Retail Ltd|Active
Graham's Convenience Store|132 Castle Street, Craighill,  QC35 1AS|QC35 1AS|Corriebeg|Convenience Store|Tobacco And Nicotine Vapour Products|Graham's Convenience Store|Active
Kilfield Stores|14 Church Street, Kilfield,  QE5 5WF|QE5 5WF|Eskbrae|Other Retail|Tobacco And Nicotine Vapour Products|Kilfield Stores|Active
Invermuir Stores|119 High Street, Invermuir,  QH36 2DH|QH36 2DH|Harlawmuir|Other Retail|Tobacco And Nicotine Vapour Products|Invermuir Stores|Active
 The Fernshaws Arms |100 Mill Lane, Fernshaws,  QF26 4FB|QF26 4FB|Fallinmuir|Public House|Tobacco And Nicotine Vapour Products|The Fernshaws Arms|Active
Anderson Newsagents|161 Church Street, Rossmains,  QF7 1YJ|QF7 1YJ|Fallinmuir|Confectionary / Tobacconist / Newsagents|Tobacco Only|Reid Retail Ltd|Active
Duncan's Convenience Store|129 Station Road, Strathdale,  QE5 5RB|QE5 5RB|Eskbrae|Convenience Store|Tobacco And Nicotine Vapour Products|Duncan's Convenience Store|Active
The Langlea Arms|23 Church Street, Langlea,  QA3 1ZP|QA3 1ZP|Aldmoor|Public House|Tobacco Only|Anderson Retail Ltd|Inactive
Paterson Newsagents|166 Market Street, Kinburn,  QE2 2PA|QE2 2PA|Eskbrae|Confectionary / Tobacconist / Newsagents|Tobacco Only|Paterson Newsagents|Active
The Kilford Arms|41 High Street, Kilford,  QF30 7YN|QF30 7YN|Fallinmuir|Public House|Tobacco Only|Watt Retail Ltd|Active
Daltoun Stores|171 School Road, Daltoun,  QD40 0FL|QD40 0FL|Drumlarach|Other Retail|Tobacco And Nicotine Vapour Products|Daltoun Stores|Inactive
The Fernlea Arms|13 Queen Street, Fernlea,  QH38 4EQ|QH38 4EQ|Harlawmuir|Public House|Tobacco And Nicotine Vapour Products|The Fernlea Arms|Active
Lochanlea Takeaway|34 Victoria Road, Lochanlea,  QA23 3JD|QA23 3JD|Aldmoor|Other Catering|Tobacco Only|Lochanlea Takeaway|Active
Kilfield Stores|151 Mill Lane, Kilfield,  QE5 7SD|QE5 7SD|Eskbrae|Other Retail|Tobacco Only|Kilfield Stores|Active
The Newshaws Arms|110 Market Street, Newshaws,  QD16 4ZQ|QD16 4ZQ|Drumlarach|Public House|Tobacco Only|Watt Retail Ltd|Inactive
Glenburn Hotel|123 Victoria Road, Glenburn,  QD17 7GZ|QD17 7GZ|Drumlarach|Hotel|Tobacco And Nicotine Vapour Products|Glenburn Hotel|Inactive
Hamilton's Convenience Store|33 School Road, Glenmains,  QF27 9UU|QF27 9UU|Fallinmuir|Convenience Store|Tobacco And Nicotine Vapour Products|Anderson Retail Ltd|Active
Strathholm Stores|62 Victoria Road, Strathholm,  QF6 1JS|QF6 1JS|Fallinmuir|Other Retail|Tobacco Only|Strathholm Stores|Active
Duncan's Convenience Store|109 Bridge Street, Glenford,  QC14 6BE|QC14 6BE|Corriebeg|Convenience Store|Tobacco Only|Paterson Retail Ltd|Inactive
Dalpark Service Station|133 Mill Lane, Dalpark,  QB6 8SQ|QB6 8SQ|Brackenlaw|Forecourt Garage|Tobacco Only|Dalpark Service Station|Active
Dunlea Takeaway|54 Glebe Road, Dunlea,  QG12 2YH|QG12 2YH|Glenhaven|Other Catering|Tobacco Only|Anderson Retail Ltd|Inactive
The Torbank Arms|8 King Street, Torbank,  QH18 6TT|QH18 6TT|Harlawmuir|Public House|Tobacco And Nicotine Vapour Products|The Torbank Arms|Inactive
Reid's Convenience Store|82 Victoria Road, Birklea,  QE4 4SS|QE4 4SS|Eskbrae|Convenience Store|Tobacco And Nicotine Vapour Products|Reid's Convenience Store|Active
Reid's Convenience Store|164 Park Avenue, Langfield,  QA24 7UE|QA24 7UE|Aldmoor|Convenience Store|Tobacco Only|Sinclair Retail Ltd|Inactive
Ashbrae Stores|4 Harbour Road, Ashbrae,  QF29 9RE|QF29 9RE|Fallinmuir|Other Retail|Tobacco And Nicotine Vapour Products|Ashbrae Stores|Active
 Ferguson's Convenience Store |51 Church Street, Craigburn,  QH40 5QA|QH40 5QA|Harlawmuir|Convenience Store|Tobacco And Nicotine Vapour Products|Ferguson's Convenience Store|Inactive
Dalford Stores|167 Harbour Road, Dalford,  QF26 9XD|QF26 9XD|Fallinmuir|Other Retail|Tobacco And Nicotine Vapour Products|Dalford Stores|Active
MacLeod Newsagents|162 School Road, Birkford,  QD38 9TX|QD38 9TX|Drumlarach|Confectionary / Tobacconist / Newsagents|Tobacco Only|MacLeod Newsagents|Active
 Anderson's Convenience Store |61 Main Street, Melwood,  QC11 7BB|QC11 7BB|Corriebeg|Convenience Store|Tobacco And Nicotine Vapour Products|Anderson Retail Ltd|Active
The Langtoun Arms|112 Park Avenue, Langtoun,  QB6 6UQ|QB6 6UQ|Brackenlaw|Public House|Tobacco And Nicotine Vapour Products|The Langtoun Arms|Inactive
 Watt Newsagents |90 King Street, Birkhaugh,  QA23 2FW|QA23 2FW|Aldmoor|Confectionary / Tobacconist / Newsagents|Tobacco Only|Watt Newsagents|Active
 Kilgate Stores |75 High Street, Kilgate,  QA23 3QS|QA23 3QS|Aldmoor|Other Retail|Tobacco And Nicotine Vapour Products|Murray Retail Ltd|Active
The Newside Arms|136 High Street, Newside,  QD20 2JW|QD20 2JW|Drumlarach|Public House|Tobacco Only|The Newside Arms|Active
MacLeod's Convenience Store|105 Castle Street, Torlaw,  QF26 1JT|QF26 1JT|Fallinmuir|Convenience Store|Tobacco And Nicotine Vapour Products|Campbell Retail Ltd|Active
The Glenbank Arms|177 Victoria Road, Glenbank,  QA1 6NN|QA1 6NN|Aldmoor|Public House|Tobacco And Nicotine Vapour Products|The Glenbank Arms|Active
 Melburn Wines |145 Mill Lane, Melburn,  QC34 6YP|QC34 6YP|Corriebeg|Off-Licence|Tobacco And Nicotine Vapour Products|Sinclair Retail Ltd|Active
Dundale Supermarket|61 Mill Lane, Dundale,  QE22 6YH|QE22 6YH|Eskbrae|Supermarket and Other Retail Outlets|Tobacco And Nicotine Vapour Products|Dundale Supermarket|Active
Anderson's Convenience Store|139 Victoria Road, Langshaws,  QH19 5AT|QH19 5AT|Harlawmuir|Convenience Store|Tobacco Only|Lennox Retail Ltd|Active
Rosslea Stores|34 Main Street, Rosslea,  QG11 6WL|QG11 6WL|Glenhaven|Other Retail|Tobacco Only|Reid Retail Ltd|Inactive
The Craigbrae Arms|54 King Street, Craigbrae,  QA4 7HE|QA4 7HE|Aldmoor|Public House|Tobacco And Nicotine Vapour Products|The Craigbrae Arms|Active
Melcraig Supermarket|78 Harbour Road, Melcraig,  QA22 7ZR|QA22 7ZR|Aldmoor|Supermarket and Other Retail Outlets|Tobacco And Nicotine Vapour Products|MacLeod Retail Ltd|Active
Whindale Stores|7 Harbour Road, Whindale,  QA24 4YY|QA24 4YY|Aldmoor|Other Retail|Tobacco Only|Whindale Stores|Active
The Rosslea Arms|107 Bridge Street, Rosslea,  QG11 6SQ|QG11 6SQ|Glenhaven|Public House|Tobacco Only|Graham Retail Ltd|Active
Birkhaugh Hotel|105 Mill Lane, Birkhaugh,  QA23 9WX|QA23 9WX|Aldmoor|Hotel|Tobacco Only|Birkhaugh Hotel|Active
Glenburn Wines|116 Main Street, Glenburn,  QD17 7EN|QD17 7EN|Drumlarach|Off-Licence|Tobacco And Nicotine Vapour Products|Anderson Retail Ltd|Active
 Ashdale Service Station |145 Queen Street, Ashdale,  QE4 8HN|QE4 8HN|Eskbrae|Forecourt Garage|Tobacco Only|Ferguson Retail Ltd|Active
Strathtoun Supermarket|12 Bridge Street, Strathtoun,  QH37 3GP|QH37 3GP|Harlawmuir|Supermarket and Other Retail Outlets|Tobacco Only|Campbell Retail Ltd|Active
Rossfield Service Station|168 Mill Lane, Rossfield,  QH38 4YG|QH38 4YG|Harlawmuir|Forecourt Garage|Tobacco Only|Graham Retail Ltd|Inactive
Brown Newsagents|153 Glebe Road, Strathmuir,  QC35 5GX|QC35 5GX|Corriebeg|Confectionary / Tobacconist / Newsagents|Tobacco Only|Paterson Retail Ltd|Active
MacLeod Mobile Shop|79 Queen Street, Rossgate,  QE1 9RQ|QE1 9RQ|Eskbrae|Mobile Trade|Tobacco Only|MacLeod Mobile Shop|Active
Invergate Stores|125 Station Road, Invergate,  QD19 3TA|QD19 3TA|Drumlarach|Other Retail|Tobacco Only|Invergate Stores|Active
Lochancraig Service Station|58 Main Street, Lochancraig,  QA24 1RT|QA24 1RT|Aldmoor|Forecourt Garage|Tobacco Only|Lochancraig Service Station|Inactive
Rossford Stores|136 Market Street, Rossford,  QD36 9FP|QD36 9FP|Drumlarach|Other Retail|Tobacco Only|Reid Retail Ltd|Active
 Strathfield Stores |73 Queen Street, Strathfield,  QE3 2TB|QE3 2TB|Eskbrae|Other Retail|Tobacco And Nicotine Vapour Products|Strathfield Stores|Active
Watt's Convenience Store|72 Glebe Road, Branhaugh,  QG11 9EE|QG11 9EE|Glenhaven|Convenience Store|Tobacco And Nicotine Vapour Products|Graham Retail Ltd|Active
 Anderson Newsagents |21 Station Road, Langfield,  QF9 7JR|QF9 7JR|Fallinmuir|Confectionary / Tobacconist / Newsagents|Tobacco Only|Anderson Newsagents|Active
Hamilton's Convenience Store|138 Main Street, Dalcraig,  QA25 9JE|QA25 9JE|Aldmoor|Convenience Store|Tobacco Only|Hamilton's Convenience Store|Inactive
Reid Newsagents|55 Market Street, Glenburn,  QD17 7YJ|QD17 7YJ|Drumlarach|Confectionary / Tobacconist / Newsagents|Tobacco And Nicotine Vapour Products|Reid Newsagents|Active
Murray's Convenience Store|145 Main Street, Dunfield,  QH16 3DZ|QH16 3DZ|Harlawmuir|Convenience Store|Tobacco Only|Murray's Convenience Store|Active
 Inverlea Service Station |89 High Street, Inverlea,  QD37 6ZB|QD37 6ZB|Drumlarach|Forecourt Garage|Tobacco Only|Inverlea Service Station|Active
Murray's Convenience Store|77 Castle Street, Branburn,  QF30 5NB|QF30 5NB|Fallinmuir|Convenience Store|Tobacco Only|Murray's Convenience Store|Active
Watt's Convenience Store|88 Victoria Road, Birkshaws,  QD40 5GP|QD40 5GP|Drumlarach|Convenience Store|Tobacco And Nicotine Vapour Products|Kerr Retail Ltd|Inactive
Anderson's Convenience Store|26 King Street, Birktoun,  QH38 7DT|QH38 7DT|Harlawmuir|Convenience Store|Tobacco Only|Campbell Retail Ltd|Active
Paterson's Convenience Store|141 Station Road, Fernshaws,  QF26 3RY|QF26 3RY|Fallinmuir|Convenience Store|Tobacco And Nicotine Vapour Products|Kerr Retail Ltd|Active
 Rossdale Service Station |107 Castle Street, Rossdale,  QG14 8QF|QG14 8QF|Glenhaven|Forecourt Garage|Tobacco And Nicotine Vapour Products|Rossdale Service Station|Inactive
 Watt's Convenience Store |59 Victoria Road, Glentoun,  QD20 7DL|QD20 7DL|Drumlarach|Convenience Store|Tobacco And Nicotine Vapour Products|Watt's Convenience Store|Active
Graham's Convenience Store|108 Market Street, Craigside,  QG12 4LP|QG12 4LP|Glenhaven|Convenience Store|Tobacco Only|Graham's Convenience Store|Active
Dalmains Takeaway|179 Harbour Road, Dalmains,  QF27 6JE|QF27 6JE|Fallinmuir|Other Catering|Tobacco And Nicotine Vapour Products|Duncan Retail Ltd|Active
Paterson Mobile Shop|94 Bridge Street, Kinwood,  QC32 5NQ|QC32 5NQ|Corriebeg|Mobile Trade|Tobacco And Nicotine Vapour Products|Hamilton Retail Ltd|Active
Campbell Newsagents|122 Mill Lane, Lochanbank,  QF28 3EB|QF28 3EB|Fallinmuir|Confectionary / Tobacconist / Newsagents|Tobacco And Nicotine Vapour Products|Campbell Newsagents|Active
 Paterson's Convenience Store |88 Bridge Street, Inverdale,  QF8 0DT|QF8 0DT|Fallinmuir|Convenience Store|Tobacco And Nicotine Vapour Products|Lennox Retail Ltd|Active
 The Dunholm Arms |167 Mill Lane, Dunholm,  QF10 6AZ|QF10 6AZ|Fallinmuir|Public House|Tobacco And Nicotine Vapour Products|The Dunholm Arms|Active
Dunside Stores|27 Market Street, Dunside,  QH40 3PD|QH40 3PD|Harlawmuir|Other Retail|Tobacco Only|Graham Retail Ltd|Active
Campbell's Convenience Store|6 Harbour Road, Balholm,  QE4 4AS|QE4 4AS|Eskbrae|Convenience Store|Tobacco And Nicotine Vapour Products|Campbell's Convenience Store|Inactive
Graham's Convenience Store|18 Harbour Road, Melcraig,  QH19 2SE|QH19 2SE|Harlawmuir|Convenience Store|Tobacco And Nicotine Vapour Products|Graham's Convenience Store|Inactive
The Torhill Arms|63 High Street, Torhill,  QC33 5FG|QC33 5FG|Corriebeg|Public House|Tobacco And Nicotine Vapour Products|Graham Retail Ltd|Active
 Balcraig Stores |65 Harbour Road, Balcraig,  QC14 2FS|QC14 2FS|Corriebeg|Other Retail|Tobacco Only|MacLeod Retail Ltd|Active
Ferguson's Convenience Store|70 Harbour Road, Fernford,  QA2 4RL|QA2 4RL|Aldmoor|Convenience Store|Tobacco Only|Ferguson's Convenience Store|Inactive
Brancraig Service Station|171 Main Street, Brancraig,  QC12 2ZG|QC12 2ZG|Corriebeg|Forecourt Garage|Tobacco Only|Brancraig Service Station|Active
Duncan Newsagents|129 King Street, Lochanlaw,  QB10 3JT|QB10 3JT|Brackenlaw|Confectionary / Tobacconist / Newsagents|Tobacco And Nicotine Vapour Products|Duncan Newsagents|Active
The Langshaws Arms|71 Mill Lane, Langshaws,  QF9 2SH|QF9 2SH|Fallinmuir|Public House|Tobacco And Nicotine Vapour Products|Murray Retail Ltd|Inactive
Brown's Convenience Store|129 Bridge Street, Branmains,  QH36 7DG|QH36 7DG|Harlawmuir|Convenience Store|Tobacco Only|Brown's Convenience Store|Active
Inverdale Wines|113 Castle Street, Inverdale,  QG31 0AY|QG31 0AY|Glenhaven|Off-Licence|Tobacco Only|Inverdale Wines|Inactive
Paterson's Convenience Store|19 Park Avenue, Langlea,  QA24 1BH|QA24 1BH|Aldmoor|Convenience Store|Tobacco And Nicotine Vapour Products|Paterson's Convenience Store|Active
 Kilmuir Stores |36 Castle Street, Kilmuir,  QB7 8HB|QB7 8HB|Brackenlaw|Other Retail|Tobacco Only|Kilmuir Stores|Inactive
Campbell's Convenience Store|156 Church Street, Strathpark,  QH16 3GL|QH16 3GL|Harlawmuir|Convenience Store|Tobacco And Nicotine Vapour Products|Ferguson Retail Ltd|Active
Branbrae Service Station|98 School Road, Branbrae,  QH36 6YN|QH36 6YN|Harlawmuir|Forecourt Garage|Tobacco Only|Branbrae Service Station|Active
Ferguson Newsagents|117 Bridge Street, Lochanford,  QB7 5GT|QB7 5GT|Brackenlaw|Confectionary / Tobacconist / Newsagents|Tobacco And Nicotine Vapour Products|Campbell Retail Ltd|Active
Duncan's Convenience Store|60 Harbour Road, Newbank,  QA25 9BL|QA25 9BL|Aldmoor|Convenience Store|Tobacco Only|Paterson Retail Ltd|Active
Campbell's Convenience Store|23 Station Road, Craighill,  QC35 3EY|QC35 3EY|Corriebeg|Convenience Store|Tobacco And Nicotine Vapour Products|Campbell's Convenience Store|Active
Lochanhaugh Stores|63 Harbour Road, Lochanhaugh,  QF27 1QD|QF27 1QD|Fallinmuir|Other Retail|Tobacco Only|Lochanhaugh Stores|Active
The Lochanshaws Arms|4 Castle Street, Lochanshaws,  QG34 2HP|QG34 2HP|Glenhaven|Public House|Tobacco Only|Reid Retail Ltd|Active
Strathgate Stores|120 Harbour Road, Strathgate,  QG13 1HG|QG13 1HG|Glenhaven|Other Retail|Tobacco And Nicotine Vapour Products|Strathgate Stores|Active
Newburn Hotel|61 High Street, Newburn,  QE2 7TB|QE2 7TB|Eskbrae|Hotel|Tobacco Only|Duncan Retail Ltd|Active
The Newside Arms|157 Harbour Road, Newside,  QD20 2GJ|QD20 2GJ|Drumlarach|Public House|Tobacco Only|The Newside Arms|Active
Watt's Convenience Store|169 School Road, Whinwood,  QD36 9SZ|QD36 9SZ|Drumlarach|Convenience Store|Tobacco Only|MacLeod Retail Ltd|Active
The Dunlaw Arms|143 Church Street, Dunlaw,  QD36 7BS|QD36 7BS|Drumlarach|Public House|Tobacco And Nicotine Vapour Products|Paterson Retail Ltd|Active
Sinclair's Convenience Store|130 Harbour Road, Birklea,  QB27 2BH|QB27 2BH|Brackenlaw|Convenience Store|Tobacco And Nicotine Vapour Products|Sinclair's Convenience Store|Active
Campbell's Convenience Store|51 King Street, Dunwood,  QF7 1HL|QF7 1HL|Fallinmuir|Convenience Store|Tobacco And Nicotine Vapour Products|Campbell's Convenience Store|Active
Brown Mobile Shop|5 Bridge Street, Dalburn,  QC33 4YD|QC33 4YD|Corriebeg|Mobile Trade|Tobacco And Nicotine Vapour Products|Sinclair Retail Ltd|Active
 Watt's Convenience Store |52 Main Street, Inverford,  QE24 8YL|QE24 8YL|Eskbrae|Convenience Store|Tobacco And Nicotine Vapour Products|Watt's Convenience Store|Active
MacLeod Newsagents|88 Mill Lane, Rossmains,  QF7 1HQ|QF7 1HQ|Fallinmuir|Confectionary / Tobacconist / Newsagents|Tobacco Only|MacLeod Newsagents|Active
 Newbank Service Station |21 Church Street, Newbank,  QF10 2JQ|QF10 2JQ|Fallinmuir|Forecourt Garage|Tobacco And Nicotine Vapour Products|Newbank Service Station|Active
The Glenholm Arms|145 Church Street, Glenholm,  QB8 0ZJ|QB8 0ZJ|Brackenlaw|Public House|Tobacco And Nicotine Vapour Products|The Glenholm Arms|Active
Kerr's Convenience Store|40 Market Street, Strathside,  QF26 4WZ|QF26 4WZ|Fallinmuir|Convenience Store|Tobacco Only|MacLeod Retail Ltd|Inactive
Dunfield Supermarket|10 Victoria Road, Dunfield,  QC32 9YB|QC32 9YB|Corriebeg|Supermarket and Other Retail Outlets|Tobacco Only|Dunfield Supermarket|Active
MacLeod Newsagents|5 Glebe Road, Craigside,  QG12 5NY|QG12 5NY|Glenhaven|Confectionary / Tobacconist / Newsagents|Tobacco Only|MacLeod Newsagents|Active
Kilgate Stores|78 King Street, Kilgate,  QA23 3TJ|QA23 3TJ|Aldmoor|Other Retail|Tobacco And Nicotine Vapour Products|Kilgate Stores|Inactive
Dalpark Stores|160 School Road, Dalpark,  QB6 6SA|QB6 6SA|Brackenlaw|Other Retail|Tobacco Only|Ferguson Retail Ltd|Inactive
Glenburn Service Station|107 Queen Street, Glenburn,  QD17 7HN|QD17 7HN|Drumlarach|Forecourt Garage|Tobacco And Nicotine Vapour Products|Glenburn Service Station|Active
Watt's Convenience Store|135 Harbour Road, Daltoun,  QD40 3BP|QD40 3BP|Drumlarach|Convenience Store|Tobacco Only|Watt's Convenience Store|Active
 Duncan Newsagents |29 Queen Street, Glenholm,  QA24 7TF|QA24 7TF|Aldmoor|Confectionary / Tobacconist / Newsagents|Tobacco Only|Kerr Retail Ltd|Active
Craighaugh Supermarket|104 Bridge Street, Craighaugh,  QG33 6YU|QG33 6YU|Glenhaven|Supermarket and Other Retail Outlets|Tobacco Only|Craighaugh Supermarket|Active
Dalmuir Wines|167 Market Street, Dalmuir,  QD16 9HZ|QD16 9HZ|Drumlarach|Off-Licence|Tobacco Only|Dalmuir Wines|Active
The Torholm Arms|17 Bridge Street, Torholm,  QA59 0UU|QA59 0UU|Aldmoor|Public House|Tobacco And Nicotine Vapour Products|The Torholm Arms|Active
Ferguson Newsagents|154 Castle Street, Torgate,  QC35 5XH|QC35 5XH|Corriebeg|Confectionary / Tobacconist / Newsagents|Tobacco And Nicotine Vapour Products|Hamilton Retail Ltd|Active
Reid's Convenience Store|127 High Street, Torhill,  QC33 5AN|QC33 5AN|Corriebeg|Convenience Store|Tobacco Only|Reid's Convenience Store|Active
Watt Mobile Shop|38 Harbour Road, Dalcraig,  QB7 1BN|QB7 1BN|Brackenlaw|Mobile Trade|Tobacco Only|Watt Mobile Shop|Active
MacLeod Newsagents|86 Market Street, Glenwood,  QC31 2JP|QC31 2JP|Corriebeg|Confectionary / Tobacconist / Newsagents|Tobacco Only|Graham Retail Ltd|Inactive
Lochanshaws Stores|118 Mill Lane, Lochanshaws,  QG34 4RQ|QG34 4RQ|Glenhaven|Other Retail|Tobacco And Nicotine Vapour Products|Campbell Retail Ltd|Inactive
Daltoun Takeaway|17 Market Street, Daltoun,  QD40 3YP|QD40 3YP|Drumlarach|Other Catering|Tobacco Only|Anderson Retail Ltd|Inactive
Reid Newsagents|155 Bridge Street, Birkshaws,  QH17 9RF|QH17 9RF|Harlawmuir|Confectionary / Tobacconist / Newsagents|Tobacco And Nicotine Vapour Products|Reid Newsagents|Active
Rosstoun Stores|31 Harbour Road, Rosstoun,  QH37 2PZ|QH37 2PZ|Harlawmuir|Other Retail|Tobacco Only|Lennox Retail Ltd|Active
Campbell's Convenience Store|61 Harbour Road, Dunbank,  QG13 9ST|QG13 9ST|Glenhaven|Convenience Store|Tobacco Only|Reid Retail Ltd|Active
Rossfield Stores|7 Victoria Road, Rossfield,  QH54 4HE|QH54 4HE|Harlawmuir|Other Retail|Tobacco Only|Rossfield Stores|Active
Melburn Takeaway|136 Castle Street, Melburn,  QC34 6XT|QC34 6XT|Corriebeg|Other Catering|Tobacco Only|Melburn Takeaway|Active
Paterson's Convenience Store|54 Bridge Street, Rossgate,  QE1 5ZN|QE1 5ZN|Eskbrae|Convenience Store|Tobacco And Nicotine Vapour Products|Paterson's Convenience Store|Active
Ashside Service Station|4 Glebe Road, Ashside,  QC15 8FR|QC15 8FR|Corriebeg|Forecourt Garage|Tobacco Only|Ashside Service Station|Active
The Langfield Arms|43 Mill Lane, Langfield,  QA24 0RU|QA24 0RU|Aldmoor|Public House|Tobacco And Nicotine Vapour Products|The Langfield Arms|Active
Duncan's Convenience Store|142 Station Road, Baltoun,  QH16 2TY|QH16 2TY|Harlawmuir|Convenience Store|Tobacco And Nicotine Vapour Products|Duncan's Convenience Store|Active
Lennox's Convenience Store|36 King Street, Fernfield,  QH37 1GE|QH37 1GE|Harlawmuir|Convenience Store|Tobacco Only|Kerr Retail Ltd|Inactive
Newshaws Wines|48 Queen Street, Newshaws,  QA4 1NQ|QA4 1NQ|Aldmoor|Off-Licence|Tobacco And Nicotine Vapour Products|Anderson Retail Ltd|Active
Watt's Convenience Store|175 Queen Street, Kilhill,  QA25 4WE|QA25 4WE|Aldmoor|Convenience Store|Tobacco And Nicotine Vapour Products|MacLeod Retail Ltd|Active
Langshaws Wines|128 Mill Lane, Langshaws,  QF9 2LE|QF9 2LE|Fallinmuir|Off-Licence|Tobacco And Nicotine Vapour Products|Brown Retail Ltd|Inactive
Anderson Newsagents|30 Queen Street, Fernholm,  QD38 3NZ|QD38 3NZ|Drumlarach|Confectionary / Tobacconist / Newsagents|Tobacco Only|Lennox Retail Ltd|Active
MacLeod's Convenience Store|3 Station Road, Glenlaw,  QG14 5TY|QG14 5TY|Glenhaven|Convenience Store|Tobacco Only|Campbell Retail Ltd|Active
Rossburn Service Station|131 Park Avenue, Rossburn,  QC11 1UF|QC11 1UF|Corriebeg|Forecourt Garage|Tobacco Only|Rossburn Service Station|Active
Campbell Newsagents|152 Victoria Road, Newmains,  QG11 0EG|QG11 0EG|Glenhaven|Confectionary / Tobacconist / Newsagents|Tobacco Only|Campbell Newsagents|Active
Watt's Convenience Store|74 King Street, Melburn,  QA21 5YF|QA21 5YF|Aldmoor|Convenience Store|Tobacco And Nicotine Vapour Products|Watt's Convenience Store|Inactive
Ashdale Stores|51 Glebe Road, Ashdale,  QE4 4YF|QE4 4YF|Eskbrae|Other Retail|Tobacco Only|Lennox Retail Ltd|Active
MacLeod's Convenience Store|111 School Road, Kindale,  QC14 4YN|QC14 4YN|Corriebeg|Convenience Store|Tobacco And Nicotine Vapour Products|MacLeod's Convenience Store|Active
Reid's Convenience Store|93 King Street, Balpark,  QF28 6GT|QF28 6GT|Fallinmuir|Convenience Store|Tobacco Only|Reid's Convenience Store|Inactive
Craigbank Service Station|106 Church Street, Craigbank,  QC31 0NX|QC31 0NX|Corriebeg|Forecourt Garage|Tobacco Only|Lennox Retail Ltd|Active
Melwood Stores|54 High Street, Melwood,  QC11 5LZ|QC11 5LZ|Corriebeg|Other Retail|Tobacco Only|Melwood Stores|Active
Murray's Convenience Store|116 King Street, Glenford,  QC14 6RU|QC14 6RU|Corriebeg|Convenience Store|Tobacco Only|Sinclair Retail Ltd|Active
Anderson's Convenience Store|44 Park Avenue, Torside,  QF6 9AF|QF6 9AF|Fallinmuir|Convenience Store|Tobacco And Nicotine Vapour Products|Anderson's Convenience Store|Active
Inverlea Hotel|35 Glebe Road, Inverlea,  QD37 9AP|QD37 9AP|Drumlarach|Hotel|Tobacco Only|Inverlea Hotel|Inactive
Lennox's Convenience Store|6 Church Street, Langburn,  QG13 9HS|QG13 9HS|Glenhaven|Convenience Store|Tobacco And Nicotine Vapour Products|Lennox's Convenience Store|Active
 Dalshaws Service Station |9 King Street, Dalshaws,  QG33 4UE|QG33 4UE|Glenhaven|Forecourt Garage|Tobacco Only|Paterson Retail Ltd|Active
Kilhaugh Takeaway|127 Harbour Road, Kilhaugh,  QB6 7HB|QB6 7HB|Brackenlaw|Other Catering|Tobacco Only|Kilhaugh Takeaway|Inactive
The Melwood Arms|96 Bridge Street, Melwood,  QC11 9AS|QC11 9AS|Corriebeg|Public House|Tobacco And Nicotine Vapour Products|The Melwood Arms|Inactive
Brown's Convenience Store|51 High Street, Melburn,  QC34 0FL|QC34 0FL|Corriebeg|Convenience Store|Tobacco And Nicotine Vapour Products|Brown's Convenience Store|Active
Duncan's Convenience Store|119 Mill Lane, Fernmains,  QF26 0GR|QF26 0GR|Fallinmuir|Convenience Store|Tobacco And Nicotine Vapour Products|Anderson Retail Ltd|Active
Campbell's Convenience Store|126 Queen Street, Torlaw,  QF26 1SZ|QF26 1SZ|Fallinmuir|Convenience Store|Tobacco And Nicotine Vapour Products|Campbell's Convenience Store|Active
 Langfield Stores |6 Queen Street, Langfield,  QA24 0RP|QA24 0RP|Aldmoor|Other Retail|Tobacco Only|Langfield Stores|Active
Hamilton's Convenience Store|122 Mill Lane, Melwood,  QF9 1DE|QF9 1DE|Fallinmuir|Convenience Store|Tobacco And Nicotine Vapour Products|Hamilton's Convenience Store|Active
Reid's Convenience Store|22 Church Street, Birklaw,  QD40 4DB|QD40 4DB|Drumlarach|Convenience Store|Tobacco And Nicotine Vapour Products|Reid's Convenience Store|Active
Lochanlea Wines|129 School Road, Lochanlea,  QA23 3WB|QA23 3WB|Aldmoor|Off-Licence|Tobacco Only|Graham Retail Ltd|Active
Anderson Mobile Shop|78 Park Avenue, Torgate,  QC35 5XH|QC35 5XH|Corriebeg|Mobile Trade|Tobacco And Nicotine Vapour Products|Anderson Mobile Shop|Active
 Ferguson's Convenience Store |138 Castle Street, Balburn,  QE23 7JB|QE23 7JB|Eskbrae|Convenience Store|Tobacco Only|Ferguson's Convenience Store|Inactive
MacLeod Newsagents|135 Park Avenue, Glenford,  QC14 4QB|QC14 4QB|Corriebeg|Confectionary / Tobacconist / Newsagents|Tobacco And Nicotine Vapour Products|MacLeod Newsagents|Inactive
The Dalford Arms|29 High Street, Dalford,  QF26 3XT|QF26 3XT|Fallinmuir|Public House|Tobacco Only|The Dalford Arms|Active
Rosscraig Wines|85 Victoria Road, Rosscraig,  QA5 0QD|QA5 0QD|Aldmoor|Off-Licence|Tobacco Only|Paterson Retail Ltd|Active
Duncan's Convenience Store|132 Main Street, Melburn,  QC34 0HF|QC34 0HF|Corriebeg|Convenience Store|Tobacco Only|Duncan's Convenience Store|Active
The Kilmains Arms|93 Victoria Road, Kilmains,  QB28 3AP|QB28 3AP|Brackenlaw|Public House|Tobacco And Nicotine Vapour Products|The Kilmains Arms|Active
Anderson's Convenience Store|83 Market Street, Whindale,  QG31 4GL|QG31 4GL|Glenhaven|Convenience Store|Tobacco And Nicotine Vapour Products|Lennox Retail Ltd|Active
Kerr's Convenience Store|122 Queen Street, Balcraig,  QC14 0TS|QC14 0TS|Corriebeg|Convenience Store|Tobacco And Nicotine Vapour Products|Kerr's Convenience Store|Active
Rosshill Stores|75 High Street, Rosshill,  QA5 7HN|QA5 7HN|Aldmoor|Other Retail|Tobacco Only|Reid Retail Ltd|Active
Birklea Wines|136 Park Avenue, Birklea,  QE4 4EE|QE4 4EE|Eskbrae|Off-Licence|Tobacco Only|Duncan Retail Ltd|Active
 Lennox's Convenience Store |105 Market Street, Fernshaws,  QF26 5HQ|QF26 5HQ|Fallinmuir|Convenience Store|Tobacco Only|Lennox's Convenience Store|Active
Kilfield Wines|103 Park Avenue, Kilfield,  QE5 5WW|QE5 5WW|Eskbrae|Off-Licence|Tobacco Only|Kilfield Wines|Active
 Craigbank Hotel |140 Harbour Road, Craigbank,  QC14 6PF|QC14 6PF|Corriebeg|Hotel|Tobacco Only|Murray Retail Ltd|Active
MacLeod's Convenience Store|169 School Road, Strathtoun,  QH37 5RN|QH37 5RN|Harlawmuir|Convenience Store|Tobacco Only|Duncan Retail Ltd|Active
Lennox's Convenience Store|91 Castle Street, Dunmains,  QG33 0DQ|QG33 0DQ|Glenhaven|Convenience Store|Tobacco Only|Lennox's Convenience Store|Active
Murray's Convenience Store|64 Mill Lane, Kilburn,  QB27 5DB|QB27 5DB|Brackenlaw|Convenience Store|Tobacco Only|Kerr Retail Ltd|Active
Ashburn Hotel|13 Market Street, Ashburn,  QE24 2WX|QE24 2WX|Eskbrae|Hotel|Tobacco Only|Kerr Retail Ltd|Active
Rossgate Service Station|75 Harbour Road, Rossgate,  QE1 9AR|QE1 9AR|Eskbrae|Forecourt Garage|Tobacco And Nicotine Vapour Products|Sinclair Retail Ltd|Active
Branhaugh Service Station|168 Market Street, Branhaugh,  QG11 4PF|QG11 4PF|Glenhaven|Forecourt Garage|Tobacco Only|Branhaugh Service Station|Active
Hamilton's Convenience Store|17 Mill Lane, Lochanshaws,  QE21 6UJ|QE21 6UJ|Eskbrae|Convenience Store|Tobacco And Nicotine Vapour Products|Hamilton's Convenience Store|Active
The Fernshaws Arms|104 Queen Street, Fernshaws,  QF26 4DG|QF26 4DG|Fallinmuir|Public House|Tobacco And Nicotine Vapour Products|The Fernshaws Arms|Active
Melhill Wines|24 Queen Street, Melhill,  QC14 0XJ|QC14 0XJ|Corriebeg|Off-Licence|Tobacco Only|Melhill Wines|Active
Campbell's Convenience Store|90 King Street, Langtoun,  QC15 1AD|QC15 1AD|Corriebeg|Convenience Store|Tobacco Only|Campbell's Convenience Store|Active
Graham's Convenience Store|162 Church Street, Whinholm,  QA3 5TX|QA3 5TX|Aldmoor|Convenience Store|Tobacco Only|Graham's Convenience Store|Active
Kerr's Convenience Store|88 Main Street, Newbank,  QD18 4ZP|QD18 4ZP|Drumlarach|Convenience Store|Tobacco And Nicotine Vapour Products|Brown Retail Ltd|Active
Invergate Supermarket|60 Victoria Road, Invergate,  QD19 2RE|QD19 2RE|Drumlarach|Supermarket and Other Retail Outlets|Tobacco Only|Invergate Supermarket|Inactive
 Kinwood Stores |17 King Street, Kinwood,  QE5 8DB|QE5 8DB|Eskbrae|Other Retail|Tobacco Only|Kinwood Stores|Active
 Whinholm Service Station |161 Main Street, Whinholm,  QA3 4NT|QA3 4NT|Aldmoor|Forecourt Garage|Tobacco And Nicotine Vapour Products|Kerr Retail Ltd|Active
Kinlaw Wines|113 King Street, Kinlaw,  QE23 1UU|QE23 1UU|Eskbrae|Off-Licence|Tobacco And Nicotine Vapour Products|Duncan Retail Ltd|Active
Paterson Newsagents|106 Park Avenue, Fernshaws,  QE24 4TN|QE24 4TN|Eskbrae|Confectionary / Tobacconist / Newsagents|Tobacco And Nicotine Vapour Products|Paterson Newsagents|Active
Balside Supermarket|29 Glebe Road, Balside,  QD38 6NE|QD38 6NE|Drumlarach|Supermarket and Other Retail Outlets|Tobacco Only|Balside Supermarket|Inactive
Reid's Convenience Store|52 Queen Street, Langshaws,  QF9 3HW|QF9 3HW|Fallinmuir|Convenience Store|Tobacco And Nicotine Vapour Products|Reid's Convenience Store|Active
Fernholm Wines|170 Market Street, Fernholm,  QD38 2BA|QD38 2BA|Drumlarach|Off-Licence|Tobacco And Nicotine Vapour Products|Fernholm Wines|Active
Dalshaws Hotel|73 Main Street, Dalshaws,  QF10 3TE|QF10 3TE|Fallinmuir|Hotel|Tobacco Only|Dalshaws Hotel|Active
 Lennox Mobile Shop |86 Market Street, Balshaws,  QD18 5UN|QD18 5UN|Drumlarach|Mobile Trade|Tobacco Only|Ferguson Retail Ltd|Active
Reid's Convenience Store|138 High Street, Strathside,  QF26 2DH|QF26 2DH|Fallinmuir|Convenience Store|Tobacco And Nicotine Vapour Products|Anderson Retail Ltd|Active
 Brown's Convenience Store |131 Main Street, Fernshaws,  QE24 9EL|QE24 9EL|Eskbrae|Convenience Store|Tobacco Only|Brown's Convenience Store|Active
Hamilton's Convenience Store|19 King Street, Langcraig,  QB29 0TG|QB29 0TG|Brackenlaw|Convenience Store|Tobacco And Nicotine Vapour Products|Brown Retail Ltd|Active
The Whinbrae Arms|70 High Street, Whinbrae,  QD39 4GA|QD39 4GA|Drumlarach|Public House|Tobacco Only|The Whinbrae Arms|Active
 Ferguson's Convenience Store |144 High Street, Lochancraig,  QA24 1TT|QA24 1TT|Aldmoor|Convenience Store|Tobacco Only|Ferguson's Convenience Store|Active
Graham's Convenience Store|82 Mill Lane, Fernshaws,  QF26 5LD|QF26 5LD|Fallinmuir|Convenience Store|Tobacco And Nicotine Vapour Products|Hamilton Retail Ltd|Active
Brown's Convenience Store|163 Park Avenue, Inverlea,  QB30 5HG|QB30 5HG|Brackenlaw|Convenience Store|Tobacco Only|Brown's Convenience Store|Active
The Craighill Arms|121 Church Street, Craighill,  QC35 1WN|QC35 1WN|Corriebeg|Public House|Tobacco Only|Ferguson Retail Ltd|Active
The Newbank Arms|135 Church Street, Newbank,  QD18 1AZ|QD18 1AZ|Drumlarach|Public House|Tobacco And Nicotine Vapour Products|The Newbank Arms|Inactive
Paterson's Convenience Store|127 Queen Street, Fernfield,  QH37 2HE|QH37 2HE|Harlawmuir|Convenience Store|Tobacco And Nicotine Vapour Products|Paterson's Convenience Store|Active
 Langfield Stores |27 Victoria Road, Langfield,  QA24 0RP|QA24 0RP|Aldmoor|Other Retail|Tobacco And Nicotine Vapour Products|Langfield Stores|Active
Balshaws Supermarket|95 Church Street, Balshaws,  QD18 3FE|QD18 3FE|Drumlarach|Supermarket and Other Retail Outlets|Tobacco Only|Balshaws Supermarket|Inactive
 Anderson Newsagents |32 Market Street, Glenbank,  QA1 2GJ|QA1 2GJ|Aldmoor|Confectionary / Tobacconist / Newsagents|Tobacco And Nicotine Vapour Products|Anderson Newsagents|Active
Langdale Service Station|21 Queen Street, Langdale,  QE3 9FQ|QE3 9FQ|Eskbrae|Forecourt Garage|Tobacco Only|Langdale Service Station|Active
MacLeod's Convenience Store|123 Victoria Road, Dunlaw,  QD36 7FG|QD36 7FG|Drumlarach|Convenience Store|Tobacco Only|MacLeod's Convenience Store|Active
Reid Newsagents|171 School Road, Ashbrae,  QD17 6LL|QD17 6LL|Drumlarach|Confectionary / Tobacconist / Newsagents|Tobacco Only|Murray Retail Ltd|Active
 Dalholm Stores |105 Queen Street, Dalholm,  QB6 7ZX|QB6 7ZX|Brackenlaw|Other Retail|Tobacco Only|Dalholm Stores|Active
The Lochanshaws Arms|51 Park Avenue, Lochanshaws,  QG34 3FN|QG34 3FN|Glenhaven|Public House|Tobacco Only|The Lochanshaws Arms|Active
Balshaws Hotel|167 Park Avenue, Balshaws,  QD18 5EU|QD18 5EU|Drumlarach|Hotel|Tobacco Only|Balshaws Hotel|Active
Reid's Convenience Store|109 Park Avenue, Rossgate,  QE1 9TS|QE1 9TS|Eskbrae|Convenience Store|Tobacco Only|Watt Retail Ltd|Active
MacLeod's Convenience Store|73 Victoria Road, Melburn,  QC34 6YP|QC34 6YP|Corriebeg|Convenience Store|Tobacco And Nicotine Vapour Products|Kerr Retail Ltd|Active
Campbell Mobile Shop|120 Market Street, Newbank,  QD18 2EL|QD18 2EL|Drumlarach|Mobile Trade|Tobacco Only|Campbell Mobile Shop|Inactive
 Campbell's Convenience Store |87 Market Street, Craighaugh,  QG33 8JR|QG33 8JR|Glenhaven|Convenience Store|Tobacco Only|Campbell's Convenience Store|Active
Lochanfield Takeaway|105 School Road, Lochanfield,  QF29 6LQ|QF29 6LQ|Fallinmuir|Other Catering|Tobacco Only|Lochanfield Takeaway|Active
Anderson's Convenience Store|118 Victoria Road, Fernmains,  QF26 0DR|QF26 0DR|Fallinmuir|Convenience Store|Tobacco And Nicotine Vapour Products|Anderson's Convenience Store|Active
Langdale Service Station|11 Queen Street, Langdale,  QE3 2HZ|QE3 2HZ|Eskbrae|Forecourt Garage|Tobacco Only|Watt Retail Ltd|Active
Whincraig Supermarket|18 Victoria Road, Whincraig,  QC12 4XJ|QC12 4XJ|Corriebeg|Supermarket and Other Retail Outlets|Tobacco Only|Ferguson Retail Ltd|Active
Ferguson's Convenience Store|177 Main Street, Birkshaws,  QH17 0AB|QH17 0AB|Harlawmuir|Convenience Store|Tobacco Only|Murray Retail Ltd|Active
Sinclair's Convenience Store|52 Park Avenue, Invergate,  QD19 9WR|QD19 9WR|Drumlarach|Convenience Store|Tobacco And Nicotine Vapour Products|Brown Retail Ltd|Active
 Duncan's Convenience Store |53 King Street, Rossdale,  QG14 9JE|QG14 9JE|Glenhaven|Convenience Store|Tobacco Only|Duncan's Convenience Store|Active
Whinholm Stores|120 Queen Street, Whinholm,  QA3 5NH|QA3 5NH|Aldmoor|Other Retail|Tobacco And Nicotine Vapour Products|Whinholm Stores|Active
Reid's Convenience Store|87 Main Street, Glenmuir,  QC11 9HN|QC11 9HN|Corriebeg|Convenience Store|Tobacco Only|Reid's Convenience Store|Active
 Rossholm Wines |159 Station Road, Rossholm,  QG14 6XU|QG14 6XU|Glenhaven|Off-Licence|Tobacco And Nicotine Vapour Products|Rossholm Wines|Inactive
 Watt Newsagents |116 King Street, Kinshaws,  QF9 2PJ|QF9 2PJ|Fallinmuir|Confectionary / Tobacconist / Newsagents|Tobacco And Nicotine Vapour Products|Watt Newsagents|Inactive
Glenlaw Stores|173 School Road, Glenlaw,  QG14 5GA|QG14 5GA|Glenhaven|Other Retail|Tobacco Only|Glenlaw Stores|Active
Kinmains Service Station|46 Bridge Street, Kinmains,  QD39 6DH|QD39 6DH|Drumlarach|Forecourt Garage|Tobacco Only|Kinmains Service Station|Active
Torside Takeaway|108 Queen Street, Torside,  QF6 9FS|QF6 9FS|Fallinmuir|Other Catering|Tobacco Only|MacLeod Retail Ltd|Active
 The Inverlea Arms |71 Station Road, Inverlea,  QG32 8HD|QG32 8HD|Glenhaven|Public House|Tobacco Only|The Inverlea Arms|Inactive
Campbell's Convenience Store|6 Harbour Road, Torgate,  QC35 6RN|QC35 6RN|Corriebeg|Convenience Store|Tobacco Only|Watt Retail Ltd|Active
 Campbell's Convenience Store |73 Station Road, Kilhill,  QA25 4YX|QA25 4YX|Aldmoor|Convenience Store|Tobacco Only|Brown Retail Ltd|Active
Paterson Newsagents|51 Glebe Road, Birklea,  QE4 3HN|QE4 3HN|Eskbrae|Confectionary / Tobacconist / Newsagents|Tobacco Only|Paterson Newsagents|Inactive
Campbell's Convenience Store|88 Glebe Road, Killaw,  QC34 9YD|QC34 9YD|Corriebeg|Convenience Store|Tobacco And Nicotine Vapour Products|Campbell's Convenience Store|Inactive
Inverdale Stores|147 Bridge Street, Inverdale,  QF8 9NE|QF8 9NE|Fallinmuir|Other Retail|Tobacco Only|Inverdale Stores|Active
The Ashbank Arms|136 Victoria Road, Ashbank,  QD19 4SQ|QD19 4SQ|Drumlarach|Public House|Tobacco Only|The Ashbank Arms|Active
Lennox's Convenience Store|108 School Road, Balshaws,  QD18 3PW|QD18 3PW|Drumlarach|Convenience Store|Tobacco And Nicotine Vapour Products|Lennox's Convenience Store|Active
Glenbank Supermarket|163 Queen Street, Glenbank,  QA1 8RY|QA1 8RY|Aldmoor|Supermarket and Other Retail Outlets|Tobacco Only|Glenbank Supermarket|Inactive
Kerr's Convenience Store|131 Station Road, Birkcraig,  QB26 2SE|QB26 2SE|Brackenlaw|Convenience Store|Tobacco And Nicotine Vapour Products|MacLeod Retail Ltd|Active
 Campbell's Convenience Store |124 School Road, Kinmains,  QD39 6JR|QD39 6JR|Drumlarach|Convenience Store|Tobacco Only|Campbell's Convenience Store|Active
MacLeod's Convenience Store|175 Market Street, Dunlea,  QG12 5XS|QG12 5XS|Glenhaven|Convenience Store|Tobacco And Nicotine Vapour Products|Lennox Retail Ltd|Inactive
Whinwood Takeaway|16 Glebe Road, Whinwood,  QG11 6NJ|QG11 6NJ|Glenhaven|Other Catering|Tobacco And Nicotine Vapour Products|Campbell Retail Ltd|Active
Anderson Newsagents|58 Victoria Road, Craighill,  QC35 7UQ|QC35 7UQ|Corriebeg|Confectionary / Tobacconist / Newsagents|Tobacco And Nicotine Vapour Products|Anderson Newsagents|Active
Campbell's Convenience Store|126 Victoria Road, Invergate,  QD19 0HG|QD19 0HG|Drumlarach|Convenience Store|Tobacco Only|Lennox Retail Ltd|Active
Graham Newsagents|19 Park Avenue, Kinlaw,  QE23 8ED|QE23 8ED|Eskbrae|Confectionary / Tobacconist / Newsagents|Tobacco Only|Graham Newsagents|Active
Hamilton's Convenience Store|107 Church Street, Dunwood,  QF7 2TX|QF7 2TX|Fallinmuir|Convenience Store|Tobacco Only|Duncan Retail Ltd|Inactive
Ferguson Newsagents|1 Harbour Road, Melhill,  QC14 0UE|QC14 0UE|Corriebeg|Confectionary / Tobacconist / Newsagents|Tobacco And Nicotine Vapour Products|Anderson Retail Ltd|Inactive
Melburn Service Station|16 School Road, Melburn,  QC34 4XH|QC34 4XH|Corriebeg|Forecourt Garage|Tobacco Only|Melburn Service Station|Active
Paterson's Convenience Store|141 High Street, Ashpark,  QC13 8NN|QC13 8NN|Corriebeg|Convenience Store|Tobacco And Nicotine Vapour Products|Paterson Retail Ltd|Active
Daltoun Supermarket|172 Mill Lane, Daltoun,  QC12 6EU|QC12 6EU|Corriebeg|Supermarket and Other Retail Outlets|Tobacco Only|Brown Retail Ltd|Active
Anderson's Convenience Store|170 King Street, Balside,  QG32 1SN|QG32 1SN|Glenhaven|Convenience Store|Tobacco Only|Watt Retail Ltd|Active
Rossdale Wines|153 Mill Lane, Rossdale,  QB30 3WF|QB30 3WF|Brackenlaw|Off-Licence|Tobacco And Nicotine Vapour Products|Rossdale Wines|Active
 Newlea Wines |161 Park Avenue, Newlea,  QE25 8HF|QE25 8HF|Eskbrae|Off-Licence|Tobacco And Nicotine Vapour Products|Newlea Wines|Active
Ferguson's Convenience Store|109 Station Road, Torburn,  QG12 8NS|QG12 8NS|Glenhaven|Convenience Store|Tobacco And Nicotine Vapour Products|Ferguson's Convenience Store|Active
Watt's Convenience Store|107 School Road, Fernmuir,  QE1 7PW|QE1 7PW|Eskbrae|Convenience Store|Tobacco And Nicotine Vapour Products|Watt's Convenience Store|Active
The Dunside Arms|132 King Street, Dunside,  QD40 0PN|QD40 0PN|Drumlarach|Public House|Tobacco Only|Ferguson Retail Ltd|Inactive
Sinclair Newsagents|30 Victoria Road, Rossfield,  QH38 4UN|QH38 4UN|Harlawmuir|Confectionary / Tobacconist / Newsagents|Tobacco Only|Sinclair Newsagents|Active
Reid's Convenience Store|92 Glebe Road, Tormuir,  QC12 4SJ|QC12 4SJ|Corriebeg|Convenience Store|Tobacco And Nicotine Vapour Products|Paterson Retail Ltd|Inactive
Watt Newsagents|171 Station Road, Strathfield,  QG34 0UG|QG34 0UG|Glenhaven|Confectionary / Tobacconist / Newsagents|Tobacco Only|Watt Newsagents|Active
Murray Newsagents|82 Glebe Road, Whinwood,  QD36 9LR|QD36 9LR|Drumlarach|Confectionary / Tobacconist / Newsagents|Tobacco Only|Murray Newsagents|Active
Craigbrae Wines|26 Church Street, Craigbrae,  QA4 6FE|QA4 6FE|Aldmoor|Off-Licence|Tobacco Only|Watt Retail Ltd|Inactive
Campbell's Convenience Store|165 Mill Lane, Inverpark,  QC31 0NN|QC31 0NN|Corriebeg|Convenience Store|Tobacco And Nicotine Vapour Products|Campbell's Convenience Store|Active
Graham's Convenience Store|3 High Street, Craigbank,  QC31 0GW|QC31 0GW|Corriebeg|Convenience Store|Tobacco Only|Watt Retail Ltd|Active
Brown's Convenience Store|171 Station Road, Dalholm,  QB6 7TX|QB6 7TX|Brackenlaw|Convenience Store|Tobacco And Nicotine Vapour Products|Brown's Convenience Store|Active
Kinshaws Stores|101 Harbour Road, Kinshaws,  QF9 0ZH|QF9 0ZH|Fallinmuir|Other Retail|Tobacco And Nicotine Vapour Products|Kinshaws Stores|Active
Hamilton's Convenience Store|61 Mill Lane, Strathfield,  QG34 4GZ|QG34 4GZ|Glenhaven|Convenience Store|Tobacco Only|Hamilton's Convenience Store|Active
Kilhaugh Stores|108 Victoria Road, Kilhaugh,  QB6 6FS|QB6 6FS|Brackenlaw|Other Retail|Tobacco And Nicotine Vapour Products|Reid Retail Ltd|Active
Ashdale Service Station|142 Mill Lane, Ashdale,  QE4 4LZ|QE4 4LZ|Eskbrae|Forecourt Garage|Tobacco Only|Paterson Retail Ltd|Active
 Paterson's Convenience Store |128 Victoria Road, Craighaugh,  QG33 6QB|QG33 6QB|Glenhaven|Convenience Store|Tobacco And Nicotine Vapour Products|Graham Retail Ltd|Active
Ferguson's Convenience Store|59 Queen Street, Lochanfield,  QF29 6AF|QF29 6AF|Fallinmuir|Convenience Store|Tobacco And Nicotine Vapour Products|Ferguson's Convenience Store|Inactive
 Craighaugh Wines |108 Church Street, Craighaugh,  QG33 8UY|QG33 8UY|Glenhaven|Off-Licence|Tobacco And Nicotine Vapour Products|Craighaugh Wines|Active
Kerr's Convenience Store|12 Glebe Road, Ashbank,  QD19 2EQ|QD19 2EQ|Drumlarach|Convenience Store|Tobacco Only|Kerr's Convenience Store|Active
Kinlaw Stores|3 Bridge Street, Kinlaw,  QE23 1FH|QE23 1FH|Eskbrae|Other Retail|Tobacco And Nicotine Vapour Products|Kinlaw Stores|Active
The Glenfield Arms|83 Mill Lane, Glenfield,  QB9 1ZY|QB9 1ZY|Brackenlaw|Public House|Tobacco Only|The Glenfield Arms|Inactive
Lennox's Convenience Store|24 School Road, Torshaws,  QH20 4AS|QH20 4AS|Harlawmuir|Convenience Store|Tobacco And Nicotine Vapour Products|Lennox's Convenience Store|Active
Graham's Convenience Store|62 High Street, Lochanfield,  QF29 3RS|QF29 3RS|Fallinmuir|Convenience Store|Tobacco And Nicotine Vapour Products|Duncan Retail Ltd|Inactive
Reid's Convenience Store|26 Glebe Road, Langcraig,  QB29 0ZZ|QB29 0ZZ|Brackenlaw|Convenience Store|Tobacco Only|Brown Retail Ltd|Inactive
Branburn Takeaway|44 Harbour Road, Branburn,  QF30 1UL|QF30 1UL|Fallinmuir|Other Catering|Tobacco Only|Branburn Takeaway|Inactive
Anderson's Convenience Store|168 High Street, Melwood,  QF9 1NJ|QF9 1NJ|Fallinmuir|Convenience Store|Tobacco And Nicotine Vapour Products|Anderson's Convenience Store|Active
Brown Newsagents|171 King Street, Torbank,  QH18 3XH|QH18 3XH|Harlawmuir|Confectionary / Tobacconist / Newsagents|Tobacco And Nicotine Vapour Products|Brown Newsagents|Inactive
Lochanlaw Service Station|84 School Road, Lochanlaw,  QB10 8BJ|QB10 8BJ|Brackenlaw|Forecourt Garage|Tobacco And Nicotine Vapour Products|Duncan Retail Ltd|Active
Reid's Convenience Store|124 School Road, Dunholm,  QF10 0GH|QF10 0GH|Fallinmuir|Convenience Store|Tobacco Only|Brown Retail Ltd|Active
 Dunlaw Stores |113 School Road, Dunlaw,  QD36 7AQ|QD36 7AQ|Drumlarach|Other Retail|Tobacco And Nicotine Vapour Products|Dunlaw Stores|Active
 Watt's Convenience Store |3 Bridge Street, Melwood,  QB29 5DR|QB29 5DR|Brackenlaw|Convenience Store|Tobacco And Nicotine Vapour Products|Watt's Convenience Store|Active
Watt's Convenience Store|165 Main Street, Duncraig,  QG12 9LJ|QG12 9LJ|Glenhaven|Convenience Store|Tobacco And Nicotine Vapour Products|Watt's Convenience Store|Active
Dalcraig Service Station|110 High Street, Dalcraig,  QB7 5PE|QB7 5PE|Brackenlaw|Forecourt Garage|Tobacco Only|Hamilton Retail Ltd|Active
Branpark Stores|97 Castle Street, Branpark,  QG35 1BW|QG35 1BW|Glenhaven|Other Retail|Tobacco And Nicotine Vapour Products|Branpark Stores|Active
Birkmuir Stores|41 School Road, Birkmuir,  QA22 5QQ|QA22 5QQ|Aldmoor|Other Retail|Tobacco Only|Birkmuir Stores|Active
Graham's Convenience Store|19 Park Avenue, Dunlaw,  QD36 8XG|QD36 8XG|Drumlarach|Convenience Store|Tobacco And Nicotine Vapour Products|Graham's Convenience Store|Inactive
Graham's Convenience Store|120 Mill Lane, Torhill,  QC33 0NE|QC33 0NE|Corriebeg|Convenience Store|Tobacco Only|Brown Retail Ltd|Active
The Glenholm Arms|60 King Street, Glenholm,  QA24 7UL|QA24 7UL|Aldmoor|Public House|Tobacco And Nicotine Vapour Products|Graham Retail Ltd|Active
 The Torgate Arms |47 Station Road, Torgate,  QC35 0LS|QC35 0LS|Corriebeg|Public House|Tobacco And Nicotine Vapour Products|The Torgate Arms|Active
Lochanmains Wines|33 School Road, Lochanmains,  QF29 2FF|QF29 2FF|Fallinmuir|Off-Licence|Tobacco And Nicotine Vapour Products|Sinclair Retail Ltd|Active
Anderson's Convenience Store|155 Harbour Road, Ashbrae,  QD17 8QN|QD17 8QN|Drumlarach|Convenience Store|Tobacco Only|Watt Retail Ltd|Inactive
Lennox's Convenience Store|171 Market Street, Glentoun,  QD20 2YX|QD20 2YX|Drumlarach|Convenience Store|Tobacco And Nicotine Vapour Products|Reid Retail Ltd|Active
Ballaw Service Station|163 Glebe Road, Ballaw,  QF7 8BT|QF7 8BT|Fallinmuir|Forecourt Garage|Tobacco Only|Ballaw Service Station|Active
Murray's Convenience Store|96 Harbour Road, Strathside,  QC31 4FQ|QC31 4FQ|Corriebeg|Convenience Store|Tobacco Only|Murray's Convenience Store|Active
Glenmains Takeaway|11 Victoria Road, Glenmains,  QF27 3BZ|QF27 3BZ|Fallinmuir|Other Catering|Tobacco Only|Glenmains Takeaway|Active
 Fernmuir Stores |65 Market Street, Fernmuir,  QC34 4WD|QC34 4WD|Corriebeg|Other Retail|Tobacco And Nicotine Vapour Products|Fernmuir Stores|Inactive
Lennox's Convenience Store|52 Main Street, Glenmuir,  QC11 6XN|QC11 6XN|Corriebeg|Convenience Store|Tobacco And Nicotine Vapour Products|Lennox's Convenience Store|Active
Anderson's Convenience Store|55 Queen Street, Fernshaws,  QE24 3AE|QE24 3AE|Eskbrae|Convenience Store|Tobacco And Nicotine Vapour Products|Anderson's Convenience Store|Active
Murray's Convenience Store|80 Harbour Road, Inverford,  QE25 8XX|QE25 8XX|Eskbrae|Convenience Store|Tobacco And Nicotine Vapour Products|Murray's Convenience Store|Active
The Glenford Arms|136 Castle Street, Glenford,  QC14 6UE|QC14 6UE|Corriebeg|Public House|Tobacco Only|Hamilton Retail Ltd|Active
Birkhaugh Supermarket|158 School Road, Birkhaugh,  QA23 2ZR|QA23 2ZR|Aldmoor|Supermarket and Other Retail Outlets|Tobacco Only|MacLeod Retail Ltd|Active
MacLeod's Convenience Store|81 Victoria Road, Invermains,  QF28 6HJ|QF28 6HJ|Fallinmuir|Convenience Store|Tobacco Only|Brown Retail Ltd|Active
Strathholm Hotel|6 Harbour Road, Strathholm,  QF6 4WP|QF6 4WP|Fallinmuir|Hotel|Tobacco And Nicotine Vapour Products|Strathholm Hotel|Active
Duncan's Convenience Store|12 School Road, Kinshaws,  QC31 9XF|QC31 9XF|Corriebeg|Convenience Store|Tobacco And Nicotine Vapour Products|Murray Retail Ltd|Active
Dalgate Stores|1 Mill Lane, Dalgate,  QH37 8YP|QH37 8YP|Harlawmuir|Other Retail|Tobacco Only|Sinclair Retail Ltd|Inactive
Hamilton's Convenience Store|142 School Road, Mellaw,  QE21 7GG|QE21 7GG|Eskbrae|Convenience Store|Tobacco Only|Watt Retail Ltd|Active
Lennox's Convenience Store|111 Church Street, Rosslaw,  QA1 5PW|QA1 5PW|Aldmoor|Convenience Store|Tobacco Only|Brown Retail Ltd|Active
Strathmuir Service Station|55 Queen Street, Strathmuir,  QH19 4UF|QH19 4UF|Harlawmuir|Forecourt Garage|Tobacco And Nicotine Vapour Products|MacLeod Retail Ltd|Active
Brown's Convenience Store|51 Castle Street, Melburn,  QC34 6XT|QC34 6XT|Corriebeg|Convenience Store|Tobacco Only|Brown's Convenience Store|Active
 Anderson Newsagents |60 Park Avenue, Inverhaugh,  QC32 5WD|QC32 5WD|Corriebeg|Confectionary / Tobacconist / Newsagents|Tobacco Only|Paterson Retail Ltd|Active
Dungate Supermarket|5 Market Street, Dungate,  QH19 8GJ|QH19 8GJ|Harlawmuir|Supermarket and Other Retail Outlets|Tobacco And Nicotine Vapour Products|Dungate Supermarket|Active
The Fernfield Arms|115 High Street, Fernfield,  QH37 2HL|QH37 2HL|Harlawmuir|Public House|Tobacco And Nicotine Vapour Products|Watt Retail Ltd|Active
Dalshaws Stores|47 Harbour Road, Dalshaws,  QF10 5JG|QF10 5JG|Fallinmuir|Other Retail|Tobacco And Nicotine Vapour Products|Watt Retail Ltd|Active
Langtoun Wines|127 Glebe Road, Langtoun,  QC15 1SG|QC15 1SG|Corriebeg|Off-Licence|Tobacco Only|Langtoun Wines|Active
 Torgate Stores |57 Park Avenue, Torgate,  QC35 0FN|QC35 0FN|Corriebeg|Other Retail|Tobacco Only|Watt Retail Ltd|Active
Glenford Takeaway|77 School Road, Glenford,  QC14 5FF|QC14 5FF|Corriebeg|Other Catering|Tobacco And Nicotine Vapour Products|Glenford Takeaway|Active
Ferguson Newsagents|150 High Street, Torburn,  QG32 7FW|QG32 7FW|Glenhaven|Confectionary / Tobacconist / Newsagents|Tobacco Only|Ferguson Newsagents|Active
 Sinclair's Convenience Store |86 Bridge Street, Strathhill,  QE2 7UP|QE2 7UP|Eskbrae|Convenience Store|Tobacco And Nicotine Vapour Products|Sinclair's Convenience Store|Active
 Rossburn Service Station |36 Harbour Road, Rossburn,  QD16 0AQ|QD16 0AQ|Drumlarach|Forecourt Garage|Tobacco Only|Ferguson Retail Ltd|Active
 MacLeod's Convenience Store |156 Station Road, Whincraig,  QC51 7WJ|QC51 7WJ|Corriebeg|Convenience Store|Tobacco And Nicotine Vapour Products|MacLeod's Convenience Store|Active
 Lochanlaw Supermarket |151 Church Street, Lochanlaw,  QB10 8JP|QB10 8JP|Brackenlaw|Supermarket and Other Retail Outlets|Tobacco And Nicotine Vapour Products|Lochanlaw Supermarket|Active
Brown's Convenience Store|115 High Street, Melburn,  QC34 4HL|QC34 4HL|Corriebeg|Convenience Store|Tobacco And Nicotine Vapour Products|Brown's Convenience Store|Active
Reid Newsagents|87 Main Street, Lochanshaws,  QE21 2YB|QE21 2YB|Eskbrae|Confectionary / Tobacconist / Newsagents|Tobacco Only|Lennox Retail Ltd|Inactive
Newmains Supermarket|95 Glebe Road, Newmains,  QD37 3UZ|QD37 3UZ|Drumlarach|Supermarket and Other Retail Outlets|Tobacco Only|Sinclair Retail Ltd|Active
Murray Newsagents|75 King Street, Kilmuir,  QB7 1RD|QB7 1RD|Brackenlaw|Confectionary / Tobacconist / Newsagents|Tobacco Only|Murray Newsagents|Active
 Reid's Convenience Store |58 Glebe Road, Kilhill,  QA25 4QE|QA25 4QE|Aldmoor|Convenience Store|Tobacco Only|Reid's Convenience Store|Active
Strathlea Supermarket|78 Station Road, Strathlea,  QF9 8ZG|QF9 8ZG|Fallinmuir|Supermarket and Other Retail Outlets|Tobacco Only|Strathlea Supermarket|Active
MacLeod's Convenience Store|161 Station Road, Glenlaw,  QG14 3QE|QG14 3QE|Glenhaven|Convenience Store|Tobacco And Nicotine Vapour Products|MacLeod's Convenience Store|Active
Strathtoun Service Station|115 High Street, Strathtoun,  QH17 3XG|QH17 3XG|Harlawmuir|Forecourt Garage|Tobacco Only|Lennox Retail Ltd|Active
Duncan's Convenience Store|157 Victoria Road, Lochanshaws,  QF6 2XN|QF6 2XN|Fallinmuir|Convenience Store|Tobacco And Nicotine Vapour Products|MacLeod Retail Ltd|Active
Fernlea Stores|108 Castle Street, Fernlea,  QC13 3LY|QC13 3LY|Corriebeg|Other Retail|Tobacco Only|Fernlea Stores|Inactive
Kerr's Convenience Store|76 Castle Street, Ballaw,  QF7 8AB|QF7 8AB|Fallinmuir|Convenience Store|Tobacco Only|Kerr Retail Ltd|Active
Kilhill Service Station|39 Glebe Road, Kilhill,  QA25 2WP|QA25 2WP|Aldmoor|Forecourt Garage|Tobacco Only|Campbell Retail Ltd|Active
Watt's Convenience Store|47 School Road, Whinpark,  QB9 9YT|QB9 9YT|Brackenlaw|Convenience Store|Tobacco And Nicotine Vapour Products|Watt's Convenience Store|Active
Birkshaws Stores|77 Castle Street, Birkshaws,  QH17 0SW|QH17 0SW|Harlawmuir|Other Retail|Tobacco And Nicotine Vapour Products|Hamilton Retail Ltd|Active
Hamilton Newsagents|20 Queen Street, Whinhill,  QG12 7TL|QG12 7TL|Glenhaven|Confectionary / Tobacconist / Newsagents|Tobacco Only|Hamilton Newsagents|Active
Campbell's Convenience Store|104 School Road, Melwood,  QB29 3JJ|QB29 3JJ|Brackenlaw|Convenience Store|Tobacco And Nicotine Vapour Products|Sinclair Retail Ltd|Active
 Branford Service Station |48 Victoria Road, Branford,  QD37 5EE|QD37 5EE|Drumlarach|Forecourt Garage|Tobacco Only|Branford Service Station|Active
 Ferguson's Convenience Store |1 School Road, Craigfield,  QG34 4YX|QG34 4YX|Glenhaven|Convenience Store|Tobacco And Nicotine Vapour Products|Reid Retail Ltd|Inactive
Ashside Service Station|56 Main Street, Ashside,  QC15 2LF|QC15 2LF|Corriebeg|Forecourt Garage|Tobacco Only|Kerr Retail Ltd|Active
Rossgate Stores|36 Castle Street, Rossgate,  QE1 5ZN|QE1 5ZN|Eskbrae|Other Retail|Tobacco And Nicotine Vapour Products|Rossgate Stores|Inactive
 Dundale Wines |136 Mill Lane, Dundale,  QE22 1EB|QE22 1EB|Eskbrae|Off-Licence|Tobacco Only|Dundale Wines|Active
Campbell's Convenience Store|17 School Road, Meldale,  QC15 3TB|QC15 3TB|Corriebeg|Convenience Store|Tobacco Only|Hamilton Retail Ltd|Active
Paterson Newsagents|31 Market Street, Glenholm,  QA24 3JW|QA24 3JW|Aldmoor|Confectionary / Tobacconist / Newsagents|Tobacco And Nicotine Vapour Products|Murray Retail Ltd|Active
 Newhaugh Hotel |60 Station Road, Newhaugh,  QE21 6UR|QE21 6UR|Eskbrae|Hotel|Tobacco And Nicotine Vapour Products|Reid Retail Ltd|Active
Ferguson's Convenience Store|8 Church Street, Langcraig,  QB29 3UE|QB29 3UE|Brackenlaw|Convenience Store|Tobacco And Nicotine Vapour Products|Ferguson's Convenience Store|Active
Lennox's Convenience Store|169 Main Street, Dunlaw,  QD36 4WT|QD36 4WT|Drumlarach|Convenience Store|Tobacco And Nicotine Vapour Products|Lennox's Convenience Store|Active
The Birklea Arms|122 Park Avenue, Birklea,  QE4 7EF|QE4 7EF|Eskbrae|Public House|Tobacco Only|The Birklea Arms|Active
The Strathdale Arms|139 High Street, Strathdale,  QE24 5EL|QE24 5EL|Eskbrae|Public House|Tobacco And Nicotine Vapour Products|Murray Retail Ltd|Active
Invercraig Stores|152 Victoria Road, Invercraig,  QE22 5NQ|QE22 5NQ|Eskbrae|Other Retail|Tobacco Only|Invercraig Stores|Active
Dalmains Hotel|106 Bridge Street, Dalmains,  QF7 7SP|QF7 7SP|Fallinmuir|Hotel|Tobacco And Nicotine Vapour Products|Dalmains Hotel|Active
Sinclair's Convenience Store|57 Park Avenue, Inverholm,  QD38 2PR|QD38 2PR|Drumlarach|Convenience Store|Tobacco And Nicotine Vapour Products|Watt Retail Ltd|Inactive
Rosshill Service Station|127 Victoria Road, Rosshill,  QF30 0SQ|QF30 0SQ|Fallinmuir|Forecourt Garage|Tobacco Only|Rosshill Service Station|Active
Duncan's Convenience Store|43 Bridge Street, Melburn,  QC34 4XH|QC34 4XH|Corriebeg|Convenience Store|Tobacco And Nicotine Vapour Products|Hamilton Retail Ltd|Active
Sinclair's Convenience Store|147 Queen Street, Newmains,  QD37 5UJ|QD37 5UJ|Drumlarach|Convenience Store|Tobacco Only|Sinclair's Convenience Store|Active
The Rossford Arms|10 Main Street, Rossford,  QD36 5PY|QD36 5PY|Drumlarach|Public House|Tobacco Only|Watt Retail Ltd|Active
 Paterson's Convenience Store |98 Castle Street, Ferncraig,  QC13 5FD|QC13 5FD|Corriebeg|Convenience Store|Tobacco Only|Paterson's Convenience Store|Active
Graham Mobile Shop|74 School Road, Mellaw,  QB30 2WX|QB30 2WX|Brackenlaw|Mobile Trade|Tobacco And Nicotine Vapour Products|Graham Mobile Shop|Inactive
The Brancraig Arms|82 King Street, Brancraig,  QC12 5EA|QC12 5EA|Corriebeg|Public House|Tobacco And Nicotine Vapour Products|Sinclair Retail Ltd|Active
Anderson's Convenience Store|102 Station Road, Invercraig,  QE22 7TP|QE22 7TP|Eskbrae|Convenience Store|Tobacco And Nicotine Vapour Products|Anderson's Convenience Store|Inactive
MacLeod Newsagents|162 Park Avenue, Rossgate,  QA23 1TJ|QA23 1TJ|Aldmoor|Confectionary / Tobacconist / Newsagents|Tobacco And Nicotine Vapour Products|MacLeod Newsagents|Active
Strathtoun Supermarket|36 Castle Street, Strathtoun,  QH17 3UP|QH17 3UP|Harlawmuir|Supermarket and Other Retail Outlets|Tobacco And Nicotine Vapour Products|Reid Retail Ltd|Active
The Melgate Arms|64 Church Street, Melgate,  QH39 9BZ|QH39 9BZ|Harlawmuir|Public House|Tobacco And Nicotine Vapour Products|The Melgate Arms|Inactive
Inverlea Stores|19 Main Street, Inverlea,  QD37 6ZB|QD37 6ZB|Drumlarach|Other Retail|Tobacco And Nicotine Vapour Products|Paterson Retail Ltd|Active
Strathlaw Service Station|169 Bridge Street, Strathlaw,  QB10 0TB|QB10 0TB|Brackenlaw|Forecourt Garage|Tobacco And Nicotine Vapour Products|Strathlaw Service Station|Active
Lennox Newsagents|144 Station Road, Dunside,  QD40 5UA|QD40 5UA|Drumlarach|Confectionary / Tobacconist / Newsagents|Tobacco And Nicotine Vapour Products|Lennox Newsagents|Active
Campbell's Convenience Store|35 Main Street, Fernlea,  QH38 1JG|QH38 1JG|Harlawmuir|Convenience Store|Tobacco Only|Campbell's Convenience Store|Active
Kerr Newsagents|35 Castle Street, Birklaw,  QD40 4NX|QD40 4NX|Drumlarach|Confectionary / Tobacconist / Newsagents|Tobacco And Nicotine Vapour Products|Kerr Newsagents|Active
Glengate Service Station|115 Station Road, Glengate,  QA4 3XD|QA4 3XD|Aldmoor|Forecourt Garage|Tobacco Only|Glengate Service Station|Active
 Brown's Convenience Store |166 King Street, Killea,  QE25 1EG|QE25 1EG|Eskbrae|Convenience Store|Tobacco Only|Brown's Convenience Store|Inactive
Kildale Takeaway|162 Park Avenue, Kildale,  QB9 3LP|QB9 3LP|Brackenlaw|Other Catering|Tobacco Only|Kildale Takeaway|Active
Strathmuir Hotel|178 Victoria Road, Strathmuir,  QH19 7TQ|QH19 7TQ|Harlawmuir|Hotel|Tobacco And Nicotine Vapour Products|Brown Retail Ltd|Inactive
Campbell's Convenience Store|60 Glebe Road, Mellaw,  QE3 8GW|QE3 8GW|Eskbrae|Convenience Store|Tobacco And Nicotine Vapour Products|Campbell's Convenience Store|Active
 Hamilton's Convenience Store |122 Market Street, Glenfield,  QH36 0FF|QH36 0FF|Harlawmuir|Convenience Store|Tobacco And Nicotine Vapour Products|Sinclair Retail Ltd|Active
Craighaugh Wines|115 School Road, Craighaugh,  QG33 7EU|QG33 7EU|Glenhaven|Off-Licence|Tobacco And Nicotine Vapour Products|Craighaugh Wines|Active
Dunfield Takeaway|175 Park Avenue, Dunfield,  QC32 9TD|QC32 9TD|Corriebeg|Other Catering|Tobacco Only|Duncan Retail Ltd|Inactive
The Langdale Arms|158 Main Street, Langdale,  QE3 5JH|QE3 5JH|Eskbrae|Public House|Tobacco And Nicotine Vapour Products|The Langdale Arms|Active
Anderson's Convenience Store|25 Harbour Road, Balwood,  QE3 2BN|QE3 2BN|Eskbrae|Convenience Store|Tobacco Only|Anderson's Convenience Store|Active
Watt's Convenience Store|33 Queen Street, Dunlaw,  QH17 3PR|QH17 3PR|Harlawmuir|Convenience Store|Tobacco Only|Watt's Convenience Store|Inactive
Watt's Convenience Store|101 School Road, Langlea,  QB28 5BP|QB28 5BP|Brackenlaw|Convenience Store|Tobacco Only|Watt's Convenience Store|Active
Dunlaw Stores|74 High Street, Dunlaw,  QD36 7DL|QD36 7DL|Drumlarach|Other Retail|Tobacco And Nicotine Vapour Products|Dunlaw Stores|Active
Reid's Convenience Store|144 King Street, Kilgate,  QA23 3LX|QA23 3LX|Aldmoor|Convenience Store|Tobacco Only|Reid's Convenience Store|Active
 Sinclair's Convenience Store |88 Victoria Road, Langlaw,  QC13 8TF|QC13 8TF|Corriebeg|Convenience Store|Tobacco Only|Sinclair's Convenience Store|Active
Torhill Takeaway|167 Church Street, Torhill,  QC33 0PZ|QC33 0PZ|Corriebeg|Other Catering|Tobacco And Nicotine Vapour Products|MacLeod Retail Ltd|Active
Langtoun Hotel|133 Station Road, Langtoun,  QC15 4TD|QC15 4TD|Corriebeg|Hotel|Tobacco Only|Langtoun Hotel|Active
Graham's Convenience Store|154 Park Avenue, Birkshaws,  QD40 5BG|QD40 5BG|Drumlarach|Convenience Store|Tobacco And Nicotine Vapour Products|Anderson Retail Ltd|Active
Anderson's Convenience Store|118 Bridge Street, Duncraig,  QG12 9XT|QG12 9XT|Glenhaven|Convenience Store|Tobacco Only|Anderson's Convenience Store|Active
Sinclair Mobile Shop|105 Main Street, Inverford,  QE46 2SJ|QE46 2SJ|Eskbrae|Mobile Trade|Tobacco And Nicotine Vapour Products|Sinclair Mobile Shop|Active
Ashpark Hotel|111 Park Avenue, Ashpark,  QC13 3JG|QC13 3JG|Corriebeg|Hotel|Tobacco Only|Anderson Retail Ltd|Inactive
 Glenmuir Supermarket |167 Park Avenue, Glenmuir,  QF7 4XS|QF7 4XS|Fallinmuir|Supermarket and Other Retail Outlets|Tobacco Only|Glenmuir Supermarket|Inactive
 Reid's Convenience Store |60 Castle Street, Kinlea,  QG31 1AL|QG31 1AL|Glenhaven|Convenience Store|Tobacco Only|Reid's Convenience Store|Active
Ashbank Service Station|82 Market Street, Ashbank,  QG15 1PX|QG15 1PX|Glenhaven|Forecourt Garage|Tobacco Only|Ashbank Service Station|Active
 Dalshaws Supermarket |122 Castle Street, Dalshaws,  QG33 5SJ|QG33 5SJ|Glenhaven|Supermarket and Other Retail Outlets|Tobacco Only|Dalshaws Supermarket|Active
Anderson's Convenience Store|30 Mill Lane, Whinhaugh,  QA3 3LN|QA3 3LN|Aldmoor|Convenience Store|Tobacco Only|Anderson's Convenience Store|Active
Anderson's Convenience Store|174 Market Street, Rosscraig,  QA5 0TJ|QA5 0TJ|Aldmoor|Convenience Store|Tobacco Only|Anderson's Convenience Store|Active
 Ashbrae Wines |7 Main Street, Ashbrae,  QD17 6EE|QD17 6EE|Drumlarach|Off-Licence|Tobacco Only|Graham Retail Ltd|Inactive
Paterson's Convenience Store|15 Market Street, Inverford,  QE25 0LA|QE25 0LA|Eskbrae|Convenience Store|Tobacco And Nicotine Vapour Products|Paterson Retail Ltd|Inactive
Melbank Service Station|164 Harbour Road, Melbank,  QB9 3YT|QB9 3YT|Brackenlaw|Forecourt Garage|Tobacco And Nicotine Vapour Products|Melbank Service Station|Inactive
Anderson's Convenience Store|174 Station Road, Newmuir,  QE1 5WW|QE1 5WW|Eskbrae|Convenience Store|Tobacco Only|Anderson's Convenience Store|Active
Watt's Convenience Store|35 Mill Lane, Invercraig,  QE22 1YN|QE22 1YN|Eskbrae|Convenience Store|Tobacco Only|Watt's Convenience Store|Inactive
 Lochanshaws Service Station |40 Glebe Road, Lochanshaws,  QG34 3DT|QG34 3DT|Glenhaven|Forecourt Garage|Tobacco And Nicotine Vapour Products|Lochanshaws Service Station|Active
Strathfield Stores|81 Mill Lane, Strathfield,  QB30 5TX|QB30 5TX|Brackenlaw|Other Retail|Tobacco And Nicotine Vapour Products|Reid Retail Ltd|Active
Newhaugh Supermarket|61 Harbour Road, Newhaugh,  QE21 6WH|QE21 6WH|Eskbrae|Supermarket and Other Retail Outlets|Tobacco And Nicotine Vapour Products|Newhaugh Supermarket|Active
Lennox's Convenience Store|130 Church Street, Whinwood,  QD36 9GY|QD36 9GY|Drumlarach|Convenience Store|Tobacco And Nicotine Vapour Products|Sinclair Retail Ltd|Active
Rosslea Stores|105 Market Street, Rosslea,  QG11 6DU|QG11 6DU|Glenhaven|Other Retail|Tobacco Only|Rosslea Stores|Active
Lochanwood Stores|121 Bridge Street, Lochanwood,  QC34 5FH|QC34 5FH|Corriebeg|Other Retail|Tobacco Only|Lochanwood Stores|Active
 Campbell's Convenience Store |114 Harbour Road, Kilgate,  QA23 0UB|QA23 0UB|Aldmoor|Convenience Store|Tobacco Only|Campbell's Convenience Store|Inactive
Sinclair Newsagents|51 Queen Street, Langford,  QD37 1PT|QD37 1PT|Drumlarach|Confectionary / Tobacconist / Newsagents|Tobacco Only|MacLeod Retail Ltd|Active
Campbell's Convenience Store|91 Station Road, Ashwood,  QA5 4NX|QA5 4NX|Aldmoor|Convenience Store|Tobacco And Nicotine Vapour Products|Campbell's Convenience Store|Inactive
Campbell's Convenience Store|40 Glebe Road, Lochanpark,  QA5 6XS|QA5 6XS|Aldmoor|Convenience Store|Tobacco Only|Reid Retail Ltd|Inactive
Graham Newsagents|51 Station Road, Fernshaws,  QF26 9BQ|QF26 9BQ|Fallinmuir|Confectionary / Tobacconist / Newsagents|Tobacco Only|Graham Newsagents|Active
Paterson's Convenience Store|82 Market Street, Rossshaws,  QC15 1HW|QC15 1HW|Corriebeg|Convenience Store|Tobacco Only|Paterson Retail Ltd|Active
Murray Newsagents|101 Church Street, Langtoun,  QC15 4TD|QC15 4TD|Corriebeg|Confectionary / Tobacconist / Newsagents|Tobacco And Nicotine Vapour Products|Murray Newsagents|Active
The Rossside Arms|92 Park Avenue, Rossside,  QE2 6GF|QE2 6GF|Eskbrae|Public House|Tobacco And Nicotine Vapour Products|The Rossside Arms|Active
 Kerr's Convenience Store |131 Main Street, Dalford,  QF26 9WN|QF26 9WN|Fallinmuir|Convenience Store|Tobacco And Nicotine Vapour Products|Kerr's Convenience Store|Active
Newbank Wines|59 Main Street, Newbank,  QF10 9ZS|QF10 9ZS|Fallinmuir|Off-Licence|Tobacco Only|Paterson Retail Ltd|Active
Graham Newsagents|22 Station Road, Kildale,  QB9 3UU|QB9 3UU|Brackenlaw|Confectionary / Tobacconist / Newsagents|Tobacco And Nicotine Vapour Products|Graham Newsagents|Active
Graham's Convenience Store|2 Victoria Road, Kinshaws,  QF9 6ZE|QF9 6ZE|Fallinmuir|Convenience Store|Tobacco And Nicotine Vapour Products|Graham's Convenience Store|Active
Torside Stores|63 Church Street, Torside,  QF6 8XB|QF6 8XB|Fallinmuir|Other Retail|Tobacco And Nicotine Vapour Products|Torside Stores|Active
Watt's Convenience Store|59 Park Avenue, Lochanlaw,  QB10 3HA|QB10 3HA|Brackenlaw|Convenience Store|Tobacco Only|Reid Retail Ltd|Active
Fernmuir Wines|64 Church Street, Fernmuir,  QH18 4US|QH18 4US|Harlawmuir|Off-Licence|Tobacco Only|Fernmuir Wines|Inactive
Duncan's Convenience Store|1 King Street, Rosspark,  QC35 4RF|QC35 4RF|Corriebeg|Convenience Store|Tobacco And Nicotine Vapour Products|Lennox Retail Ltd|Active
Sinclair's Convenience Store|156 Victoria Road, Glenfield,  QH36 0BA|QH36 0BA|Harlawmuir|Convenience Store|Tobacco Only|Sinclair's Convenience Store|Active
Graham's Convenience Store|154 Station Road, Torhill,  QC33 1XY|QC33 1XY|Corriebeg|Convenience Store|Tobacco Only|Campbell Retail Ltd|Active
Rossburn Takeaway|77 Victoria Road, Rossburn,  QD16 6UD|QD16 6UD|Drumlarach|Other Catering|Tobacco Only|Kerr Retail Ltd|Active
Reid's Convenience Store|13 Victoria Road, Rosslaw,  QD17 7QU|QD17 7QU|Drumlarach|Convenience Store|Tobacco And Nicotine Vapour Products|Sinclair Retail Ltd|Active
Newbank Supermarket|142 Park Avenue, Newbank,  QD18 4YZ|QD18 4YZ|Drumlarach|Supermarket and Other Retail Outlets|Tobacco Only|Newbank Supermarket|Active
Craigbrae Service Station|127 Park Avenue, Craigbrae,  QA4 6JB|QA4 6JB|Aldmoor|Forecourt Garage|Tobacco And Nicotine Vapour Products|Sinclair Retail Ltd|Active
Balcraig Stores|12 King Street, Balcraig,  QC14 6JT|QC14 6JT|Corriebeg|Other Retail|Tobacco Only|Graham Retail Ltd|Active
Torgate Stores|5 High Street, Torgate,  QC35 0FR|QC35 0FR|Corriebeg|Other Retail|Tobacco Only|Brown Retail Ltd|Inactive
 Glenford Stores |112 Main Street, Glenford,  QC14 5YB|QC14 5YB|Corriebeg|Other Retail|Tobacco And Nicotine Vapour Products|Kerr Retail Ltd|Active
 Murray Newsagents |94 Victoria Road, Ashbrae,  QF29 7QL|QF29 7QL|Fallinmuir|Confectionary / Tobacconist / Newsagents|Tobacco And Nicotine Vapour Products|Watt Retail Ltd|Active
Paterson Newsagents|142 Main Street, Rossburn,  QD16 0RN|QD16 0RN|Drumlarach|Confectionary / Tobacconist / Newsagents|Tobacco And Nicotine Vapour Products|Watt Retail Ltd|Active
Graham Newsagents|64 King Street, Inverford,  QE24 8FF|QE24 8FF|Eskbrae|Confectionary / Tobacconist / Newsagents|Tobacco Only|Campbell Retail Ltd|Inactive
Watt's Convenience Store|100 Victoria Road, Melburn,  QC34 4UZ|QC34 4UZ|Corriebeg|Convenience Store|Tobacco Only|Paterson Retail Ltd|Active
Watt's Convenience Store|1 Main Street, Killea,  QE25 6DL|QE25 6DL|Eskbrae|Convenience Store|Tobacco Only|Lennox Retail Ltd|Active
Paterson Newsagents|134 Castle Street, Glenford,  QE23 3YW|QE23 3YW|Eskbrae|Confectionary / Tobacconist / Newsagents|Tobacco Only|Hamilton Retail Ltd|Active
Paterson's Convenience Store|104 Church Street, Rossdale,  QG14 9NY|QG14 9NY|Glenhaven|Convenience Store|Tobacco And Nicotine Vapour Products|Watt Retail Ltd|Active
The Strathlaw Arms|55 Queen Street, Strathlaw,  QB10 0HU|QB10 0HU|Brackenlaw|Public House|Tobacco And Nicotine Vapour Products|Hamilton Retail Ltd|Active
Kilmains Hotel|23 King Street, Kilmains,  QB28 7LW|QB28 7LW|Brackenlaw|Hotel|Tobacco Only|Kilmains Hotel|Active
Craiggate Hotel|14 Bridge Street, Craiggate,  QF27 8GR|QF27 8GR|Fallinmuir|Hotel|Tobacco And Nicotine Vapour Products|Craiggate Hotel|Active
Dalholm Service Station|118 High Street, Dalholm,  QB6 7SB|QB6 7SB|Brackenlaw|Forecourt Garage|Tobacco And Nicotine Vapour Products|Lennox Retail Ltd|Active
Ferguson's Convenience Store|80 Park Avenue, Ashburn,  QE24 3AQ|QE24 3AQ|Eskbrae|Convenience Store|Tobacco And Nicotine Vapour Products|Ferguson's Convenience Store|Inactive
Campbell Mobile Shop|29 Main Street, Newbank,  QA25 9XF|QA25 9XF|Aldmoor|Mobile Trade|Tobacco And Nicotine Vapour Products|MacLeod Retail Ltd|Inactive
 Paterson's Convenience Store |89 Market Street, Invercraig,  QH18 9HL|QH18 9HL|Harlawmuir|Convenience Store|Tobacco Only|Paterson's Convenience Store|Inactive
MacLeod's Convenience Store|24 King Street, Ashbrae,  QF8 3QN|QF8 3QN|Fallinmuir|Convenience Store|Tobacco Only|MacLeod's Convenience Store|Active
Strathfield Hotel|142 School Road, Strathfield,  QG34 2XZ|QG34 2XZ|Glenhaven|Hotel|Tobacco Only|Strathfield Hotel|Inactive
Melburn Service Station|39 Market Street, Melburn,  QC34 6AA|QC34 6AA|Corriebeg|Forecourt Garage|Tobacco And Nicotine Vapour Products|Ferguson Retail Ltd|Active
Graham's Convenience Store|151 Glebe Road, Langmuir,  QD37 4AQ|QD37 4AQ|Drumlarach|Convenience Store|Tobacco Only|Graham's Convenience Store|Active
Sinclair Newsagents|37 Bridge Street, Birkwood,  QC11 9ND|QC11 9ND|Corriebeg|Confectionary / Tobacconist / Newsagents|Tobacco Only|Sinclair Retail Ltd|Active
Kilfield Hotel|2 Station Road, Kilfield,  QE5 3HG|QE5 3HG|Eskbrae|Hotel|Tobacco And Nicotine Vapour Products|Kilfield Hotel|Active
Dalburn Service Station|144 Station Road, Dalburn,  QC33 9YG|QC33 9YG|Corriebeg|Forecourt Garage|Tobacco Only|Dalburn Service Station|Active
Lochantoun Supermarket|63 Park Avenue, Lochantoun,  QF29 8RX|QF29 8RX|Fallinmuir|Supermarket and Other Retail Outlets|Tobacco Only|MacLeod Retail Ltd|Inactive
Fernford Wines|146 Harbour Road, Fernford,  QA2 2DT|QA2 2DT|Aldmoor|Off-Licence|Tobacco Only|Fernford Wines|Inactive
Kilgate Supermarket|132 Market Street, Kilgate,  QA23 3SJ|QA23 3SJ|Aldmoor|Supermarket and Other Retail Outlets|Tobacco And Nicotine Vapour Products|Campbell Retail Ltd|Active
Fernshaws Stores|37 King Street, Fernshaws,  QE24 4YD|QE24 4YD|Eskbrae|Other Retail|Tobacco And Nicotine Vapour Products|Anderson Retail Ltd|Inactive
Sinclair's Convenience Store|125 Victoria Road, Fernfield,  QH37 2DH|QH37 2DH|Harlawmuir|Convenience Store|Tobacco Only|Sinclair's Convenience Store|Active
Newbank Stores|42 Church Street, Newbank,  QD18 1EF|QD18 1EF|Drumlarach|Other Retail|Tobacco Only|Newbank Stores|Active
Hamilton Newsagents|131 Bridge Street, Dalshaws,  QG33 5HS|QG33 5HS|Glenhaven|Confectionary / Tobacconist / Newsagents|Tobacco And Nicotine Vapour Products|Hamilton Newsagents|Inactive
Reid Mobile Shop|81 Market Street, Whinburn,  QA1 2LH|QA1 2LH|Aldmoor|Mobile Trade|Tobacco Only|Reid Mobile Shop|Active
 Balshaws Stores |96 Church Street, Balshaws,  QD18 3WE|QD18 3WE|Drumlarach|Other Retail|Tobacco Only|Balshaws Stores|Active
Watt's Convenience Store|97 Mill Lane, Craighaugh,  QH40 7HY|QH40 7HY|Harlawmuir|Convenience Store|Tobacco Only|Watt's Convenience Store|Active
Anderson Newsagents|89 Church Street, Invergate,  QD19 0AT|QD19 0AT|Drumlarach|Confectionary / Tobacconist / Newsagents|Tobacco Only|Anderson Newsagents|Active
The Langdale Arms|7 Mill Lane, Langdale,  QE3 5LJ|QE3 5LJ|Eskbrae|Public House|Tobacco And Nicotine Vapour Products|The Langdale Arms|Active
Langmuir Wines|119 Church Street, Langmuir,  QD37 6QF|QD37 6QF|Drumlarach|Off-Licence|Tobacco Only|Langmuir Wines|Active
Glenbank Stores|66 Main Street, Glenbank,  QA1 8YL|QA1 8YL|Aldmoor|Other Retail|Tobacco Only|Kerr Retail Ltd|Inactive
Whincraig Takeaway|171 Harbour Road, Whincraig,  QC12 4QP|QC12 4QP|Corriebeg|Other Catering|Tobacco And Nicotine Vapour Products|Whincraig Takeaway|Active
Glenpark Service Station|129 School Road, Glenpark,  QB26 2QR|QB26 2QR|Brackenlaw|Forecourt Garage|Tobacco And Nicotine Vapour Products|Glenpark Service Station|Active
Campbell's Convenience Store|158 Main Street, Fernlea,  QC13 3EG|QC13 3EG|Corriebeg|Convenience Store|Tobacco And Nicotine Vapour Products|Kerr Retail Ltd|Active
Duncraig Stores|122 Glebe Road, Duncraig,  QG12 2SW|QG12 2SW|Glenhaven|Other Retail|Tobacco And Nicotine Vapour Products|Duncraig Stores|Inactive
 Ashford Wines |113 Church Street, Ashford,  QB9 6RA|QB9 6RA|Brackenlaw|Off-Licence|Tobacco Only|MacLeod Retail Ltd|Inactive
Ashside Stores|6 Main Street, Ashside,  QC15 2FH|QC15 2FH|Corriebeg|Other Retail|Tobacco And Nicotine Vapour Products|Ashside Stores|Active
 The Melcraig Arms |70 Victoria Road, Melcraig,  QC12 1FU|QC12 1FU|Corriebeg|Public House|Tobacco And Nicotine Vapour Products|The Melcraig Arms|Active
Duncan's Convenience Store|146 Harbour Road, Newbank,  QF10 2JT|QF10 2JT|Fallinmuir|Convenience Store|Tobacco Only|Duncan's Convenience Store|Active
Ferguson's Convenience Store|109 King Street, Kinhaugh,  QG15 4AY|QG15 4AY|Glenhaven|Convenience Store|Tobacco Only|Reid Retail Ltd|Active
 Murray's Convenience Store |67 King Street, Craighaugh,  QG33 7ZZ|QG33 7ZZ|Glenhaven|Convenience Store|Tobacco And Nicotine Vapour Products|Murray's Convenience Store|Active
Duncan's Convenience Store|138 Market Street, Inverdale,  QG31 1NQ|QG31 1NQ|Glenhaven|Convenience Store|Tobacco And Nicotine Vapour Products|Duncan's Convenience Store|Inactive
Brown's Convenience Store|98 Bridge Street, Lochanlaw,  QB10 4YJ|QB10 4YJ|Brackenlaw|Convenience Store|Tobacco Only|Brown's Convenience Store|Active
Birklaw Stores|64 Harbour Road, Birklaw,  QD40 7ZW|QD40 7ZW|Drumlarach|Other Retail|Tobacco Only|Kerr Retail Ltd|Active
Watt Newsagents|76 Market Street, Rossholm,  QG14 6PP|QG14 6PP|Glenhaven|Confectionary / Tobacconist / Newsagents|Tobacco Only|Watt Newsagents|Inactive
Anderson's Convenience Store|26 Mill Lane, Craigbank,  QC14 6TU|QC14 6TU|Corriebeg|Convenience Store|Tobacco Only|Anderson's Convenience Store|Active
Strathmuir Takeaway|147 King Street, Strathmuir,  QH19 7YS|QH19 7YS|Harlawmuir|Other Catering|Tobacco And Nicotine Vapour Products|Anderson Retail Ltd|Inactive
Mellaw Stores|119 King Street, Mellaw,  QE21 7BJ|QE21 7BJ|Eskbrae|Other Retail|Tobacco Only|Mellaw Stores|Active
Graham's Convenience Store|5 Station Road, Rosspark,  QC35 6SA|QC35 6SA|Corriebeg|Convenience Store|Tobacco And Nicotine Vapour Products|Graham's Convenience Store|Active
Reid Newsagents|58 Church Street, Glenlaw,  QG14 6LX|QG14 6LX|Glenhaven|Confectionary / Tobacconist / Newsagents|Tobacco And Nicotine Vapour Products|Reid Newsagents|Active
 Lennox's Convenience Store |23 School Road, Balpark,  QH43 2LE|QH43 2LE|Harlawmuir|Convenience Store|Tobacco And Nicotine Vapour Products|Reid Retail Ltd|Active
Dungate Service Station|98 Mill Lane, Dungate,  QH19 5EF|QH19 5EF|Harlawmuir|Forecourt Garage|Tobacco Only|Dungate Service Station|Active
Paterson's Convenience Store|66 Queen Street, Fernmains,  QF10 4AA|QF10 4AA|Fallinmuir|Convenience Store|Tobacco And Nicotine Vapour Products|Paterson's Convenience Store|Active
Murray's Convenience Store|61 Glebe Road, Balburn,  QE23 4TE|QE23 4TE|Eskbrae|Convenience Store|Tobacco Only|Kerr Retail Ltd|Active
Ashside Wines|21 Victoria Road, Ashside,  QH17 9QU|QH17 9QU|Harlawmuir|Off-Licence|Tobacco Only|Anderson Retail Ltd|Active
Rossholm Stores|142 School Road, Rossholm,  QG14 6DZ|QG14 6DZ|Glenhaven|Other Retail|Tobacco Only|Anderson Retail Ltd|Active
Ferguson Newsagents|108 Mill Lane, Kilcraig,  QC15 2AQ|QC15 2AQ|Corriebeg|Confectionary / Tobacconist / Newsagents|Tobacco Only|Ferguson Newsagents|Active
Paterson Newsagents|46 Harbour Road, Fernlea,  QC13 3SF|QC13 3SF|Corriebeg|Confectionary / Tobacconist / Newsagents|Tobacco Only|Paterson Newsagents|Active
Kilhaugh Stores|97 School Road, Kilhaugh,  QB6 7TW|QB6 7TW|Brackenlaw|Other Retail|Tobacco And Nicotine Vapour Products|MacLeod Retail Ltd|Active
Newlaw Service Station|3 Mill Lane, Newlaw,  QA23 4HG|QA23 4HG|Aldmoor|Forecourt Garage|Tobacco Only|Watt Retail Ltd|Inactive
Murray's Convenience Store|31 Castle Street, Killea,  QE25 6ZU|QE25 6ZU|Eskbrae|Convenience Store|Tobacco Only|Murray's Convenience Store|Active
Ferguson's Convenience Store|7 Harbour Road, Mellea,  QH47 1EU|QH47 1EU|Harlawmuir|Convenience Store|Tobacco And Nicotine Vapour Products|MacLeod Retail Ltd|Active
Paterson Mobile Shop|148 Victoria Road, Dalmains,  QF7 4AY|QF7 4AY|Fallinmuir|Mobile Trade|Tobacco And Nicotine Vapour Products|Paterson Mobile Shop|Active
Sinclair Newsagents|49 Harbour Road, Ashside,  QC15 1EP|QC15 1EP|Corriebeg|Confectionary / Tobacconist / Newsagents|Tobacco Only|Sinclair Newsagents|Active
Fernmuir Hotel|7 Bridge Street, Fernmuir,  QC34 6UJ|QC34 6UJ|Corriebeg|Hotel|Tobacco Only|Fernmuir Hotel|Active
The Strathlaw Arms|59 Glebe Road, Strathlaw,  QB10 0TW|QB10 0TW|Brackenlaw|Public House|Tobacco And Nicotine Vapour Products|The Strathlaw Arms|Active
Kerr's Convenience Store|133 Bridge Street, Dungate,  QG31 8LJ|QG31 8LJ|Glenhaven|Convenience Store|Tobacco Only|Kerr's Convenience Store|Inactive
Paterson's Convenience Store|91 High Street, Mellaw,  QE3 8SP|QE3 8SP|Eskbrae|Convenience Store|Tobacco Only|Paterson's Convenience Store|Inactive
MacLeod's Convenience Store|37 Market Street, Birkfield,  QF8 4NG|QF8 4NG|Fallinmuir|Convenience Store|Tobacco Only|MacLeod's Convenience Store|Active
Fernlaw Service Station|7 Mill Lane, Fernlaw,  QC34 3LE|QC34 3LE|Corriebeg|Forecourt Garage|Tobacco Only|Fernlaw Service Station|Active
Anderson's Convenience Store|173 School Road, Strathtoun,  QH37 5LE|QH37 5LE|Harlawmuir|Convenience Store|Tobacco Only|Anderson's Convenience Store|Active
Birkbrae Stores|149 School Road, Birkbrae,  QA2 7DB|QA2 7DB|Aldmoor|Other Retail|Tobacco Only|Birkbrae Stores|Inactive
Sinclair's Convenience Store|49 Glebe Road, Inverlea,  QB30 9WL|QB30 9WL|Brackenlaw|Convenience Store|Tobacco Only|Paterson Retail Ltd|Active
Kerr Mobile Shop|132 Main Street, Birkmains,  QA25 0HS|QA25 0HS|Aldmoor|Mobile Trade|Tobacco Only|Kerr Mobile Shop|Active
Fernmuir Hotel|97 Main Street, Fernmuir,  QE1 2NQ|QE1 2NQ|Eskbrae|Hotel|Tobacco And Nicotine Vapour Products|Fernmuir Hotel|Active
Graham's Convenience Store|138 Glebe Road, Glenmains,  QD17 0XB|QD17 0XB|Drumlarach|Convenience Store|Tobacco Only|Graham's Convenience Store|Active
Watt's Convenience Store|76 Castle Street, Strathholm,  QF6 4TL|QF6 4TL|Fallinmuir|Convenience Store|Tobacco Only|Paterson Retail Ltd|Inactive
Watt Newsagents|99 King Street, Strathpark,  QH16 3HX|QH16 3HX|Harlawmuir|Confectionary / Tobacconist / Newsagents|Tobacco And Nicotine Vapour Products|Watt Newsagents|Inactive
The Kilhill Arms|70 Queen Street, Kilhill,  QA25 2BE|QA25 2BE|Aldmoor|Public House|Tobacco Only|Hamilton Retail Ltd|Active
Murray's Convenience Store|23 Castle Street, Newgate,  QD16 0JT|QD16 0JT|Drumlarach|Convenience Store|Tobacco And Nicotine Vapour Products|Murray's Convenience Store|Active
 Graham's Convenience Store |163 Glebe Road, Melwood,  QC11 1DF|QC11 1DF|Corriebeg|Convenience Store|Tobacco And Nicotine Vapour Products|Campbell Retail Ltd|Active
Ferguson's Convenience Store|130 Castle Street, Rossmuir,  QF10 4HR|QF10 4HR|Fallinmuir|Convenience Store|Tobacco Only|Reid Retail Ltd|Active
Anderson's Convenience Store|46 Castle Street, Rosslaw,  QD17 7EE|QD17 7EE|Drumlarach|Convenience Store|Tobacco And Nicotine Vapour Products|Anderson's Convenience Store|Inactive
Graham's Convenience Store|161 Castle Street, Duncraig,  QD19 7YU|QD19 7YU|Drumlarach|Convenience Store|Tobacco Only|Graham's Convenience Store|Inactive
Hamilton Mobile Shop|137 Bridge Street, Ashside,  QH17 1HU|QH17 1HU|Harlawmuir|Mobile Trade|Tobacco And Nicotine Vapour Products|Hamilton Mobile Shop|Inactive
Craiggate Wines|72 Station Road, Craiggate,  QF27 8BB|QF27 8BB|Fallinmuir|Off-Licence|Tobacco And Nicotine Vapour Products|Sinclair Retail Ltd|Active
Newcraig Takeaway|67 Bridge Street, Newcraig,  QD36 9JH|QD36 9JH|Drumlarach|Other Catering|Tobacco And Nicotine Vapour Products|Newcraig Takeaway|Active
Campbell Newsagents|94 Castle Street, Whinhaugh,  QH38 6HG|QH38 6HG|Harlawmuir|Confectionary / Tobacconist / Newsagents|Tobacco And Nicotine Vapour Products|Watt Retail Ltd|Active
 Brown's Convenience Store |130 Main Street, Melwood,  QB29 3JJ|QB29 3JJ|Brackenlaw|Convenience Store|Tobacco And Nicotine Vapour Products|Anderson Retail Ltd|Active
Campbell's Convenience Store|125 King Street, Newmains,  QG11 4WL|QG11 4WL|Glenhaven|Convenience Store|Tobacco And Nicotine Vapour Products|Campbell's Convenience Store|Active
 Brown's Convenience Store |57 Mill Lane, Langfield,  QF9 1BS|QF9 1BS|Fallinmuir|Convenience Store|Tobacco Only|Brown's Convenience Store|Active
MacLeod's Convenience Store|59 High Street, Dalwood,  QA2 2JX|QA2 2JX|Aldmoor|Convenience Store|Tobacco Only|MacLeod's Convenience Store|Active
Anderson's Convenience Store|130 Mill Lane, Invercraig,  QH18 3DL|QH18 3DL|Harlawmuir|Convenience Store|Tobacco Only|Anderson's Convenience Store|Active
MacLeod's Convenience Store|173 Park Avenue, Torgate,  QC35 6RN|QC35 6RN|Corriebeg|Convenience Store|Tobacco And Nicotine Vapour Products|MacLeod's Convenience Store|Active
Balcraig Service Station|29 Main Street, Balcraig,  QC14 6RH|QC14 6RH|Corriebeg|Forecourt Garage|Tobacco Only|Murray Retail Ltd|Active
Kilcraig Takeaway|109 Castle Street, Kilcraig,  QC15 2GP|QC15 2GP|Corriebeg|Other Catering|Tobacco And Nicotine Vapour Products|Anderson Retail Ltd|Active
The Fernshaws Arms|105 High Street, Fernshaws,  QE24 9SZ|QE24 9SZ|Eskbrae|Public House|Tobacco And Nicotine Vapour Products|The Fernshaws Arms|Active
Campbell's Convenience Store|28 High Street, Newgate,  QD16 0WN|QD16 0WN|Drumlarach|Convenience Store|Tobacco And Nicotine Vapour Products|Hamilton Retail Ltd|Active
Duncan Newsagents|132 King Street, Newmuir,  QE1 5WW|QE1 5WW|Eskbrae|Confectionary / Tobacconist / Newsagents|Tobacco Only|Duncan Newsagents|Inactive
Ashbrae Hotel|44 Harbour Road, Ashbrae,  QF29 1PS|QF29 1PS|Fallinmuir|Hotel|Tobacco Only|Ashbrae Hotel|Inactive
 Fernlea Stores |61 Harbour Road, Fernlea,  QC13 1TT|QC13 1TT|Corriebeg|Other Retail|Tobacco Only|Fernlea Stores|Active
Lochanwood Service Station|139 Station Road, Lochanwood,  QC34 9NA|QC34 9NA|Corriebeg|Forecourt Garage|Tobacco Only|Lochanwood Service Station|Active
Lennox's Convenience Store|178 Castle Street, Newlea,  QE25 2WY|QE25 2WY|Eskbrae|Convenience Store|Tobacco Only|Sinclair Retail Ltd|Active
MacLeod Newsagents|160 Glebe Road, Invercraig,  QH18 3QR|QH18 3QR|Harlawmuir|Confectionary / Tobacconist / Newsagents|Tobacco Only|MacLeod Newsagents|Active
Newlea Takeaway|79 Victoria Road, Newlea,  QE25 2PE|QE25 2PE|Eskbrae|Other Catering|Tobacco Only|Paterson Retail Ltd|Inactive
Brown's Convenience Store|141 Mill Lane, Rosspark,  QC35 6GR|QC35 6GR|Corriebeg|Convenience Store|Tobacco And Nicotine Vapour Products|Kerr Retail Ltd|Active
Ferguson Newsagents|112 Main Street, Rossshaws,  QC15 1PR|QC15 1PR|Corriebeg|Confectionary / Tobacconist / Newsagents|Tobacco And Nicotine Vapour Products|Brown Retail Ltd|Active
Whinwood Takeaway|21 King Street, Whinwood,  QD36 4RA|QD36 4RA|Drumlarach|Other Catering|Tobacco Only|Sinclair Retail Ltd|Active
Torgate Service Station|89 Main Street, Torgate,  QC35 5XH|QC35 5XH|Corriebeg|Forecourt Garage|Tobacco And Nicotine Vapour Products|Torgate Service Station|Active
Branhaugh Stores|173 Main Street, Branhaugh,  QG11 9TD|QG11 9TD|Glenhaven|Other Retail|Tobacco And Nicotine Vapour Products|Branhaugh Stores|Active
 Kerr Newsagents |9 Glebe Road, Birkmains,  QA25 0XT|QA25 0XT|Aldmoor|Confectionary / Tobacconist / Newsagents|Tobacco Only|Kerr Newsagents|Active
MacLeod's Convenience Store|37 Park Avenue, Whinlea,  QB10 8WQ|QB10 8WQ|Brackenlaw|Convenience Store|Tobacco Only|Sinclair Retail Ltd|Inactive
Watt's Convenience Store|35 Market Street, Langcraig,  QB29 0SG|QB29 0SG|Brackenlaw|Convenience Store|Tobacco Only|Graham Retail Ltd|Active
Anderson Mobile Shop|98 Castle Street, Balpark,  QD39 8SN|QD39 8SN|Drumlarach|Mobile Trade|Tobacco Only|Murray Retail Ltd|Inactive
 Duncan Newsagents |128 High Street, Lochantoun,  QF29 4TL|QF29 4TL|Fallinmuir|Confectionary / Tobacconist / Newsagents|Tobacco Only|Duncan Newsagents|Active
Lochanshaws Service Station|24 King Street, Lochanshaws,  QG34 4SB|QG34 4SB|Glenhaven|Forecourt Garage|Tobacco Only|Lochanshaws Service Station|Active
Ashside Stores|160 Harbour Road, Ashside,  QC15 1YT|QC15 1YT|Corriebeg|Other Retail|Tobacco And Nicotine Vapour Products|Ashside Stores|Active
Reid Newsagents|5 School Road, Newbank,  QA25 9YU|QA25 9YU|Aldmoor|Confectionary / Tobacconist / Newsagents|Tobacco Only|Reid Newsagents|Active
Strathgate Stores|73 Station Road, Strathgate,  QG13 1BD|QG13 1BD|Glenhaven|Other Retail|Tobacco And Nicotine Vapour Products|Strathgate Stores|Active
Fernside Stores|80 Castle Street, Fernside,  QH39 6UF|QH39 6UF|Harlawmuir|Other Retail|Tobacco Only|Graham Retail Ltd|Inactive
The Fernford Arms|57 Main Street, Fernford,  QA2 3LR|QA2 3LR|Aldmoor|Public House|Tobacco Only|The Fernford Arms|Active
Dalhaugh Supermarket|70 Main Street, Dalhaugh,  QA21 8SJ|QA21 8SJ|Aldmoor|Supermarket and Other Retail Outlets|Tobacco Only|Brown Retail Ltd|Active
 Paterson's Convenience Store |78 High Street, Kilcraig,  QC15 3TG|QC15 3TG|Corriebeg|Convenience Store|Tobacco And Nicotine Vapour Products|Paterson's Convenience Store|Active
Duncraig Hotel|65 High Street, Duncraig,  QG12 9YZ|QG12 9YZ|Glenhaven|Hotel|Tobacco And Nicotine Vapour Products|Duncraig Hotel|Active
Brown's Convenience Store|150 Church Street, Strathtoun,  QH37 5QF|QH37 5QF|Harlawmuir|Convenience Store|Tobacco Only|MacLeod Retail Ltd|Active
Anderson's Convenience Store|10 Main Street, Craighill,  QC35 3UF|QC35 3UF|Corriebeg|Convenience Store|Tobacco And Nicotine Vapour Products|Anderson's Convenience Store|Active
Killea Stores|78 Main Street, Killea,  QE25 6AF|QE25 6AF|Eskbrae|Other Retail|Tobacco Only|Killea Stores|Active
Dalwood Stores|149 Mill Lane, Dalwood,  QE21 4TU|QE21 4TU|Eskbrae|Other Retail|Tobacco And Nicotine Vapour Products|Dalwood Stores|Inactive
Melshaws Service Station|166 Market Street, Melshaws,  QA3 6WN|QA3 6WN|Aldmoor|Forecourt Garage|Tobacco Only|Anderson Retail Ltd|Active
Watt's Convenience Store|30 Glebe Road, Lochanshaws,  QF6 2HZ|QF6 2HZ|Fallinmuir|Convenience Store|Tobacco And Nicotine Vapour Products|Watt's Convenience Store|Inactive
Hamilton's Convenience Store|113 Victoria Road, Balshaws,  QD18 3BT|QD18 3BT|Drumlarach|Convenience Store|Tobacco And Nicotine Vapour Products|Brown Retail Ltd|Active
Ferntoun Service Station|63 Park Avenue, Ferntoun,  QG15 9WQ|QG15 9WQ|Glenhaven|Forecourt Garage|Tobacco Only|Sinclair Retail Ltd|Active
Craigbank Service Station|81 Mill Lane, Craigbank,  QC31 0WT|QC31 0WT|Corriebeg|Forecourt Garage|Tobacco Only|Craigbank Service Station|Active
Fernmuir Service Station|66 Mill Lane, Fernmuir,  QE1 2SP|QE1 2SP|Eskbrae|Forecourt Garage|Tobacco And Nicotine Vapour Products|Fernmuir Service Station|Inactive
 Brandale Supermarket |6 Main Street, Brandale,  QG14 5QD|QG14 5QD|Glenhaven|Supermarket and Other Retail Outlets|Tobacco And Nicotine Vapour Products|Brandale Supermarket|Inactive
Torcraig Stores|23 Church Street, Torcraig,  QE1 3BE|QE1 3BE|Eskbrae|Other Retail|Tobacco Only|Torcraig Stores|Inactive
Anderson's Convenience Store|31 School Road, Inverhaugh,  QC32 5TY|QC32 5TY|Corriebeg|Convenience Store|Tobacco Only|Anderson's Convenience Store|Active
The Dundale Arms|74 Market Street, Dundale,  QE22 6ZZ|QE22 6ZZ|Eskbrae|Public House|Tobacco Only|Murray Retail Ltd|Active
Paterson's Convenience Store|149 King Street, Craighaugh,  QG33 6FE|QG33 6FE|Glenhaven|Convenience Store|Tobacco Only|Brown Retail Ltd|Active
Dalburn Stores|50 Harbour Road, Dalburn,  QC33 4FD|QC33 4FD|Corriebeg|Other Retail|Tobacco And Nicotine Vapour Products|Hamilton Retail Ltd|Active
Watt's Convenience Store|13 Church Street, Dalhaugh,  QA21 5PE|QA21 5PE|Aldmoor|Convenience Store|Tobacco And Nicotine Vapour Products|Watt's Convenience Store|Inactive
Lennox's Convenience Store|97 King Street, Langdale,  QA5 1ZF|QA5 1ZF|Aldmoor|Convenience Store|Tobacco Only|Lennox's Convenience Store|Inactive
Reid Newsagents|39 Church Street, Balcraig,  QC14 6AT|QC14 6AT|Corriebeg|Confectionary / Tobacconist / Newsagents|Tobacco And Nicotine Vapour Products|Reid Newsagents|Active
Ferguson Newsagents|85 School Road, Lochanhaugh,  QD20 8YP|QD20 8YP|Drumlarach|Confectionary / Tobacconist / Newsagents|Tobacco Only|Ferguson Newsagents|Active
 Torgate Supermarket |65 Church Street, Torgate,  QC35 6LW|QC35 6LW|Corriebeg|Supermarket and Other Retail Outlets|Tobacco Only|Torgate Supermarket|Active
Campbell's Convenience Store|41 Victoria Road, Strathwood,  QF6 1ZY|QF6 1ZY|Fallinmuir|Convenience Store|Tobacco Only|Campbell's Convenience Store|Inactive
MacLeod's Convenience Store|155 Park Avenue, Glenholm,  QB28 6YP|QB28 6YP|Brackenlaw|Convenience Store|Tobacco And Nicotine Vapour Products|Anderson Retail Ltd|Active
MacLeod's Convenience Store|9 Castle Street, Whinhaugh,  QG35 2JD|QG35 2JD|Glenhaven|Convenience Store|Tobacco Only|Reid Retail Ltd|Active
Murray's Convenience Store|177 King Street, Craigbank,  QC31 0GW|QC31 0GW|Corriebeg|Convenience Store|Tobacco Only|Campbell Retail Ltd|Active
Dalshaws Hotel|118 Castle Street, Dalshaws,  QG33 4WF|QG33 4WF|Glenhaven|Hotel|Tobacco And Nicotine Vapour Products|Dalshaws Hotel|Active
Hamilton Newsagents|92 Market Street, Ashpark,  QG32 2QT|QG32 2QT|Glenhaven|Confectionary / Tobacconist / Newsagents|Tobacco Only|Hamilton Newsagents|Active
Watt's Convenience Store|152 Queen Street, Dunholm,  QF10 6GZ|QF10 6GZ|Fallinmuir|Convenience Store|Tobacco Only|Watt's Convenience Store|Active
Watt's Convenience Store|5 School Road, Rosshill,  QF30 3GU|QF30 3GU|Fallinmuir|Convenience Store|Tobacco Only|Watt's Convenience Store|Active
 Ashbank Supermarket |156 School Road, Ashbank,  QD19 2EH|QD19 2EH|Drumlarach|Supermarket and Other Retail Outlets|Tobacco And Nicotine Vapour Products|Ashbank Supermarket|Active
Hamilton's Convenience Store|158 Queen Street, Newbank,  QA25 9YT|QA25 9YT|Aldmoor|Convenience Store|Tobacco And Nicotine Vapour Products|Kerr Retail Ltd|Active
Invermuir Takeaway|89 High Street, Invermuir,  QH36 2XJ|QH36 2XJ|Harlawmuir|Other Catering|Tobacco Only|Invermuir Takeaway|Inactive
Paterson Newsagents|119 Castle Street, Kinbank,  QB29 7GQ|QB29 7GQ|Brackenlaw|Confectionary / Tobacconist / Newsagents|Tobacco And Nicotine Vapour Products|Hamilton Retail Ltd|Active
The Whintoun Arms|40 High Street, Whintoun,  QF28 3UN|QF28 3UN|Fallinmuir|Public House|Tobacco Only|The Whintoun Arms|Active
Lennox Newsagents|47 Station Road, Langford,  QD37 5BT|QD37 5BT|Drumlarach|Confectionary / Tobacconist / Newsagents|Tobacco And Nicotine Vapour Products|Lennox Newsagents|Inactive
The Brancraig Arms|91 Station Road, Brancraig,  QC12 9PX|QC12 9PX|Corriebeg|Public House|Tobacco And Nicotine Vapour Products|The Brancraig Arms|Active
Sinclair's Convenience Store|112 Main Street, Langfield,  QA24 3YP|QA24 3YP|Aldmoor|Convenience Store|Tobacco And Nicotine Vapour Products|Sinclair's Convenience Store|Active
Glenfield Service Station|83 Market Street, Glenfield,  QH36 5ZS|QH36 5ZS|Harlawmuir|Forecourt Garage|Tobacco Only|Sinclair Retail Ltd|Active
Watt's Convenience Store|156 High Street, Branbank,  QE22 2NX|QE22 2NX|Eskbrae|Convenience Store|Tobacco Only|Brown Retail Ltd|Inactive
Melwood Supermarket|90 King Street, Melwood,  QB29 5BL|QB29 5BL|Brackenlaw|Supermarket and Other Retail Outlets|Tobacco And Nicotine Vapour Products|Melwood Supermarket|Active
 Brown Newsagents |146 Glebe Road, Inverlea,  QG32 8FE|QG32 8FE|Glenhaven|Confectionary / Tobacconist / Newsagents|Tobacco And Nicotine Vapour Products|Brown Newsagents|Active
Langlea Stores|131 School Road, Langlea,  QA24 1UH|QA24 1UH|Aldmoor|Other Retail|Tobacco Only|Langlea Stores|Active
Reid's Convenience Store|46 High Street, Balpark,  QF28 1XE|QF28 1XE|Fallinmuir|Convenience Store|Tobacco And Nicotine Vapour Products|Murray Retail Ltd|Active
Newhaugh Supermarket|19 Queen Street, Newhaugh,  QE21 7EH|QE21 7EH|Eskbrae|Supermarket and Other Retail Outlets|Tobacco Only|Hamilton Retail Ltd|Active
MacLeod's Convenience Store|6 Queen Street, Newside,  QD20 2RG|QD20 2RG|Drumlarach|Convenience Store|Tobacco Only|Paterson Retail Ltd|Active
Dalcraig Wines|68 Market Street, Dalcraig,  QB7 1ZH|QB7 1ZH|Brackenlaw|Off-Licence|Tobacco Only|Dalcraig Wines|Active
 Kinbank Takeaway |107 Glebe Road, Kinbank,  QB29 5BX|QB29 5BX|Brackenlaw|Other Catering|Tobacco Only|Sinclair Retail Ltd|Active
Langbank Supermarket|31 Victoria Road, Langbank,  QE5 8RG|QE5 8RG|Eskbrae|Supermarket and Other Retail Outlets|Tobacco Only|Brown Retail Ltd|Active
Campbell's Convenience Store|52 Victoria Road, Inverbrae,  QF8 3WW|QF8 3WW|Fallinmuir|Convenience Store|Tobacco And Nicotine Vapour Products|Campbell's Convenience Store|Active
Paterson's Convenience Store|80 Park Avenue, Kindale,  QC14 4DX|QC14 4DX|Corriebeg|Convenience Store|Tobacco Only|Paterson's Convenience Store|Active
Hamilton's Convenience Store|20 Bridge Street, Fernshaws,  QF26 3RY|QF26 3RY|Fallinmuir|Convenience Store|Tobacco Only|Lennox Retail Ltd|Active
Sinclair's Convenience Store|133 King Street, Birkpark,  QG32 7AA|QG32 7AA|Glenhaven|Convenience Store|Tobacco And Nicotine Vapour Products|Sinclair's Convenience Store|Inactive
Melburn Supermarket|61 Park Avenue, Melburn,  QC34 6YP|QC34 6YP|Corriebeg|Supermarket and Other Retail Outlets|Tobacco And Nicotine Vapour Products|Melburn Supermarket|Active
The Melburn Arms|115 Market Street, Melburn,  QC34 4HL|QC34 4HL|Corriebeg|Public House|Tobacco Only|Sinclair Retail Ltd|Active
 Watt's Convenience Store |97 Victoria Road, Langlea,  QA24 1AY|QA24 1AY|Aldmoor|Convenience Store|Tobacco Only|Watt's Convenience Store|Active
Lennox's Convenience Store|47 Church Street, Craigfield,  QG34 4WQ|QG34 4WQ|Glenhaven|Convenience Store|Tobacco And Nicotine Vapour Products|Lennox's Convenience Store|Inactive
The Kilhaugh Arms|116 Queen Street, Kilhaugh,  QB6 0AP|QB6 0AP|Brackenlaw|Public House|Tobacco Only|The Kilhaugh Arms|Inactive
Graham's Convenience Store|71 Mill Lane, Melfield,  QB8 9DF|QB8 9DF|Brackenlaw|Convenience Store|Tobacco Only|Ferguson Retail Ltd|Active
Duncan Newsagents|57 Glebe Road, Rosshill,  QA5 8GJ|QA5 8GJ|Aldmoor|Confectionary / Tobacconist / Newsagents|Tobacco Only|Sinclair Retail Ltd|Active
Campbell's Convenience Store|167 Victoria Road, Newbank,  QA25 9QW|QA25 9QW|Aldmoor|Convenience Store|Tobacco And Nicotine Vapour Products|Kerr Retail Ltd|Active
Sinclair's Convenience Store|40 Station Road, Kilfield,  QE5 5EB|QE5 5EB|Eskbrae|Convenience Store|Tobacco And Nicotine Vapour Products|Graham Retail Ltd|Active
Glenmuir Wines|133 Church Street, Glenmuir,  QC11 9WR|QC11 9WR|Corriebeg|Off-Licence|Tobacco Only|Kerr Retail Ltd|Active
 Brown's Convenience Store |38 Glebe Road, Strathholm,  QF6 0GF|QF6 0GF|Fallinmuir|Convenience Store|Tobacco Only|Graham Retail Ltd|Active
The Birkmains Arms|144 School Road, Birkmains,  QA25 0NY|QA25 0NY|Aldmoor|Public House|Tobacco Only|The Birkmains Arms|Inactive
Balshaws Service Station|28 Victoria Road, Balshaws,  QD18 5WP|QD18 5WP|Drumlarach|Forecourt Garage|Tobacco And Nicotine Vapour Products|Balshaws Service Station|Active
Sinclair's Convenience Store|112 Bridge Street, Glengate,  QA56 5JE|QA56 5JE|Aldmoor|Convenience Store|Tobacco Only|Duncan Retail Ltd|Active
 Ferguson Newsagents |77 Main Street, Glenholm,  QA24 3UQ|QA24 3UQ|Aldmoor|Confectionary / Tobacconist / Newsagents|Tobacco Only|Ferguson Retail Ltd|Active
Strathtoun Service Station|115 Victoria Road, Strathtoun,  QH37 3YL|QH37 3YL|Harlawmuir|Forecourt Garage|Tobacco Only|Strathtoun Service Station|Inactive
Murray's Convenience Store|106 Queen Street, Ashbank,  QG15 0DE|QG15 0DE|Glenhaven|Convenience Store|Tobacco Only|Murray's Convenience Store|Active
Watt's Convenience Store|158 Park Avenue, Inverbank,  QA2 4AP|QA2 4AP|Aldmoor|Convenience Store|Tobacco And Nicotine Vapour Products|Watt's Convenience Store|Active
 Rossburn Stores |65 King Street, Rossburn,  QC11 1UF|QC11 1UF|Corriebeg|Other Retail|Tobacco And Nicotine Vapour Products|Rossburn Stores|Active
Fernshaws Service Station|146 Glebe Road, Fernshaws,  QF26 5SF|QF26 5SF|Fallinmuir|Forecourt Garage|Tobacco And Nicotine Vapour Products|Fernshaws Service Station|Inactive
 Lennox's Convenience Store |163 Main Street, Whinwood,  QD36 4GL|QD36 4GL|Drumlarach|Convenience Store|Tobacco Only|Graham Retail Ltd|Active
Birkcraig Wines|79 Bridge Street, Birkcraig,  QB26 6NE|QB26 6NE|Brackenlaw|Off-Licence|Tobacco Only|MacLeod Retail Ltd|Active
Newshaws Hotel|56 Bridge Street, Newshaws,  QD20 8DJ|QD20 8DJ|Drumlarach|Hotel|Tobacco Only|Newshaws Hotel|Active
Fernshaws Stores|135 Park Avenue, Fernshaws,  QF26 4DA|QF26 4DA|Fallinmuir|Other Retail|Tobacco Only|Fernshaws Stores|Active
 Brown's Convenience Store |127 Victoria Road, Torlaw,  QF52 9EX|QF52 9EX|Fallinmuir|Convenience Store|Tobacco And Nicotine Vapour Products|Brown's Convenience Store|Active
Dalshaws Stores|164 Station Road, Dalshaws,  QB26 7GN|QB26 7GN|Brackenlaw|Other Retail|Tobacco And Nicotine Vapour Products|Dalshaws Stores|Active
 Rossgate Takeaway |51 School Road, Rossgate,  QA23 6FP|QA23 6FP|Aldmoor|Other Catering|Tobacco And Nicotine Vapour Products|Murray Retail Ltd|Active
Reid Newsagents|115 School Road, Inverwood,  QA22 2WA|QA22 2WA|Aldmoor|Confectionary / Tobacconist / Newsagents|Tobacco Only|Reid Newsagents|Inactive
 Langford Wines |99 Main Street, Langford,  QD37 9BG|QD37 9BG|Drumlarach|Off-Licence|Tobacco Only|Langford Wines|Active
Dungate Supermarket|100 Queen Street, Dungate,  QH19 5PU|QH19 5PU|Harlawmuir|Supermarket and Other Retail Outlets|Tobacco And Nicotine Vapour Products|Dungate Supermarket|Active
Fernlea Stores|31 Queen Street, Fernlea,  QB8 1UJ|QB8 1UJ|Brackenlaw|Other Retail|Tobacco And Nicotine Vapour Products|Fernlea Stores|Active
MacLeod Mobile Shop|122 School Road, Birkford,  QD38 9AT|QD38 9AT|Drumlarach|Mobile Trade|Tobacco Only|MacLeod Mobile Shop|Active
Dalburn Takeaway|13 Mill Lane, Dalburn,  QC33 4WR|QC33 4WR|Corriebeg|Other Catering|Tobacco Only|Anderson Retail Ltd|Active
Paterson's Convenience Store|179 Harbour Road, Fernshaws,  QF26 5DY|QF26 5DY|Fallinmuir|Convenience Store|Tobacco Only|Paterson's Convenience Store|Active
Langbank Service Station|94 Park Avenue, Langbank,  QE5 5TY|QE5 5TY|Eskbrae|Forecourt Garage|Tobacco Only|Ferguson Retail Ltd|Inactive
Torhill Stores|78 Castle Street, Torhill,  QC33 5DZ|QC33 5DZ|Corriebeg|Other Retail|Tobacco Only|Watt Retail Ltd|Active
 Fernlea Service Station |173 Glebe Road, Fernlea,  QB8 9XX|QB8 9XX|Brackenlaw|Forecourt Garage|Tobacco Only|Fernlea Service Station|Active
Anderson Newsagents|91 Market Street, Newbank,  QF10 9HP|QF10 9HP|Fallinmuir|Confectionary / Tobacconist / Newsagents|Tobacco Only|Watt Retail Ltd|Active
Duncan's Convenience Store|86 Park Avenue, Kilhaugh,  QB6 2FF|QB6 2FF|Brackenlaw|Convenience Store|Tobacco Only|Duncan's Convenience Store|Inactive
Brown's Convenience Store|71 King Street, Langburn,  QG13 3FG|QG13 3FG|Glenhaven|Convenience Store|Tobacco Only|Brown's Convenience Store|Inactive
Brown's Convenience Store|174 Market Street, Balburn,  QE23 4GN|QE23 4GN|Eskbrae|Convenience Store|Tobacco And Nicotine Vapour Products|Brown's Convenience Store|Inactive
Watt's Convenience Store|144 High Street, Fernshaws,  QF26 3XQ|QF26 3XQ|Fallinmuir|Convenience Store|Tobacco Only|Reid Retail Ltd|Active
MacLeod Newsagents|104 Glebe Road, Strathbrae,  QB28 7SF|QB28 7SF|Brackenlaw|Confectionary / Tobacconist / Newsagents|Tobacco And Nicotine Vapour Products|MacLeod Newsagents|Active
The Fernshaws Arms|122 Victoria Road, Fernshaws,  QF26 5YB|QF26 5YB|Fallinmuir|Public House|Tobacco And Nicotine Vapour Products|The Fernshaws Arms|Active
Murray's Convenience Store|77 Bridge Street, Kilcraig,  QC15 9EF|QC15 9EF|Corriebeg|Convenience Store|Tobacco Only|Murray's Convenience Store|Active
Torshaws Takeaway|148 Market Street, Torshaws,  QB30 4FQ|QB30 4FQ|Brackenlaw|Other Catering|Tobacco And Nicotine Vapour Products|Hamilton Retail Ltd|Active
 Graham Newsagents |59 Mill Lane, Strathmuir,  QC35 9JX|QC35 9JX|Corriebeg|Confectionary / Tobacconist / Newsagents|Tobacco Only|Graham Newsagents|Inactive
Murray's Convenience Store|11 Harbour Road, Fernholm,  QD38 3PB|QD38 3PB|Drumlarach|Convenience Store|Tobacco Only|Murray's Convenience Store|Inactive
Ashbank Supermarket|48 Harbour Road, Ashbank,  QG15 4BQ|QG15 4BQ|Glenhaven|Supermarket and Other Retail Outlets|Tobacco Only|Ashbank Supermarket|Active
Sinclair's Convenience Store|21 Victoria Road, Strathfield,  QB30 5GT|QB30 5GT|Brackenlaw|Convenience Store|Tobacco Only|Sinclair's Convenience Store|Active
Lennox Newsagents|108 Market Street, Craighaugh,  QG33 7ZZ|QG33 7ZZ|Glenhaven|Confectionary / Tobacconist / Newsagents|Tobacco And Nicotine Vapour Products|Lennox Newsagents|Active
Graham's Convenience Store|115 Queen Street, Balwood,  QE3 5NF|QE3 5NF|Eskbrae|Convenience Store|Tobacco Only|Reid Retail Ltd|Inactive
 Dalburn Stores |155 Park Avenue, Dalburn,  QC33 9SQ|QC33 9SQ|Corriebeg|Other Retail|Tobacco Only|Kerr Retail Ltd|Active
 Lennox's Convenience Store |106 Church Street, Lochanlea,  QA23 3XD|QA23 3XD|Aldmoor|Convenience Store|Tobacco Only|Lennox's Convenience Store|Active
 Murray's Convenience Store |148 Park Avenue, Langmains,  QG13 0LF|QG13 0LF|Glenhaven|Convenience Store|Tobacco Only|MacLeod Retail Ltd|Inactive
Graham Newsagents|113 School Road, Birkmuir,  QA22 6DL|QA22 6DL|Aldmoor|Confectionary / Tobacconist / Newsagents|Tobacco Only|Brown Retail Ltd|Active
 Paterson's Convenience Store |68 Harbour Road, Brangate,  QB29 5UA|QB29 5UA|Brackenlaw|Convenience Store|Tobacco And Nicotine Vapour Products|Paterson's Convenience Store|Inactive
 Ashburn Takeaway |170 Bridge Street, Ashburn,  QE24 2QD|QE24 2QD|Eskbrae|Other Catering|Tobacco And Nicotine Vapour Products|Anderson Retail Ltd|Active
Langtoun Takeaway|163 Main Street, Langtoun,  QB10 5EX|QB10 5EX|Brackenlaw|Other Catering|Tobacco Only|Langtoun Takeaway|Active
Inverlea Service Station|55 Mill Lane, Inverlea,  QG32 8DB|QG32 8DB|Glenhaven|Forecourt Garage|Tobacco Only|Campbell Retail Ltd|Inactive
Watt's Convenience Store|83 School Road, Dalmuir,  QD16 0GE|QD16 0GE|Drumlarach|Convenience Store|Tobacco And Nicotine Vapour Products|Anderson Retail Ltd|Active
 Lennox's Convenience Store |140 Church Street, Daltoun,  QC12 6WZ|QC12 6WZ|Corriebeg|Convenience Store|Tobacco Only|Kerr Retail Ltd|Active
Reid's Convenience Store|175 School Road, Torside,  QF6 4ED|QF6 4ED|Fallinmuir|Convenience Store|Tobacco Only|Reid's Convenience Store|Inactive
 Torlaw Service Station |103 Park Avenue, Torlaw,  QE21 4XB|QE21 4XB|Eskbrae|Forecourt Garage|Tobacco And Nicotine Vapour Products|Graham Retail Ltd|Active
 Paterson's Convenience Store |158 Main Street, Newside,  QD20 2UZ|QD20 2UZ|Drumlarach|Convenience Store|Tobacco Only|Paterson's Convenience Store|Active
Newshaws Wines|60 Market Street, Newshaws,  QA4 4JF|QA4 4JF|Aldmoor|Off-Licence|Tobacco And Nicotine Vapour Products|Newshaws Wines|Inactive
Kinlea Wines|59 King Street, Kinlea,  QG31 1ZA|QG31 1ZA|Glenhaven|Off-Licence|Tobacco And Nicotine Vapour Products|Kinlea Wines|Active
Sinclair Newsagents|61 School Road, Glenmains,  QD17 0JU|QD17 0JU|Drumlarach|Confectionary / Tobacconist / Newsagents|Tobacco Only|Sinclair Newsagents|Active
Watt's Convenience Store|159 Bridge Street, Glenmains,  QD17 0SA|QD17 0SA|Drumlarach|Convenience Store|Tobacco And Nicotine Vapour Products|Watt's Convenience Store|Active
Hamilton's Convenience Store|122 Victoria Road, Glentoun,  QD20 6SG|QD20 6SG|Drumlarach|Convenience Store|Tobacco And Nicotine Vapour Products|Hamilton's Convenience Store|Active
Langmains Supermarket|41 Victoria Road, Langmains,  QH38 9YX|QH38 9YX|Harlawmuir|Supermarket and Other Retail Outlets|Tobacco Only|Langmains Supermarket|Active
 Lennox's Convenience Store |138 Victoria Road, Balshaws,  QD18 5WP|QD18 5WP|Drumlarach|Convenience Store|Tobacco Only|Lennox's Convenience Store|Active
Glenmains Hotel|13 Queen Street, Glenmains,  QD17 3BD|QD17 3BD|Drumlarach|Hotel|Tobacco Only|Glenmains Hotel|Active
Kerr Newsagents|136 Mill Lane, Melgate,  QH39 1QB|QH39 1QB|Harlawmuir|Confectionary / Tobacconist / Newsagents|Tobacco Only|Kerr Newsagents|Active
Brown's Convenience Store|4 Park Avenue, Fernmains,  QF26 7SG|QF26 7SG|Fallinmuir|Convenience Store|Tobacco And Nicotine Vapour Products|Brown's Convenience Store|Active
Whinhill Stores|34 Church Street, Whinhill,  QG12 3EE|QG12 3EE|Glenhaven|Other Retail|Tobacco Only|Whinhill Stores|Active
Hamilton's Convenience Store|16 High Street, Ashside,  QC15 1NZ|QC15 1NZ|Corriebeg|Convenience Store|Tobacco And Nicotine Vapour Products|Campbell Retail Ltd|Active
Ashpark Service Station|53 Park Avenue, Ashpark,  QG32 0YX|QG32 0YX|Glenhaven|Forecourt Garage|Tobacco Only|Ashpark Service Station|Active
Torgate Service Station|45 School Road, Torgate,  QC35 6PN|QC35 6PN|Corriebeg|Forecourt Garage|Tobacco And Nicotine Vapour Products|Torgate Service Station|Active
Invercraig Stores|108 Station Road, Invercraig,  QE22 5YZ|QE22 5YZ|Eskbrae|Other Retail|Tobacco Only|Invercraig Stores|Active
Strathholm Stores|126 Queen Street, Strathholm,  QF6 6ZN|QF6 6ZN|Fallinmuir|Other Retail|Tobacco And Nicotine Vapour Products|Kerr Retail Ltd|Active
Reid's Convenience Store|128 Castle Street, Branhaugh,  QE25 9YW|QE25 9YW|Eskbrae|Convenience Store|Tobacco Only|Ferguson Retail Ltd|Active
 Campbell's Convenience Store |16 Harbour Road, Kilholm,  QB7 6HR|QB7 6HR|Brackenlaw|Convenience Store|Tobacco Only|Campbell's Convenience Store|Inactive
Birkford Stores|42 Church Street, Birkford,  QF30 7PN|QF30 7PN|Fallinmuir|Other Retail|Tobacco Only|Birkford Stores|Active
 Birkshaws Supermarket |39 Castle Street, Birkshaws,  QD40 0WH|QD40 0WH|Drumlarach|Supermarket and Other Retail Outlets|Tobacco And Nicotine Vapour Products|Birkshaws Supermarket|Active
Balshaws Stores|178 Harbour Road, Balshaws,  QD18 5ER|QD18 5ER|Drumlarach|Other Retail|Tobacco Only|Murray Retail Ltd|Active
The Glenmains Arms|6 High Street, Glenmains,  QD17 0LH|QD17 0LH|Drumlarach|Public House|Tobacco Only|Lennox Retail Ltd|Inactive
Paterson's Convenience Store|172 Park Avenue, Branford,  QD37 5XX|QD37 5XX|Drumlarach|Convenience Store|Tobacco And Nicotine Vapour Products|Ferguson Retail Ltd|Active
 The Branhaugh Arms |53 Station Road, Branhaugh,  QG11 9AH|QG11 9AH|Glenhaven|Public House|Tobacco And Nicotine Vapour Products|Paterson Retail Ltd|Active
Balcraig Takeaway|32 Castle Street, Balcraig,  QC14 2SQ|QC14 2SQ|Corriebeg|Other Catering|Tobacco Only|Balcraig Takeaway|Active
Branpark Supermarket|33 Market Street, Branpark,  QG35 5UT|QG35 5UT|Glenhaven|Supermarket and Other Retail Outlets|Tobacco Only|Branpark Supermarket|Active
MacLeod's Convenience Store|20 Bridge Street, Strathside,  QF26 2YL|QF26 2YL|Fallinmuir|Convenience Store|Tobacco And Nicotine Vapour Products|MacLeod's Convenience Store|Active
Lochanlaw Stores|87 Station Road, Lochanlaw,  QB10 8TU|QB10 8TU|Brackenlaw|Other Retail|Tobacco And Nicotine Vapour Products|Lochanlaw Stores|Active
Lennox Mobile Shop|41 Harbour Road, Branbrae,  QH36 3YA|QH36 3YA|Harlawmuir|Mobile Trade|Tobacco Only|Lennox Mobile Shop|Inactive
 The Birkpark Arms |134 High Street, Birkpark,  QG32 7JY|QG32 7JY|Glenhaven|Public House|Tobacco Only|The Birkpark Arms|Active
Dunfield Takeaway|106 Harbour Road, Dunfield,  QC32 9YX|QC32 9YX|Corriebeg|Other Catering|Tobacco Only|MacLeod Retail Ltd|Active
Dunlaw Service Station|34 Station Road, Dunlaw,  QH17 0ES|QH17 0ES|Harlawmuir|Forecourt Garage|Tobacco And Nicotine Vapour Products|Dunlaw Service Station|Inactive
Balburn Takeaway|132 High Street, Balburn,  QE23 7JU|QE23 7JU|Eskbrae|Other Catering|Tobacco Only|Graham Retail Ltd|Active
Sinclair's Convenience Store|26 Station Road, Daltoun,  QC12 1NZ|QC12 1NZ|Corriebeg|Convenience Store|Tobacco Only|Duncan Retail Ltd|Active
Anderson's Convenience Store|52 High Street, Strathfield,  QB30 7UQ|QB30 7UQ|Brackenlaw|Convenience Store|Tobacco Only|Anderson's Convenience Store|Inactive
 Dalshaws Wines |28 Main Street, Dalshaws,  QG33 4RQ|QG33 4RQ|Glenhaven|Off-Licence|Tobacco And Nicotine Vapour Products|Dalshaws Wines|Active
Anderson's Convenience Store|52 Castle Street, Newshaws,  QD20 3FX|QD20 3FX|Drumlarach|Convenience Store|Tobacco Only|Anderson's Convenience Store|Inactive
Kerr's Convenience Store|26 Queen Street, Brangate,  QA4 5SL|QA4 5SL|Aldmoor|Convenience Store|Tobacco Only|Graham Retail Ltd|Active
Duncan Newsagents|59 Harbour Road, Langdale,  QE3 2ZR|QE3 2ZR|Eskbrae|Confectionary / Tobacconist / Newsagents|Tobacco And Nicotine Vapour Products|Anderson Retail Ltd|Active
Newlaw Stores|64 Victoria Road, Newlaw,  QA23 2FP|QA23 2FP|Aldmoor|Other Retail|Tobacco Only|Newlaw Stores|Inactive
Graham Mobile Shop|132 Queen Street, Ballaw,  QF7 2NP|QF7 2NP|Fallinmuir|Mobile Trade|Tobacco Only|Sinclair Retail Ltd|Active
Murray's Convenience Store|174 Market Street, Glenbank,  QA1 6ZX|QA1 6ZX|Aldmoor|Convenience Store|Tobacco And Nicotine Vapour Products|Murray Retail Ltd|Active
Kerr's Convenience Store|29 Park Avenue, Birkhill,  QG35 8LT|QG35 8LT|Glenhaven|Convenience Store|Tobacco And Nicotine Vapour Products|Anderson Retail Ltd|Active
Birkwood Supermarket|15 High Street, Birkwood,  QE25 2RQ|QE25 2RQ|Eskbrae|Supermarket and Other Retail Outlets|Tobacco Only|Graham Retail Ltd|Active
Kerr's Convenience Store|93 Park Avenue, Melshaws,  QA3 8HX|QA3 8HX|Aldmoor|Convenience Store|Tobacco Only|Kerr's Convenience Store|Active
 Campbell's Convenience Store |19 King Street, Craiggate,  QF27 4PL|QF27 4PL|Fallinmuir|Convenience Store|Tobacco And Nicotine Vapour Products|Campbell's Convenience Store|Active
Duncan Newsagents|174 Castle Street, Dunmains,  QE4 7YH|QE4 7YH|Eskbrae|Confectionary / Tobacconist / Newsagents|Tobacco Only|Duncan Newsagents|Inactive
Whindale Takeaway|41 Harbour Road, Whindale,  QG53 2YN|QG53 2YN|Glenhaven|Other Catering|Tobacco And Nicotine Vapour Products|Whindale Takeaway|Active
Torshaws Stores|117 Park Avenue, Torshaws,  QB30 4QQ|QB30 4QQ|Brackenlaw|Other Retail|Tobacco And Nicotine Vapour Products|Torshaws Stores|Active
Langshaws Hotel|133 Glebe Road, Langshaws,  QH19 1AL|QH19 1AL|Harlawmuir|Hotel|Tobacco Only|Watt Retail Ltd|Active
Ferguson's Convenience Store|55 Main Street, Craigholm,  QG34 6XH|QG34 6XH|Glenhaven|Convenience Store|Tobacco Only|Ferguson's Convenience Store|Active
Hamilton's Convenience Store|76 Mill Lane, Birkmuir,  QA22 5DY|QA22 5DY|Aldmoor|Convenience Store|Tobacco Only|MacLeod Retail Ltd|Active
Sinclair's Convenience Store|145 Mill Lane, Torholm,  QD38 9WF|QD38 9WF|Drumlarach|Convenience Store|Tobacco And Nicotine Vapour Products|Sinclair's Convenience Store|Inactive
Torgate Supermarket|96 King Street, Torgate,  QC35 6PN|QC35 6PN|Corriebeg|Supermarket and Other Retail Outlets|Tobacco And Nicotine Vapour Products|Kerr Retail Ltd|Active
Campbell's Convenience Store|58 King Street, Invercraig,  QE22 1EY|QE22 1EY|Eskbrae|Convenience Store|Tobacco And Nicotine Vapour Products|Campbell's Convenience Store|Active
Paterson's Convenience Store|75 High Street, Langburn,  QG13 6QS|QG13 6QS|Glenhaven|Convenience Store|Tobacco Only|Duncan Retail Ltd|Active
Kerr Newsagents|89 Market Street, Langburn,  QG13 6ND|QG13 6ND|Glenhaven|Confectionary / Tobacconist / Newsagents|Tobacco And Nicotine Vapour Products|Hamilton Retail Ltd|Active
Anderson Newsagents|22 Market Street, Kinburn,  QE2 6SW|QE2 6SW|Eskbrae|Confectionary / Tobacconist / Newsagents|Tobacco And Nicotine Vapour Products|Anderson Newsagents|Active
 Graham's Convenience Store |125 King Street, Lochanshaws,  QG34 2BR|QG34 2BR|Glenhaven|Convenience Store|Tobacco Only|Graham's Convenience Store|Active
Kinfield Supermarket|42 Main Street, Kinfield,  QD18 4QB|QD18 4QB|Drumlarach|Supermarket and Other Retail Outlets|Tobacco Only|Watt Retail Ltd|Active
 Campbell's Convenience Store |154 Castle Street, Birkford,  QD38 1WE|QD38 1WE|Drumlarach|Convenience Store|Tobacco Only|Anderson Retail Ltd|Active
 Brown's Convenience Store |51 Glebe Road, Birkwood,  QE25 2GQ|QE25 2GQ|Eskbrae|Convenience Store|Tobacco Only|Duncan Retail Ltd|Active
Whindale Hotel|88 Market Street, Whindale,  QB29 7QF|QB29 7QF|Brackenlaw|Hotel|Tobacco Only|Whindale Hotel|Active
Newside Hotel|98 Castle Street, Newside,  QB28 9HH|QB28 9HH|Brackenlaw|Hotel|Tobacco Only|Graham Retail Ltd|Inactive
The Torcraig Arms|90 Station Road, Torcraig,  QB27 2LT|QB27 2LT|Brackenlaw|Public House|Tobacco And Nicotine Vapour Products|Watt Retail Ltd|Inactive
Ferguson's Convenience Store|60 High Street, Inverwood,  QA22 7FD|QA22 7FD|Aldmoor|Convenience Store|Tobacco Only|Ferguson's Convenience Store|Inactive
Strathdale Supermarket|99 Glebe Road, Strathdale,  QE5 5YQ|QE5 5YQ|Eskbrae|Supermarket and Other Retail Outlets|Tobacco Only|Brown Retail Ltd|Active
The Whinhill Arms|177 Main Street, Whinhill,  QG12 8WJ|QG12 8WJ|Glenhaven|Public House|Tobacco Only|The Whinhill Arms|Active
MacLeod's Convenience Store|72 Market Street, Glentoun,  QD20 7HS|QD20 7HS|Drumlarach|Convenience Store|Tobacco Only|MacLeod's Convenience Store|Inactive
Lennox Newsagents|89 Harbour Road, Dalgate,  QH37 8YP|QH37 8YP|Harlawmuir|Confectionary / Tobacconist / Newsagents|Tobacco And Nicotine Vapour Products|Watt Retail Ltd|Active
Kerr Newsagents|85 Church Street, Rossbank,  QC13 7PA|QC13 7PA|Corriebeg|Confectionary / Tobacconist / Newsagents|Tobacco Only|Hamilton Retail Ltd|Active
The Ashwood Arms|81 High Street, Ashwood,  QA5 4UQ|QA5 4UQ|Aldmoor|Public House|Tobacco And Nicotine Vapour Products|Kerr Retail Ltd|Active
 Brandale Supermarket |69 Bridge Street, Brandale,  QG14 5PZ|QG14 5PZ|Glenhaven|Supermarket and Other Retail Outlets|Tobacco And Nicotine Vapour Products|Reid Retail Ltd|Active
Rosshill Supermarket|12 Victoria Road, Rosshill,  QA5 9EG|QA5 9EG|Aldmoor|Supermarket and Other Retail Outlets|Tobacco Only|Rosshill Supermarket|Inactive
Kerr's Convenience Store|119 Market Street, Inverlea,  QB30 9YE|QB30 9YE|Brackenlaw|Convenience Store|Tobacco And Nicotine Vapour Products|Kerr's Convenience Store|Active
Lennox's Convenience Store|82 Church Street, Glenmuir,  QC11 5QQ|QC11 5QQ|Corriebeg|Convenience Store|Tobacco And Nicotine Vapour Products|Graham Retail Ltd|Active
 Murray's Convenience Store |138 Mill Lane, Daltoun,  QD40 0QA|QD40 0QA|Drumlarach|Convenience Store|Tobacco And Nicotine Vapour Products|Murray's Convenience Store|Active
Duncan's Convenience Store|82 Glebe Road, Kildale,  QD49 3HR|QD49 3HR|Drumlarach|Convenience Store|Tobacco And Nicotine Vapour Products|Murray Retail Ltd|Active
Kerr Newsagents|106 School Road, Balburn,  QA21 1ZX|QA21 1ZX|Aldmoor|Confectionary / Tobacconist / Newsagents|Tobacco Only|Kerr Newsagents|Inactive
Whinhaugh Wines|100 Market Street, Whinhaugh,  QA3 7BT|QA3 7BT|Aldmoor|Off-Licence|Tobacco Only|Whinhaugh Wines|Active
Brown's Convenience Store|47 Main Street, Inverhaugh,  QC32 9NY|QC32 9NY|Corriebeg|Convenience Store|Tobacco And Nicotine Vapour Products|Duncan Retail Ltd|Active
Brown Newsagents|124 Glebe Road, Whinburn,  QA1 4BH|QA1 4BH|Aldmoor|Confectionary / Tobacconist / Newsagents|Tobacco Only|Ferguson Retail Ltd|Inactive
The Melwood Arms|144 King Street, Melwood,  QC11 7JP|QC11 7JP|Corriebeg|Public House|Tobacco And Nicotine Vapour Products|The Melwood Arms|Active
Sinclair's Convenience Store|24 Market Street, Melbank,  QB9 1LP|QB9 1LP|Brackenlaw|Convenience Store|Tobacco Only|Murray Retail Ltd|Active
Fernmuir Stores|165 Victoria Road, Fernmuir,  QE1 7YB|QE1 7YB|Eskbrae|Other Retail|Tobacco And Nicotine Vapour Products|Fernmuir Stores|Active
Ashburn Stores|32 Queen Street, Ashburn,  QE24 2DQ|QE24 2DQ|Eskbrae|Other Retail|Tobacco And Nicotine Vapour Products|Ashburn Stores|Active
Reid's Convenience Store|76 Mill Lane, Ashbank,  QD19 4SQ|QD19 4SQ|Drumlarach|Convenience Store|Tobacco And Nicotine Vapour Products|Reid's Convenience Store|Active
Campbell's Convenience Store|93 Mill Lane, Fernshaws,  QF26 3XQ|QF26 3XQ|Fallinmuir|Convenience Store|Tobacco And Nicotine Vapour Products|Campbell Retail Ltd|Active
Lennox's Convenience Store|123 Queen Street, Dunbrae,  QE1 9RZ|QE1 9RZ|Eskbrae|Convenience Store|Tobacco And Nicotine Vapour Products|Lennox's Convenience Store|Active
Lochanmains Supermarket|12 Market Street, Lochanmains,  QF29 2UF|QF29 2UF|Fallinmuir|Supermarket and Other Retail Outlets|Tobacco Only|Lochanmains Supermarket|Active
Reid Newsagents|26 Main Street, Fernmains,  QF26 0SF|QF26 0SF|Fallinmuir|Confectionary / Tobacconist / Newsagents|Tobacco Only|Sinclair Retail Ltd|Active
Hamilton's Convenience Store|22 School Road, Fernmuir,  QE1 7HW|QE1 7HW|Eskbrae|Convenience Store|Tobacco Only|Murray Retail Ltd|Active
Rossbank Stores|81 Main Street, Rossbank,  QC13 7EG|QC13 7EG|Corriebeg|Other Retail|Tobacco Only|Rossbank Stores|Active
Lennox's Convenience Store|7 School Road, Branhaugh,  QE25 6YN|QE25 6YN|Eskbrae|Convenience Store|Tobacco And Nicotine Vapour Products|Reid Retail Ltd|Inactive
Anderson's Convenience Store|173 School Road, Torhill,  QC33 1HF|QC33 1HF|Corriebeg|Convenience Store|Tobacco Only|Brown Retail Ltd|Active
 Birklaw Service Station |98 Main Street, Birklaw,  QD40 7WL|QD40 7WL|Drumlarach|Forecourt Garage|Tobacco Only|Ferguson Retail Ltd|Active
Branford Stores|4 Queen Street, Branford,  QD37 5PT|QD37 5PT|Drumlarach|Other Retail|Tobacco Only|Branford Stores|Active
The Glenpark Arms|82 Castle Street, Glenpark,  QF6 7TR|QF6 7TR|Fallinmuir|Public House|Tobacco And Nicotine Vapour Products|The Glenpark Arms|Active
Glenmuir Wines|19 Station Road, Glenmuir,  QF7 4HX|QF7 4HX|Fallinmuir|Off-Licence|Tobacco Only|Glenmuir Wines|Active
 Strathdale Service Station |75 Bridge Street, Strathdale,  QE5 4FJ|QE5 4FJ|Eskbrae|Forecourt Garage|Tobacco Only|Strathdale Service Station|Active
Hamilton's Convenience Store|165 Bridge Street, Whinwood,  QG11 5EZ|QG11 5EZ|Glenhaven|Convenience Store|Tobacco And Nicotine Vapour Products|Brown Retail Ltd|Inactive
Glenholm Takeaway|157 Victoria Road, Glenholm,  QA24 9PJ|QA24 9PJ|Aldmoor|Other Catering|Tobacco Only|Glenholm Takeaway|Active
Dunmains Wines|164 Castle Street, Dunmains,  QG33 0HW|QG33 0HW|Glenhaven|Off-Licence|Tobacco Only|Dunmains Wines|Active
Glenholm Supermarket|172 Harbour Road, Glenholm,  QB28 6FG|QB28 6FG|Brackenlaw|Supermarket and Other Retail Outlets|Tobacco And Nicotine Vapour Products|Duncan Retail Ltd|Active
Sinclair's Convenience Store|56 Church Street, Torlaw,  QC33 9AB|QC33 9AB|Corriebeg|Convenience Store|Tobacco And Nicotine Vapour Products|Anderson Retail Ltd|Active
Birkhill Stores|32 School Road, Birkhill,  QG35 8ZQ|QG35 8ZQ|Glenhaven|Other Retail|Tobacco Only|Birkhill Stores|Active
 Anderson's Convenience Store |155 Church Street, Rosspark,  QC35 2UF|QC35 2UF|Corriebeg|Convenience Store|Tobacco Only|Anderson's Convenience Store|Active
Dunside Stores|58 Station Road, Dunside,  QD40 4YA|QD40 4YA|Drumlarach|Other Retail|Tobacco Only|Dunside Stores|Inactive
 Brown Newsagents |160 Mill Lane, Langtoun,  QC15 2WN|QC15 2WN|Corriebeg|Confectionary / Tobacconist / Newsagents|Tobacco Only|Brown Newsagents|Active
Dalgate Stores|119 Station Road, Dalgate,  QH37 6PG|QH37 6PG|Harlawmuir|Other Retail|Tobacco Only|Hamilton Retail Ltd|Active
Sinclair's Convenience Store|33 King Street, Dalshaws,  QB26 7RJ|QB26 7RJ|Brackenlaw|Convenience Store|Tobacco Only|Sinclair's Convenience Store|Active
Strathtoun Stores|98 Park Avenue, Strathtoun,  QH37 3YF|QH37 3YF|Harlawmuir|Other Retail|Tobacco Only|Brown Retail Ltd|Inactive
Watt Newsagents|72 Market Street, Langtoun,  QC15 2PQ|QC15 2PQ|Corriebeg|Confectionary / Tobacconist / Newsagents|Tobacco Only|Hamilton Retail Ltd|Active
Sinclair's Convenience Store|91 Mill Lane, Newshaws,  QD55 0HJ|QD55 0HJ|Drumlarach|Convenience Store|Tobacco And Nicotine Vapour Products|Lennox Retail Ltd|Active
Kerr's Convenience Store|177 Castle Street, Torshaws,  QB30 0FR|QB30 0FR|Brackenlaw|Convenience Store|Tobacco And Nicotine Vapour Products|Kerr's Convenience Store|Active
Balburn Takeaway|92 Park Avenue, Balburn,  QE23 7RN|QE23 7RN|Eskbrae|Other Catering|Tobacco And Nicotine Vapour Products|Balburn Takeaway|Inactive
Hamilton's Convenience Store|4 Mill Lane, Meldale,  QC15 3LU|QC15 3LU|Corriebeg|Convenience Store|Tobacco Only|Watt Retail Ltd|Active
Inverwood Takeaway|114 Main Street, Inverwood,  QA22 3HN|QA22 3HN|Aldmoor|Other Catering|Tobacco Only|Inverwood Takeaway|Inactive
MacLeod Newsagents|155 School Road, Fernshaws,  QE24 4QQ|QE24 4QQ|Eskbrae|Confectionary / Tobacconist / Newsagents|Tobacco Only|Watt Retail Ltd|Active
Dunbrae Stores|130 School Road, Dunbrae,  QE1 1SU|QE1 1SU|Eskbrae|Other Retail|Tobacco Only|Murray Retail Ltd|Active
Lochanbank Takeaway|114 Park Avenue, Lochanbank,  QF28 0QW|QF28 0QW|Fallinmuir|Other Catering|Tobacco And Nicotine Vapour Products|Lennox Retail Ltd|Inactive
 Fernlea Stores |49 Harbour Road, Fernlea,  QB8 1WQ|QB8 1WQ|Brackenlaw|Other Retail|Tobacco Only|Fernlea Stores|Active
 Rossshaws Wines |52 Mill Lane, Rossshaws,  QC15 3FP|QC15 3FP|Corriebeg|Off-Licence|Tobacco Only|Watt Retail Ltd|Active
Kilford Stores|16 Park Avenue, Kilford,  QF30 2RQ|QF30 2RQ|Fallinmuir|Other Retail|Tobacco Only|Kilford Stores|Active
Murray's Convenience Store|42 High Street, Rossburn,  QC11 1EU|QC11 1EU|Corriebeg|Convenience Store|Tobacco Only|Murray's Convenience Store|Active
Strathwood Stores|7 Market Street, Strathwood,  QD19 8JE|QD19 8JE|Drumlarach|Other Retail|Tobacco Only|Strathwood Stores|Inactive
Duncan's Convenience Store|173 Bridge Street, Lochanburn,  QD18 4GS|QD18 4GS|Drumlarach|Convenience Store|Tobacco And Nicotine Vapour Products|Duncan's Convenience Store|Active
Murray's Convenience Store|103 Glebe Road, Birklaw,  QD40 7DN|QD40 7DN|Drumlarach|Convenience Store|Tobacco And Nicotine Vapour Products|Brown Retail Ltd|Active
 The Craigbrae Arms |67 Market Street, Craigbrae,  QA4 7BS|QA4 7BS|Aldmoor|Public House|Tobacco Only|Reid Retail Ltd|Inactive
Watt Newsagents|142 Harbour Road, Fernhaugh,  QH39 0ND|QH39 0ND|Harlawmuir|Confectionary / Tobacconist / Newsagents|Tobacco And Nicotine Vapour Products|Watt Newsagents|Active
Campbell's Convenience Store|11 Main Street, Rossbank,  QC13 9UA|QC13 9UA|Corriebeg|Convenience Store|Tobacco And Nicotine Vapour Products|Campbell's Convenience Store|Active
Watt's Convenience Store|68 Park Avenue, Kinwood,  QE5 8SP|QE5 8SP|Eskbrae|Convenience Store|Tobacco Only|Paterson Retail Ltd|Inactive
Murray's Convenience Store|51 High Street, Newside,  QD20 2UW|QD20 2UW|Drumlarach|Convenience Store|Tobacco And Nicotine Vapour Products|Reid Retail Ltd|Active
Dunfield Wines|98 Castle Street, Dunfield,  QC32 9EJ|QC32 9EJ|Corriebeg|Off-Licence|Tobacco And Nicotine Vapour Products|Murray Retail Ltd|Active
Kilhill Hotel|127 Main Street, Kilhill,  QA56 9TS|QA56 9TS|Aldmoor|Hotel|Tobacco And Nicotine Vapour Products|Campbell Retail Ltd|Active
 Lennox's Convenience Store |104 Main Street, Torhill,  QC33 0RU|QC33 0RU|Corriebeg|Convenience Store|Tobacco And Nicotine Vapour Products|Lennox's Convenience Store|Active
Ferguson's Convenience Store|35 Park Avenue, Lochanshaws,  QG34 4UY|QG34 4UY|Glenhaven|Convenience Store|Tobacco And Nicotine Vapour Products|Ferguson's Convenience Store|Active
Campbell's Convenience Store|29 Park Avenue, Dunmains,  QG33 0EH|QG33 0EH|Glenhaven|Convenience Store|Tobacco Only|Campbell's Convenience Store|Active
 Graham's Convenience Store |14 King Street, Glenfield,  QH36 5DR|QH36 5DR|Harlawmuir|Convenience Store|Tobacco Only|Graham's Convenience Store|Inactive
Sinclair's Convenience Store|82 Church Street, Fernlea,  QH38 5UE|QH38 5UE|Harlawmuir|Convenience Store|Tobacco And Nicotine Vapour Products|Sinclair's Convenience Store|Active
Fernlea Service Station|85 Park Avenue, Fernlea,  QH38 9BG|QH38 9BG|Harlawmuir|Forecourt Garage|Tobacco Only|Sinclair Retail Ltd|Active
Strathbrae Supermarket|77 Bridge Street, Strathbrae,  QB28 2RY|QB28 2RY|Brackenlaw|Supermarket and Other Retail Outlets|Tobacco Only|Strathbrae Supermarket|Active
The Langburn Arms|139 Victoria Road, Langburn,  QG13 4RA|QG13 4RA|Glenhaven|Public House|Tobacco And Nicotine Vapour Products|The Langburn Arms|Active
Anderson's Convenience Store|170 High Street, Craiggate,  QH18 2DA|QH18 2DA|Harlawmuir|Convenience Store|Tobacco And Nicotine Vapour Products|Hamilton Retail Ltd|Active
Duncan Newsagents|131 King Street, Strathside,  QF26 7JA|QF26 7JA|Fallinmuir|Confectionary / Tobacconist / Newsagents|Tobacco And Nicotine Vapour Products|Duncan Newsagents|Active
Rossdale Supermarket|81 High Street, Rossdale,  QG14 8AF|QG14 8AF|Glenhaven|Supermarket and Other Retail Outlets|Tobacco And Nicotine Vapour Products|Rossdale Supermarket|Active
Anderson's Convenience Store|54 Main Street, Ashside,  QC15 8SS|QC15 8SS|Corriebeg|Convenience Store|Tobacco And Nicotine Vapour Products|Lennox Retail Ltd|Active
 Dunside Stores |153 School Road, Dunside,  QH40 2WY|QH40 2WY|Harlawmuir|Other Retail|Tobacco And Nicotine Vapour Products|Dunside Stores|Inactive
 Campbell's Convenience Store |64 Castle Street, Newmains,  QD37 0DT|QD37 0DT|Drumlarach|Convenience Store|Tobacco Only|Campbell's Convenience Store|Inactive
Watt's Convenience Store|145 Main Street, Newdale,  QB8 9ZR|QB8 9ZR|Brackenlaw|Convenience Store|Tobacco Only|Sinclair Retail Ltd|Active
Ashburn Service Station|109 Church Street, Ashburn,  QE24 3RJ|QE24 3RJ|Eskbrae|Forecourt Garage|Tobacco Only|Campbell Retail Ltd|Active
Anderson Mobile Shop|32 Glebe Road, Birkmains,  QA25 0WA|QA25 0WA|Aldmoor|Mobile Trade|Tobacco Only|Anderson Mobile Shop|Active
Murray's Convenience Store|61 High Street, Glenford,  QE23 0GP|QE23 0GP|Eskbrae|Convenience Store|Tobacco And Nicotine Vapour Products|Murray's Convenience Store|Active
Paterson's Convenience Store|137 Church Street, Glenholm,  QA24 1LR|QA24 1LR|Aldmoor|Convenience Store|Tobacco And Nicotine Vapour Products|Paterson's Convenience Store|Active
Fernlea Stores|115 Station Road, Fernlea,  QH38 1UW|QH38 1UW|Harlawmuir|Other Retail|Tobacco And Nicotine Vapour Products|Murray Retail Ltd|Active
Torlaw Takeaway|41 Castle Street, Torlaw,  QE21 6DF|QE21 6DF|Eskbrae|Other Catering|Tobacco And Nicotine Vapour Products|Torlaw Takeaway|Active
 Campbell Newsagents |144 King Street, Langford,  QD37 9PD|QD37 9PD|Drumlarach|Confectionary / Tobacconist / Newsagents|Tobacco And Nicotine Vapour Products|Campbell Newsagents|Inactive
Melcraig Wines|126 Glebe Road, Melcraig,  QC12 5GN|QC12 5GN|Corriebeg|Off-Licence|Tobacco Only|Duncan Retail Ltd|Inactive
 Dalshaws Stores |26 Market Street, Dalshaws,  QE23 8PW|QE23 8PW|Eskbrae|Other Retail|Tobacco Only|Dalshaws Stores|Active
Duncan's Convenience Store|72 Mill Lane, Lochanhaugh,  QD20 3JH|QD20 3JH|Drumlarach|Convenience Store|Tobacco Only|Duncan's Convenience Store|Inactive
Kinburn Supermarket|112 Church Street, Kinburn,  QE53 2DY|QE53 2DY|Eskbrae|Supermarket and Other Retail Outlets|Tobacco And Nicotine Vapour Products|Kinburn Supermarket|Active
 The Kinwood Arms |74 Queen Street, Kinwood,  QC32 5NQ|QC32 5NQ|Corriebeg|Public House|Tobacco Only|The Kinwood Arms|Active
Craigbank Service Station|13 School Road, Craigbank,  QC31 2GF|QC31 2GF|Corriebeg|Forecourt Garage|Tobacco Only|Paterson Retail Ltd|Active
Ferguson's Convenience Store|48 Bridge Street, Craiggate,  QF27 0JY|QF27 0JY|Fallinmuir|Convenience Store|Tobacco Only|Ferguson's Convenience Store|Active
Kinwood Service Station|128 Bridge Street, Kinwood,  QC32 5LF|QC32 5LF|Corriebeg|Forecourt Garage|Tobacco Only|Anderson Retail Ltd|Active
Reid's Convenience Store|4 Station Road, Kinfield,  QD18 4UG|QD18 4UG|Drumlarach|Convenience Store|Tobacco Only|Duncan Retail Ltd|Active
Duncan's Convenience Store|10 King Street, Kilhaugh,  QB6 0NY|QB6 0NY|Brackenlaw|Convenience Store|Tobacco And Nicotine Vapour Products|Duncan's Convenience Store|Active
Duncan's Convenience Store|177 Church Street, Langlea,  QA24 3FW|QA24 3FW|Aldmoor|Convenience Store|Tobacco And Nicotine Vapour Products|Duncan's Convenience Store|Active
Strathhill Stores|111 Bridge Street, Strathhill,  QE2 2EW|QE2 2EW|Eskbrae|Other Retail|Tobacco Only|Strathhill Stores|Inactive
Dalmuir Stores|136 High Street, Dalmuir,  QD16 7UD|QD16 7UD|Drumlarach|Other Retail|Tobacco Only|Watt Retail Ltd|Active
Sinclair's Convenience Store|8 Church Street, Fernlaw,  QC34 8BS|QC34 8BS|Corriebeg|Convenience Store|Tobacco Only|Campbell Retail Ltd|Active
 Rosscraig Service Station |46 Harbour Road, Rosscraig,  QA5 0JS|QA5 0JS|Aldmoor|Forecourt Garage|Tobacco And Nicotine Vapour Products|Rosscraig Service Station|Active
Langlea Supermarket|50 Harbour Road, Langlea,  QA24 1WS|QA24 1WS|Aldmoor|Supermarket and Other Retail Outlets|Tobacco And Nicotine Vapour Products|Ferguson Retail Ltd|Active
Ferguson's Convenience Store|134 Main Street, Langfield,  QF9 0AB|QF9 0AB|Fallinmuir|Convenience Store|Tobacco Only|Ferguson Retail Ltd|Inactive
Lennox Newsagents|147 Glebe Road, Balside,  QG32 0PN|QG32 0PN|Glenhaven|Confectionary / Tobacconist / Newsagents|Tobacco Only|Lennox Newsagents|Active
 Balpark Stores |67 High Street, Balpark,  QH18 8XQ|QH18 8XQ|Harlawmuir|Other Retail|Tobacco Only|Paterson Retail Ltd|Active
Ashpark Stores|33 Mill Lane, Ashpark,  QC13 4XN|QC13 4XN|Corriebeg|Other Retail|Tobacco Only|Reid Retail Ltd|Active
The Glenmains Arms|154 Queen Street, Glenmains,  QD17 1LE|QD17 1LE|Drumlarach|Public House|Tobacco Only|Murray Retail Ltd|Active
MacLeod's Convenience Store|153 Park Avenue, Strathfield,  QG34 2XX|QG34 2XX|Glenhaven|Convenience Store|Tobacco Only|MacLeod's Convenience Store|Active
Ashlaw Wines|44 Park Avenue, Ashlaw,  QH16 1JZ|QH16 1JZ|Harlawmuir|Off-Licence|Tobacco Only|Ashlaw Wines|Active
 Graham's Convenience Store |40 Mill Lane, Fernmains,  QF26 7FJ|QF26 7FJ|Fallinmuir|Convenience Store|Tobacco Only|Graham's Convenience Store|Active
Dalgate Stores|131 Station Road, Dalgate,  QH37 6SD|QH37 6SD|Harlawmuir|Other Retail|Tobacco And Nicotine Vapour Products|Dalgate Stores|Active
Dunholm Stores|4 Castle Street, Dunholm,  QF10 0GL|QF10 0GL|Fallinmuir|Other Retail|Tobacco Only|Paterson Retail Ltd|Active
Newside Supermarket|6 Main Street, Newside,  QB28 9ER|QB28 9ER|Brackenlaw|Supermarket and Other Retail Outlets|Tobacco And Nicotine Vapour Products|Newside Supermarket|Active
Lochanlaw Hotel|99 Mill Lane, Lochanlaw,  QB10 8EX|QB10 8EX|Brackenlaw|Hotel|Tobacco Only|Lochanlaw Hotel|Active
Lennox Newsagents|30 Church Street, Brandale,  QG14 5LU|QG14 5LU|Glenhaven|Confectionary / Tobacconist / Newsagents|Tobacco And Nicotine Vapour Products|Lennox Newsagents|Active
Hamilton Newsagents|39 Mill Lane, Dalmuir,  QD16 2WR|QD16 2WR|Drumlarach|Confectionary / Tobacconist / Newsagents|Tobacco Only|Hamilton Newsagents|Active
Watt Mobile Shop|95 Queen Street, Strathholm,  QF6 0EA|QF6 0EA|Fallinmuir|Mobile Trade|Tobacco Only|Brown Retail Ltd|Active
Lochanshaws Hotel|145 Station Road, Lochanshaws,  QG34 3EU|QG34 3EU|Glenhaven|Hotel|Tobacco And Nicotine Vapour Products|Sinclair Retail Ltd|Active
MacLeod's Convenience Store|46 Bridge Street, Kilfield,  QE47 8FL|QE47 8FL|Eskbrae|Convenience Store|Tobacco Only|MacLeod's Convenience Store|Active
Sinclair's Convenience Store|105 Queen Street, Langlea,  QB28 7HD|QB28 7HD|Brackenlaw|Convenience Store|Tobacco And Nicotine Vapour Products|Kerr Retail Ltd|Active
Lennox's Convenience Store|162 Victoria Road, Kinlaw,  QE23 8NP|QE23 8NP|Eskbrae|Convenience Store|Tobacco Only|Lennox's Convenience Store|Inactive
 Craighaugh Supermarket |5 Church Street, Craighaugh,  QH40 7QT|QH40 7QT|Harlawmuir|Supermarket and Other Retail Outlets|Tobacco And Nicotine Vapour Products|Craighaugh Supermarket|Inactive
Kerr Newsagents|176 Church Street, Glenside,  QG54 2US|QG54 2US|Glenhaven|Confectionary / Tobacconist / Newsagents|Tobacco And Nicotine Vapour Products|Kerr Newsagents|Active
Reid's Convenience Store|176 King Street, Kildale,  QD39 2YW|QD39 2YW|Drumlarach|Convenience Store|Tobacco Only|Reid Retail Ltd|Active
Watt's Convenience Store|152 Market Street, Glenwood,  QC31 8BN|QC31 8BN|Corriebeg|Convenience Store|Tobacco Only|Hamilton Retail Ltd|Active
Torgate Takeaway|71 King Street, Torgate,  QC35 6NL|QC35 6NL|Corriebeg|Other Catering|Tobacco Only|Murray Retail Ltd|Active
 Sinclair's Convenience Store |173 Mill Lane, Glenmuir,  QE3 5EJ|QE3 5EJ|Eskbrae|Convenience Store|Tobacco Only|Sinclair's Convenience Store|Active
Branhaugh Takeaway|154 Mill Lane, Branhaugh,  QE25 5LX|QE25 5LX|Eskbrae|Other Catering|Tobacco Only|Branhaugh Takeaway|Active
 Strathside Stores |116 High Street, Strathside,  QF26 7FE|QF26 7FE|Fallinmuir|Other Retail|Tobacco And Nicotine Vapour Products|Strathside Stores|Active
Torburn Service Station|89 Mill Lane, Torburn,  QG32 7LT|QG32 7LT|Glenhaven|Forecourt Garage|Tobacco Only|Torburn Service Station|Active
 Melbrae Service Station |172 School Road, Melbrae,  QB10 4JS|QB10 4JS|Brackenlaw|Forecourt Garage|Tobacco Only|Kerr Retail Ltd|Active
Graham's Convenience Store|176 Glebe Road, Craiggate,  QF27 4PL|QF27 4PL|Fallinmuir|Convenience Store|Tobacco And Nicotine Vapour Products|Graham's Convenience Store|Active
Murray's Convenience Store|120 Harbour Road, Glenford,  QC14 5FY|QC14 5FY|Corriebeg|Convenience Store|Tobacco And Nicotine Vapour Products|Murray's Convenience Store|Active
Watt's Convenience Store|112 Mill Lane, Kilcraig,  QC15 9HF|QC15 9HF|Corriebeg|Convenience Store|Tobacco And Nicotine Vapour Products|Kerr Retail Ltd|Active
Balburn Wines|88 Park Avenue, Balburn,  QE23 4TN|QE23 4TN|Eskbrae|Off-Licence|Tobacco Only|Murray Retail Ltd|Active
Kinlaw Stores|31 Main Street, Kinlaw,  QE23 8DA|QE23 8DA|Eskbrae|Other Retail|Tobacco And Nicotine Vapour Products|Kinlaw Stores|Active
Murray's Convenience Store|64 King Street, Lochanmains,  QF29 0WE|QF29 0WE|Fallinmuir|Convenience Store|Tobacco Only|Murray's Convenience Store|Inactive
Fernshaws Supermarket|108 King Street, Fernshaws,  QE24 4NA|QE24 4NA|Eskbrae|Supermarket and Other Retail Outlets|Tobacco And Nicotine Vapour Products|Fernshaws Supermarket|Active
Hamilton's Convenience Store|146 Castle Street, Dunbank,  QG13 9GL|QG13 9GL|Glenhaven|Convenience Store|Tobacco Only|Hamilton's Convenience Store|Active
Reid's Convenience Store|126 High Street, Birkcraig,  QB26 2NJ|QB26 2NJ|Brackenlaw|Convenience Store|Tobacco Only|Reid's Convenience Store|Active
Ferguson's Convenience Store|138 Main Street, Balside,  QD38 6WR|QD38 6WR|Drumlarach|Convenience Store|Tobacco And Nicotine Vapour Products|Ferguson's Convenience Store|Active
The Dunholm Arms|149 Station Road, Dunholm,  QF10 0BR|QF10 0BR|Fallinmuir|Public House|Tobacco Only|The Dunholm Arms|Active
Kerr's Convenience Store|166 Queen Street, Strathside,  QF26 2SS|QF26 2SS|Fallinmuir|Convenience Store|Tobacco Only|Kerr's Convenience Store|Active
Campbell's Convenience Store|104 Station Road, Kilhaugh,  QB6 0ZA|QB6 0ZA|Brackenlaw|Convenience Store|Tobacco Only|Campbell Retail Ltd|Active
Anderson Newsagents|97 Bridge Street, Melfield,  QB8 6UT|QB8 6UT|Brackenlaw|Confectionary / Tobacconist / Newsagents|Tobacco And Nicotine Vapour Products|Brown Retail Ltd|Active
Ferguson's Convenience Store|83 Bridge Street, Newside,  QD20 2AN|QD20 2AN|Drumlarach|Convenience Store|Tobacco And Nicotine Vapour Products|Ferguson's Convenience Store|Active
Whinwood Supermarket|176 Mill Lane, Whinwood,  QG11 8HL|QG11 8HL|Glenhaven|Supermarket and Other Retail Outlets|Tobacco Only|Whinwood Supermarket|Inactive
Melshaws Service Station|173 Castle Street, Melshaws,  QA3 3DG|QA3 3DG|Aldmoor|Forecourt Garage|Tobacco Only|Melshaws Service Station|Active
Rosspark Service Station|137 Park Avenue, Rosspark,  QC35 7YJ|QC35 7YJ|Corriebeg|Forecourt Garage|Tobacco Only|Watt Retail Ltd|Active
Anderson's Convenience Store|24 School Road, Duncraig,  QD19 1ZU|QD19 1ZU|Drumlarach|Convenience Store|Tobacco And Nicotine Vapour Products|Anderson's Convenience Store|Active
Balburn Supermarket|73 King Street, Balburn,  QE23 4EN|QE23 4EN|Eskbrae|Supermarket and Other Retail Outlets|Tobacco And Nicotine Vapour Products|Hamilton Retail Ltd|Active
Brown's Convenience Store|24 Church Street, Glenpark,  QF6 9HZ|QF6 9HZ|Fallinmuir|Convenience Store|Tobacco Only|Ferguson Retail Ltd|Active
 Kerr's Convenience Store |15 Glebe Road, Fernmuir,  QE1 2YF|QE1 2YF|Eskbrae|Convenience Store|Tobacco And Nicotine Vapour Products|Kerr's Convenience Store|Active
Watt's Convenience Store|65 Park Avenue, Langtoun,  QC15 1TP|QC15 1TP|Corriebeg|Convenience Store|Tobacco Only|Watt's Convenience Store|Active
Paterson Newsagents|127 Queen Street, Lochanlea,  QA23 9PB|QA23 9PB|Aldmoor|Confectionary / Tobacconist / Newsagents|Tobacco And Nicotine Vapour Products|Kerr Retail Ltd|Active
 Rossshaws Wines |175 King Street, Rossshaws,  QC15 1GR|QC15 1GR|Corriebeg|Off-Licence|Tobacco Only|Duncan Retail Ltd|Inactive
Watt Mobile Shop|27 Park Avenue, Rosspark,  QC35 7FZ|QC35 7FZ|Corriebeg|Mobile Trade|Tobacco Only|Sinclair Retail Ltd|Active
The Lochantoun Arms|80 King Street, Lochantoun,  QF29 5RY|QF29 5RY|Fallinmuir|Public House|Tobacco And Nicotine Vapour Products|The Lochantoun Arms|Active
 Ferguson's Convenience Store |153 School Road, Glenholm,  QA24 9HL|QA24 9HL|Aldmoor|Convenience Store|Tobacco And Nicotine Vapour Products|Ferguson's Convenience Store|Active
The Rossdale Arms|69 School Road, Rossdale,  QB30 1HJ|QB30 1HJ|Brackenlaw|Public House|Tobacco And Nicotine Vapour Products|The Rossdale Arms|Active
Inverlea Wines|64 Castle Street, Inverlea,  QD37 7XQ|QD37 7XQ|Drumlarach|Off-Licence|Tobacco Only|Kerr Retail Ltd|Active
Anderson Newsagents|116 Mill Lane, Melshaws,  QA3 6QP|QA3 6QP|Aldmoor|Confectionary / Tobacconist / Newsagents|Tobacco And Nicotine Vapour Products|Anderson Newsagents|Active
Watt's Convenience Store|11 Church Street, Torshaws,  QB30 6HL|QB30 6HL|Brackenlaw|Convenience Store|Tobacco Only|Watt's Convenience Store|Active
Newside Hotel|60 Glebe Road, Newside,  QB28 3DT|QB28 3DT|Brackenlaw|Hotel|Tobacco Only|Campbell Retail Ltd|Active
Brown's Convenience Store|90 Station Road, Birkshaws,  QH17 0SL|QH17 0SL|Harlawmuir|Convenience Store|Tobacco Only|Brown's Convenience Store|Inactive
Rosslea Service Station|63 King Street, Rosslea,  QG11 6BE|QG11 6BE|Glenhaven|Forecourt Garage|Tobacco Only|Rosslea Service Station|Active
Strathfield Stores|179 Park Avenue, Strathfield,  QB30 5QB|QB30 5QB|Brackenlaw|Other Retail|Tobacco And Nicotine Vapour Products|Strathfield Stores|Active
Brown's Convenience Store|52 Victoria Road, Balside,  QG32 1XL|QG32 1XL|Glenhaven|Convenience Store|Tobacco And Nicotine Vapour Products|Brown's Convenience Store|Active
Rossford Stores|170 King Street, Rossford,  QD36 9FP|QD36 9FP|Drumlarach|Other Retail|Tobacco Only|Rossford Stores|Active
 The Lochanshaws Arms |110 Queen Street, Lochanshaws,  QG34 3BL|QG34 3BL|Glenhaven|Public House|Tobacco Only|Graham Retail Ltd|Active
MacLeod's Convenience Store|36 Castle Street, Torhill,  QC33 1FU|QC33 1FU|Corriebeg|Convenience Store|Tobacco Only|MacLeod's Convenience Store|Active
Torgate Hotel|96 Bridge Street, Torgate,  QC35 5EJ|QC35 5EJ|Corriebeg|Hotel|Tobacco Only|Sinclair Retail Ltd|Active
 Paterson Newsagents |35 King Street, Newhaugh,  QE21 6HR|QE21 6HR|Eskbrae|Confectionary / Tobacconist / Newsagents|Tobacco Only|Paterson Newsagents|Active
Kilgate Supermarket|39 School Road, Kilgate,  QA4 2JX|QA4 2JX|Aldmoor|Supermarket and Other Retail Outlets|Tobacco Only|Brown Retail Ltd|Active
Glengate Stores|53 Market Street, Glengate,  QA4 3DP|QA4 3DP|Aldmoor|Other Retail|Tobacco Only|Glengate Stores|Active
Reid's Convenience Store|11 High Street, Duncraig,  QD19 1BP|QD19 1BP|Drumlarach|Convenience Store|Tobacco Only|Paterson Retail Ltd|Inactive
Ballaw Supermarket|59 Church Street, Ballaw,  QF7 8UA|QF7 8UA|Fallinmuir|Supermarket and Other Retail Outlets|Tobacco And Nicotine Vapour Products|Anderson Retail Ltd|Active
The Dunfield Arms|87 Victoria Road, Dunfield,  QG33 0NJ|QG33 0NJ|Glenhaven|Public House|Tobacco Only|Murray Retail Ltd|Active
Melfield Wines|105 Queen Street, Melfield,  QB8 5PR|QB8 5PR|Brackenlaw|Off-Licence|Tobacco And Nicotine Vapour Products|Graham Retail Ltd|Active
Watt's Convenience Store|95 Station Road, Melbrae,  QB10 4UL|QB10 4UL|Brackenlaw|Convenience Store|Tobacco Only|Watt's Convenience Store|Active
Rossside Wines|37 Mill Lane, Rossside,  QH17 4PD|QH17 4PD|Harlawmuir|Off-Licence|Tobacco Only|Graham Retail Ltd|Inactive
Branhaugh Wines|107 Mill Lane, Branhaugh,  QE25 9PE|QE25 9PE|Eskbrae|Off-Licence|Tobacco And Nicotine Vapour Products|Branhaugh Wines|Active
Anderson Newsagents|79 Station Road, Craighill,  QC35 3EY|QC35 3EY|Corriebeg|Confectionary / Tobacconist / Newsagents|Tobacco Only|Hamilton Retail Ltd|Active
Fernshaws Stores|89 Harbour Road, Fernshaws,  QF26 4HB|QF26 4HB|Fallinmuir|Other Retail|Tobacco Only|Fernshaws Stores|Active
Fernshaws Stores|105 Mill Lane, Fernshaws,  QF26 4DA|QF26 4DA|Fallinmuir|Other Retail|Tobacco And Nicotine Vapour Products|Graham Retail Ltd|Active
Rossbank Wines|30 Bridge Street, Rossbank,  QC13 3YJ|QC13 3YJ|Corriebeg|Off-Licence|Tobacco Only|Graham Retail Ltd|Active
Brown's Convenience Store|169 Main Street, Langmains,  QG13 0JN|QG13 0JN|Glenhaven|Convenience Store|Tobacco Only|Reid Retail Ltd|Active
Ashlea Service Station|105 School Road, Ashlea,  QD18 6UG|QD18 6UG|Drumlarach|Forecourt Garage|Tobacco And Nicotine Vapour Products|Ashlea Service Station|Inactive
Glenmains Stores|61 King Street, Glenmains,  QD17 0GQ|QD17 0GQ|Drumlarach|Other Retail|Tobacco And Nicotine Vapour Products|Glenmains Stores|Active
Campbell Newsagents|13 Main Street, Mellea,  QC33 9YW|QC33 9YW|Corriebeg|Confectionary / Tobacconist / Newsagents|Tobacco And Nicotine Vapour Products|Anderson Retail Ltd|Inactive
Paterson Newsagents|108 Station Road, Dunside,  QD40 5WA|QD40 5WA|Drumlarach|Confectionary / Tobacconist / Newsagents|Tobacco And Nicotine Vapour Products|Paterson Newsagents|Active
Kilgate Service Station|174 Station Road, Kilgate,  QA23 3LX|QA23 3LX|Aldmoor|Forecourt Garage|Tobacco And Nicotine Vapour Products|Kerr Retail Ltd|Active
Birkwood Supermarket|71 Church Street, Birkwood,  QE25 3BG|QE25 3BG|Eskbrae|Supermarket and Other Retail Outlets|Tobacco Only|Birkwood Supermarket|Active
Strathdale Stores|128 Park Avenue, Strathdale,  QE24 5LB|QE24 5LB|Eskbrae|Other Retail|Tobacco Only|Strathdale Stores|Active
Sinclair's Convenience Store|108 High Street, Inverholm,  QD38 0FW|QD38 0FW|Drumlarach|Convenience Store|Tobacco Only|Kerr Retail Ltd|Active
Kerr's Convenience Store|132 Harbour Road, Birkshaws,  QD56 6XG|QD56 6XG|Drumlarach|Convenience Store|Tobacco And Nicotine Vapour Products|MacLeod Retail Ltd|Active
MacLeod's Convenience Store|125 Market Street, Glengate,  QA4 0DA|QA4 0DA|Aldmoor|Convenience Store|Tobacco Only|MacLeod's Convenience Store|Inactive
Kerr's Convenience Store|84 Glebe Road, Dundale,  QE22 1UU|QE22 1UU|Eskbrae|Convenience Store|Tobacco Only|Kerr's Convenience Store|Inactive
Glenlaw Supermarket|116 Station Road, Glenlaw,  QG14 3UP|QG14 3UP|Glenhaven|Supermarket and Other Retail Outlets|Tobacco And Nicotine Vapour Products|Glenlaw Supermarket|Active
Ferguson's Convenience Store|169 Market Street, Strathlaw,  QB10 1BZ|QB10 1BZ|Brackenlaw|Convenience Store|Tobacco Only|Ferguson's Convenience Store|Active
Dalshaws Takeaway|95 Market Street, Dalshaws,  QG33 4UQ|QG33 4UQ|Glenhaven|Other Catering|Tobacco Only|Sinclair Retail Ltd|Active
The Dalburn Arms|152 School Road, Dalburn,  QH40 2EQ|QH40 2EQ|Harlawmuir|Public House|Tobacco Only|Ferguson Retail Ltd|Active
Glenford Wines|9 Harbour Road, Glenford,  QC14 5LU|QC14 5LU|Corriebeg|Off-Licence|Tobacco Only|Kerr Retail Ltd|Active
Brown's Convenience Store|29 Park Avenue, Kinshaws,  QF9 0DZ|QF9 0DZ|Fallinmuir|Convenience Store|Tobacco Only|Murray Retail Ltd|Active
Rosstoun Wines|143 Park Avenue, Rosstoun,  QH37 8DN|QH37 8DN|Harlawmuir|Off-Licence|Tobacco Only|Rosstoun Wines|Active
Rossburn Supermarket|45 High Street, Rossburn,  QD16 3EW|QD16 3EW|Drumlarach|Supermarket and Other Retail Outlets|Tobacco Only|Ferguson Retail Ltd|Active
Watt's Convenience Store|140 High Street, Torshaws,  QH20 8GG|QH20 8GG|Harlawmuir|Convenience Store|Tobacco And Nicotine Vapour Products|MacLeod Retail Ltd|Active
Lennox's Convenience Store|46 Harbour Road, Ashbrae,  QD17 1NY|QD17 1NY|Drumlarach|Convenience Store|Tobacco Only|Lennox's Convenience Store|Inactive
Strathtoun Stores|54 Park Avenue, Strathtoun,  QH17 3LF|QH17 3LF|Harlawmuir|Other Retail|Tobacco Only|Strathtoun Stores|Active
Paterson's Convenience Store|138 Glebe Road, Lochanlaw,  QB10 8DT|QB10 8DT|Brackenlaw|Convenience Store|Tobacco And Nicotine Vapour Products|Paterson's Convenience Store|Active
 Glenfield Wines |54 King Street, Glenfield,  QB9 1JF|QB9 1JF|Brackenlaw|Off-Licence|Tobacco And Nicotine Vapour Products|Glenfield Wines|Active
Paterson's Convenience Store|152 Queen Street, Glengate,  QA4 3GY|QA4 3GY|Aldmoor|Convenience Store|Tobacco And Nicotine Vapour Products|Reid Retail Ltd|Active
Langbank Wines|24 School Road, Langbank,  QE5 5LS|QE5 5LS|Eskbrae|Off-Licence|Tobacco And Nicotine Vapour Products|Lennox Retail Ltd|Active
Balcraig Supermarket|129 Station Road, Balcraig,  QC14 0LE|QC14 0LE|Corriebeg|Supermarket and Other Retail Outlets|Tobacco Only|Balcraig Supermarket|Active
Brown Newsagents|151 Station Road, Rossgate,  QA23 1JD|QA23 1JD|Aldmoor|Confectionary / Tobacconist / Newsagents|Tobacco Only|Hamilton Retail Ltd|Active
Sinclair's Convenience Store|136 High Street, Craigbank,  QC14 6NA|QC14 6NA|Corriebeg|Convenience Store|Tobacco And Nicotine Vapour Products|Campbell Retail Ltd|Active
Sinclair's Convenience Store|120 Mill Lane, Craigtoun,  QD20 3RZ|QD20 3RZ|Drumlarach|Convenience Store|Tobacco Only|Sinclair's Convenience Store|Active
Fernholm Wines|97 Church Street, Fernholm,  QD38 2XU|QD38 2XU|Drumlarach|Off-Licence|Tobacco And Nicotine Vapour Products|Fernholm Wines|Active
Hamilton's Convenience Store|121 Church Street, Whinshaws,  QC35 3HH|QC35 3HH|Corriebeg|Convenience Store|Tobacco And Nicotine Vapour Products|Hamilton's Convenience Store|Active
The Kilgate Arms|72 Castle Street, Kilgate,  QA23 8JJ|QA23 8JJ|Aldmoor|Public House|Tobacco And Nicotine Vapour Products|The Kilgate Arms|Active
Branhaugh Supermarket|137 Market Street, Branhaugh,  QE25 9PT|QE25 9PT|Eskbrae|Supermarket and Other Retail Outlets|Tobacco And Nicotine Vapour Products|Branhaugh Supermarket|Active
Balshaws Stores|171 School Road, Balshaws,  QD18 5EQ|QD18 5EQ|Drumlarach|Other Retail|Tobacco Only|Balshaws Stores|Active
Dunlaw Service Station|141 King Street, Dunlaw,  QH17 0AN|QH17 0AN|Harlawmuir|Forecourt Garage|Tobacco And Nicotine Vapour Products|Dunlaw Service Station|Active
Newside Service Station|90 High Street, Newside,  QD20 2WE|QD20 2WE|Drumlarach|Forecourt Garage|Tobacco Only|Paterson Retail Ltd|Active
Strathholm Wines|60 School Road, Strathholm,  QF6 1BJ|QF6 1BJ|Fallinmuir|Off-Licence|Tobacco And Nicotine Vapour Products|Strathholm Wines|Active
Glenwood Hotel|168 Queen Street, Glenwood,  QC31 3NY|QC31 3NY|Corriebeg|Hotel|Tobacco Only|Watt Retail Ltd|Active
Fernlaw Wines|140 Bridge Street, Fernlaw,  QC34 2FY|QC34 2FY|Corriebeg|Off-Licence|Tobacco And Nicotine Vapour Products|Kerr Retail Ltd|Inactive
Watt's Convenience Store|83 Glebe Road, Langmains,  QG13 2WS|QG13 2WS|Glenhaven|Convenience Store|Tobacco And Nicotine Vapour Products|Watt's Convenience Store|Active
Reid Newsagents|5 Castle Street, Birkfield,  QF8 4DQ|QF8 4DQ|Fallinmuir|Confectionary / Tobacconist / Newsagents|Tobacco Only|Reid Newsagents|Inactive
Murray's Convenience Store|33 King Street, Fernshaws,  QF26 9LB|QF26 9LB|Fallinmuir|Convenience Store|Tobacco Only|Hamilton Retail Ltd|Active
MacLeod Newsagents|126 King Street, Fernlea,  QH38 1GS|QH38 1GS|Harlawmuir|Confectionary / Tobacconist / Newsagents|Tobacco And Nicotine Vapour Products|MacLeod Newsagents|Active
Reid Mobile Shop|117 Park Avenue, Langfield,  QA24 0FZ|QA24 0FZ|Aldmoor|Mobile Trade|Tobacco And Nicotine Vapour Products|Graham Retail Ltd|Active
 Watt's Convenience Store |14 King Street, Rossside,  QE2 3NP|QE2 3NP|Eskbrae|Convenience Store|Tobacco Only|Watt's Convenience Store|Active
Torlaw Service Station|165 Queen Street, Torlaw,  QC32 0TE|QC32 0TE|Corriebeg|Forecourt Garage|Tobacco Only|Watt Retail Ltd|Active
 Ferguson's Convenience Store |114 King Street, Torholm,  QD38 3LF|QD38 3LF|Drumlarach|Convenience Store|Tobacco And Nicotine Vapour Products|Sinclair Retail Ltd|Active
Whinburn Takeaway|145 Main Street, Whinburn,  QA1 4YT|QA1 4YT|Aldmoor|Other Catering|Tobacco Only|Reid Retail Ltd|Active
Dunside Stores|29 Harbour Road, Dunside,  QD40 0UT|QD40 0UT|Drumlarach|Other Retail|Tobacco And Nicotine Vapour Products|Graham Retail Ltd|Active
Lochanshaws Stores|107 School Road, Lochanshaws,  QG34 3FN|QG34 3FN|Glenhaven|Other Retail|Tobacco And Nicotine Vapour Products|MacLeod Retail Ltd|Active
 Anderson's Convenience Store |81 Market Street, Ashbrae,  QF8 6US|QF8 6US|Fallinmuir|Convenience Store|Tobacco And Nicotine Vapour Products|Anderson's Convenience Store|Inactive
Ferguson's Convenience Store|111 Park Avenue, Birkshaws,  QD40 5LT|QD40 5LT|Drumlarach|Convenience Store|Tobacco And Nicotine Vapour Products|Ferguson's Convenience Store|Active
Anderson's Convenience Store|124 High Street, Whinpark,  QB9 3YE|QB9 3YE|Brackenlaw|Convenience Store|Tobacco And Nicotine Vapour Products|Reid Retail Ltd|Active
Killaw Stores|17 Glebe Road, Killaw,  QC34 7RN|QC34 7RN|Corriebeg|Other Retail|Tobacco And Nicotine Vapour Products|Watt Retail Ltd|Active
Dalshaws Service Station|171 Castle Street, Dalshaws,  QG33 4UE|QG33 4UE|Glenhaven|Forecourt Garage|Tobacco Only|Campbell Retail Ltd|Active
Graham's Convenience Store|145 School Road, Dalshaws,  QE23 9PT|QE23 9PT|Eskbrae|Convenience Store|Tobacco Only|Graham's Convenience Store|Inactive
Sinclair Newsagents|113 Main Street, Rosshill,  QF29 0SY|QF29 0SY|Fallinmuir|Confectionary / Tobacconist / Newsagents|Tobacco And Nicotine Vapour Products|Sinclair Newsagents|Inactive
Fernmuir Service Station|62 Victoria Road, Fernmuir,  QE1 7PQ|QE1 7PQ|Eskbrae|Forecourt Garage|Tobacco Only|Campbell Retail Ltd|Active
Paterson Newsagents|1 Victoria Road, Langburn,  QG13 3NF|QG13 3NF|Glenhaven|Confectionary / Tobacconist / Newsagents|Tobacco Only|Paterson Newsagents|Active
Paterson's Convenience Store|152 Bridge Street, Dunfield,  QG33 8HF|QG33 8HF|Glenhaven|Convenience Store|Tobacco Only|Paterson's Convenience Store|Active
Hamilton Newsagents|66 Market Street, Melhaugh,  QH20 4SB|QH20 4SB|Harlawmuir|Confectionary / Tobacconist / Newsagents|Tobacco And Nicotine Vapour Products|Watt Retail Ltd|Inactive
Reid's Convenience Store|28 Harbour Road, Newlea,  QE22 8LF|QE22 8LF|Eskbrae|Convenience Store|Tobacco And Nicotine Vapour Products|Campbell Retail Ltd|Active
MacLeod Newsagents|109 Harbour Road, Branbank,  QE22 3XE|QE22 3XE|Eskbrae|Confectionary / Tobacconist / Newsagents|Tobacco Only|MacLeod Newsagents|Inactive
Ferguson's Convenience Store|48 Castle Street, Glenholm,  QB8 1FE|QB8 1FE|Brackenlaw|Convenience Store|Tobacco Only|Ferguson's Convenience Store|Inactive
 Whinlaw Service Station |89 Castle Street, Whinlaw,  QA22 4BW|QA22 4BW|Aldmoor|Forecourt Garage|Tobacco Only|Whinlaw Service Station|Active
The Torlaw Arms|45 Market Street, Torlaw,  QC33 9LQ|QC33 9LQ|Corriebeg|Public House|Tobacco Only|The Torlaw Arms|Inactive
Newdale Supermarket|38 Glebe Road, Newdale,  QB8 3AG|QB8 3AG|Brackenlaw|Supermarket and Other Retail Outlets|Tobacco Only|Newdale Supermarket|Active
Brandale Service Station|148 Victoria Road, Brandale,  QG14 5JY|QG14 5JY|Glenhaven|Forecourt Garage|Tobacco And Nicotine Vapour Products|Brandale Service Station|Active
Rossside Supermarket|48 Queen Street, Rossside,  QH17 4SS|QH17 4SS|Harlawmuir|Supermarket and Other Retail Outlets|Tobacco Only|Duncan Retail Ltd|Active
MacLeod's Convenience Store|10 Glebe Road, Rossford,  QH16 6LJ|QH16 6LJ|Harlawmuir|Convenience Store|Tobacco And Nicotine Vapour Products|MacLeod's Convenience Store|Active
Lochanburn Supermarket|176 Victoria Road, Lochanburn,  QD18 4GH|QD18 4GH|Drumlarach|Supermarket and Other Retail Outlets|Tobacco Only|Lochanburn Supermarket|Inactive
Campbell's Convenience Store|152 Queen Street, Langlea,  QA24 2YN|QA24 2YN|Aldmoor|Convenience Store|Tobacco And Nicotine Vapour Products|Campbell's Convenience Store|Active
Watt's Convenience Store|93 School Road, Glenholm,  QB28 2EL|QB28 2EL|Brackenlaw|Convenience Store|Tobacco Only|Lennox Retail Ltd|Active
 Paterson's Convenience Store |117 Bridge Street, Inverdale,  QF8 0WH|QF8 0WH|Fallinmuir|Convenience Store|Tobacco And Nicotine Vapour Products|Paterson's Convenience Store|Inactive
Paterson's Convenience Store|119 Church Street, Birkbrae,  QA2 8JU|QA2 8JU|Aldmoor|Convenience Store|Tobacco Only|Paterson's Convenience Store|Active
Kildale Service Station|73 Glebe Road, Kildale,  QB9 3WD|QB9 3WD|Brackenlaw|Forecourt Garage|Tobacco Only|Kerr Retail Ltd|Active
Newside Takeaway|146 Castle Street, Newside,  QD20 2FS|QD20 2FS|Drumlarach|Other Catering|Tobacco And Nicotine Vapour Products|Anderson Retail Ltd|Active
Melburn Hotel|1 Park Avenue, Melburn,  QA21 4ET|QA21 4ET|Aldmoor|Hotel|Tobacco Only|Melburn Hotel|Inactive
Anderson's Convenience Store|67 Castle Street, Rossburn,  QD16 3YL|QD16 3YL|Drumlarach|Convenience Store|Tobacco And Nicotine Vapour Products|Anderson's Convenience Store|Active
Langford Supermarket|38 Queen Street, Langford,  QB7 8DP|QB7 8DP|Brackenlaw|Supermarket and Other Retail Outlets|Tobacco Only|Langford Supermarket|Inactive
The Melwood Arms|37 Church Street, Melwood,  QF9 2BB|QF9 2BB|Fallinmuir|Public House|Tobacco Only|Anderson Retail Ltd|Active
Paterson's Convenience Store|144 Queen Street, Branbank,  QE22 2FS|QE22 2FS|Eskbrae|Convenience Store|Tobacco Only|Paterson's Convenience Store|Active
MacLeod's Convenience Store|145 Mill Lane, Strathdale,  QE5 5ZT|QE5 5ZT|Eskbrae|Convenience Store|Tobacco Only|Sinclair Retail Ltd|Inactive
Anderson's Convenience Store|72 Market Street, Whindale,  QB29 7XQ|QB29 7XQ|Brackenlaw|Convenience Store|Tobacco Only|Anderson's Convenience Store|Active
Sinclair's Convenience Store|85 Church Street, Kilhill,  QA1 5LJ|QA1 5LJ|Aldmoor|Convenience Store|Tobacco And Nicotine Vapour Products|Sinclair's Convenience Store|Active
Lennox Newsagents|26 Victoria Road, Lochanfield,  QF29 6ZR|QF29 6ZR|Fallinmuir|Confectionary / Tobacconist / Newsagents|Tobacco Only|Lennox Newsagents|Active
Murray's Convenience Store|43 King Street, Baltoun,  QE2 4WL|QE2 4WL|Eskbrae|Convenience Store|Tobacco And Nicotine Vapour Products|Murray's Convenience Store|Active
Brown's Convenience Store|114 Castle Street, Kilgate,  QA23 3TJ|QA23 3TJ|Aldmoor|Convenience Store|Tobacco And Nicotine Vapour Products|Kerr Retail Ltd|Active
The Lochanhaugh Arms|61 Harbour Road, Lochanhaugh,  QD46 5TS|QD46 5TS|Drumlarach|Public House|Tobacco And Nicotine Vapour Products|The Lochanhaugh Arms|Active
 Anderson Mobile Shop |137 High Street, Whinhaugh,  QH38 5XQ|QH38 5XQ|Harlawmuir|Mobile Trade|Tobacco Only|Murray Retail Ltd|Inactive
Lennox Mobile Shop|91 Bridge Street, Dunmains,  QG33 8AT|QG33 8AT|Glenhaven|Mobile Trade|Tobacco Only|Lennox Mobile Shop|Active
Fernshaws Stores|141 High Street, Fernshaws,  QF26 5HQ|QF26 5HQ|Fallinmuir|Other Retail|Tobacco And Nicotine Vapour Products|Fernshaws Stores|Active
 Kilhill Supermarket |17 Station Road, Kilhill,  QA25 4YX|QA25 4YX|Aldmoor|Supermarket and Other Retail Outlets|Tobacco Only|Kilhill Supermarket|Active
Balshaws Service Station|128 High Street, Balshaws,  QD18 5PX|QD18 5PX|Drumlarach|Forecourt Garage|Tobacco Only|Balshaws Service Station|Active
Craighill Service Station|105 Queen Street, Craighill,  QC35 3HS|QC35 3HS|Corriebeg|Forecourt Garage|Tobacco And Nicotine Vapour Products|Brown Retail Ltd|Active
 The Ashbank Arms |110 High Street, Ashbank,  QD19 4RY|QD19 4RY|Drumlarach|Public House|Tobacco Only|The Ashbank Arms|Active
Kerr's Convenience Store|46 School Road, Craiggate,  QF27 8PF|QF27 8PF|Fallinmuir|Convenience Store|Tobacco Only|Kerr's Convenience Store|Active
The Whintoun Arms|138 Queen Street, Whintoun,  QF28 3GJ|QF28 3GJ|Fallinmuir|Public House|Tobacco Only|The Whintoun Arms|Active
Torhill Supermarket|158 School Road, Torhill,  QC33 0PW|QC33 0PW|Corriebeg|Supermarket and Other Retail Outlets|Tobacco Only|Graham Retail Ltd|Active
Graham's Convenience Store|158 Station Road, Glenpark,  QF6 0SF|QF6 0SF|Fallinmuir|Convenience Store|Tobacco And Nicotine Vapour Products|Paterson Retail Ltd|Active
The Rossmains Arms|99 Market Street, Rossmains,  QF7 1ZE|QF7 1ZE|Fallinmuir|Public House|Tobacco And Nicotine Vapour Products|The Rossmains Arms|Active
The Newbank Arms|97 Victoria Road, Newbank,  QF10 2AE|QF10 2AE|Fallinmuir|Public House|Tobacco Only|The Newbank Arms|Active
Graham Newsagents|79 Victoria Road, Rossshaws,  QC15 1ES|QC15 1ES|Corriebeg|Confectionary / Tobacconist / Newsagents|Tobacco And Nicotine Vapour Products|Graham Newsagents|Inactive
Strathlaw Takeaway|19 Market Street, Strathlaw,  QB10 0BP|QB10 0BP|Brackenlaw|Other Catering|Tobacco Only|Strathlaw Takeaway|Active
Melhill Takeaway|84 Bridge Street, Melhill,  QC14 4QA|QC14 4QA|Corriebeg|Other Catering|Tobacco Only|Melhill Takeaway|Active
 Rossmains Supermarket |64 Victoria Road, Rossmains,  QF7 1WF|QF7 1WF|Fallinmuir|Supermarket and Other Retail Outlets|Tobacco And Nicotine Vapour Products|Rossmains Supermarket|Active
Fernshaws Stores|168 King Street, Fernshaws,  QE24 9HG|QE24 9HG|Eskbrae|Other Retail|Tobacco Only|Fernshaws Stores|Active
Rossmains Supermarket|46 Queen Street, Rossmains,  QF7 1AN|QF7 1AN|Fallinmuir|Supermarket and Other Retail Outlets|Tobacco Only|MacLeod Retail Ltd|Active
 Sinclair Newsagents |159 Harbour Road, Rossshaws,  QC15 1ZZ|QC15 1ZZ|Corriebeg|Confectionary / Tobacconist / Newsagents|Tobacco Only|MacLeod Retail Ltd|Active
 Brown Mobile Shop |108 Mill Lane, Inverpark,  QC31 7WJ|QC31 7WJ|Corriebeg|Mobile Trade|Tobacco Only|Brown Mobile Shop|Active
Melburn Takeaway|147 Queen Street, Melburn,  QC34 7SB|QC34 7SB|Corriebeg|Other Catering|Tobacco And Nicotine Vapour Products|Melburn Takeaway|Active
Brown's Convenience Store|13 Station Road, Birkwood,  QC11 7UX|QC11 7UX|Corriebeg|Convenience Store|Tobacco And Nicotine Vapour Products|Brown's Convenience Store|Inactive
Brown's Convenience Store|24 Queen Street, Craigbank,  QC14 6RG|QC14 6RG|Corriebeg|Convenience Store|Tobacco And Nicotine Vapour Products|Lennox Retail Ltd|Inactive
 Sinclair's Convenience Store |70 Castle Street, Glenmains,  QD17 3GN|QD17 3GN|Drumlarach|Convenience Store|Tobacco Only|Sinclair Retail Ltd|Active
 Brandale Takeaway |93 Station Road, Brandale,  QG14 5FP|QG14 5FP|Glenhaven|Other Catering|Tobacco Only|Brandale Takeaway|Active
Sinclair Newsagents|121 Queen Street, Dunbrae,  QE1 3XJ|QE1 3XJ|Eskbrae|Confectionary / Tobacconist / Newsagents|Tobacco Only|Sinclair Newsagents|Active
Watt's Convenience Store|104 King Street, Balcraig,  QC14 6GA|QC14 6GA|Corriebeg|Convenience Store|Tobacco And Nicotine Vapour Products|MacLeod Retail Ltd|Active
Anderson's Convenience Store|73 Glebe Road, Torgate,  QC35 6RN|QC35 6RN|Corriebeg|Convenience Store|Tobacco Only|Anderson's Convenience Store|Active
Sinclair's Convenience Store|60 Mill Lane, Fernmuir,  QE1 7HW|QE1 7HW|Eskbrae|Convenience Store|Tobacco And Nicotine Vapour Products|Sinclair's Convenience Store|Active
Ballaw Hotel|148 Mill Lane, Ballaw,  QF7 8GP|QF7 8GP|Fallinmuir|Hotel|Tobacco Only|Murray Retail Ltd|Active
Campbell's Convenience Store|59 Queen Street, Branpark,  QG35 1HT|QG35 1HT|Glenhaven|Convenience Store|Tobacco And Nicotine Vapour Products|Campbell Retail Ltd|Active
Graham's Convenience Store|27 High Street, Kilburn,  QB27 5WN|QB27 5WN|Brackenlaw|Convenience Store|Tobacco Only|Ferguson Retail Ltd|Active
Lennox's Convenience Store|124 School Road, Glengate,  QA4 2PT|QA4 2PT|Aldmoor|Convenience Store|Tobacco And Nicotine Vapour Products|MacLeod Retail Ltd|Active
Dalshaws Hotel|125 High Street, Dalshaws,  QG33 4PX|QG33 4PX|Glenhaven|Hotel|Tobacco Only|Dalshaws Hotel|Active
 Sinclair's Convenience Store |87 Harbour Road, Lochanburn,  QD18 9WF|QD18 9WF|Drumlarach|Convenience Store|Tobacco And Nicotine Vapour Products|MacLeod Retail Ltd|Inactive
 Invercraig Stores |82 King Street, Invercraig,  QH18 9GZ|QH18 9GZ|Harlawmuir|Other Retail|Tobacco Only|Kerr Retail Ltd|Active
Craighaugh Stores|21 Park Avenue, Craighaugh,  QG33 6FW|QG33 6FW|Glenhaven|Other Retail|Tobacco Only|Lennox Retail Ltd|Inactive
Newmuir Service Station|137 Victoria Road, Newmuir,  QE1 1RJ|QE1 1RJ|Eskbrae|Forecourt Garage|Tobacco And Nicotine Vapour Products|Graham Retail Ltd|Active
Duncan Newsagents|142 High Street, Ferncraig,  QC13 3TG|QC13 3TG|Corriebeg|Confectionary / Tobacconist / Newsagents|Tobacco Only|Duncan Newsagents|Active
Craigholm Stores|137 Victoria Road, Craigholm,  QG34 8BU|QG34 8BU|Glenhaven|Other Retail|Tobacco Only|Craigholm Stores|Inactive
 Kerr's Convenience Store |107 Castle Street, Fernshaws,  QF26 9LB|QF26 9LB|Fallinmuir|Convenience Store|Tobacco And Nicotine Vapour Products|Lennox Retail Ltd|Active
Watt's Convenience Store|40 School Road, Dalmuir,  QD16 0ZW|QD16 0ZW|Drumlarach|Convenience Store|Tobacco Only|Watt's Convenience Store|Inactive
Brown Newsagents|94 Main Street, Craigside,  QG12 5FE|QG12 5FE|Glenhaven|Confectionary / Tobacconist / Newsagents|Tobacco Only|Brown Newsagents|Active
Kintoun Service Station|131 Castle Street, Kintoun,  QG33 8UP|QG33 8UP|Glenhaven|Forecourt Garage|Tobacco And Nicotine Vapour Products|Watt Retail Ltd|Inactive
Dalgate Service Station|123 Bridge Street, Dalgate,  QH37 6WL|QH37 6WL|Harlawmuir|Forecourt Garage|Tobacco Only|Dalgate Service Station|Inactive
Rossford Stores|162 Castle Street, Rossford,  QD36 9PT|QD36 9PT|Drumlarach|Other Retail|Tobacco Only|Watt Retail Ltd|Active
Ashmains Stores|42 Queen Street, Ashmains,  QH51 1RL|QH51 1RL|Harlawmuir|Other Retail|Tobacco Only|Ashmains Stores|Active
 Paterson Newsagents |23 Station Road, Lochantoun,  QF29 8AP|QF29 8AP|Fallinmuir|Confectionary / Tobacconist / Newsagents|Tobacco And Nicotine Vapour Products|Sinclair Retail Ltd|Active
Murray's Convenience Store|65 Church Street, Torgate,  QC35 0QR|QC35 0QR|Corriebeg|Convenience Store|Tobacco Only|MacLeod Retail Ltd|Inactive
Hamilton Newsagents|125 Glebe Road, Kilcraig,  QC15 3WR|QC15 3WR|Corriebeg|Confectionary / Tobacconist / Newsagents|Tobacco Only|Hamilton Retail Ltd|Active
The Craigbank Arms|89 Castle Street, Craigbank,  QC31 0XU|QC31 0XU|Corriebeg|Public House|Tobacco And Nicotine Vapour Products|The Craigbank Arms|Active
Hamilton's Convenience Store|36 King Street, Glenpark,  QB26 0UP|QB26 0UP|Brackenlaw|Convenience Store|Tobacco And Nicotine Vapour Products|Hamilton's Convenience Store|Active
Strathmuir Stores|41 Queen Street, Strathmuir,  QH19 7QN|QH19 7QN|Harlawmuir|Other Retail|Tobacco And Nicotine Vapour Products|Strathmuir Stores|Inactive
Brown's Convenience Store|101 Main Street, Birkford,  QD38 1QE|QD38 1QE|Drumlarach|Convenience Store|Tobacco Only|Brown's Convenience Store|Active
Ferguson's Convenience Store|5 Castle Street, Invergate,  QD19 0PH|QD19 0PH|Drumlarach|Convenience Store|Tobacco And Nicotine Vapour Products|Graham Retail Ltd|Active
Balpark Hotel|116 Queen Street, Balpark,  QD39 3QY|QD39 3QY|Drumlarach|Hotel|Tobacco Only|Balpark Hotel|Active
Paterson's Convenience Store|174 Market Street, Ferncraig,  QC13 3DP|QC13 3DP|Corriebeg|Convenience Store|Tobacco And Nicotine Vapour Products|Reid Retail Ltd|Active
Dunfield Hotel|34 Market Street, Dunfield,  QC32 9FS|QC32 9FS|Corriebeg|Hotel|Tobacco Only|Watt Retail Ltd|Active
Ferguson's Convenience Store|20 Victoria Road, Birkwood,  QE25 6FH|QE25 6FH|Eskbrae|Convenience Store|Tobacco And Nicotine Vapour Products|Graham Retail Ltd|Active
Duncan's Convenience Store|161 Glebe Road, Kilcraig,  QC15 2PH|QC15 2PH|Corriebeg|Convenience Store|Tobacco Only|Watt Retail Ltd|Active
Ashside Stores|50 School Road, Ashside,  QC15 1JD|QC15 1JD|Corriebeg|Other Retail|Tobacco Only|Ashside Stores|Inactive
Dalshaws Service Station|140 Park Avenue, Dalshaws,  QE23 5UP|QE23 5UP|Eskbrae|Forecourt Garage|Tobacco Only|Campbell Retail Ltd|Active
Ashpark Takeaway|156 Mill Lane, Ashpark,  QG32 0WH|QG32 0WH|Glenhaven|Other Catering|Tobacco And Nicotine Vapour Products|Ashpark Takeaway|Active
Lennox's Convenience Store|140 Church Street, Branhaugh,  QE25 9EU|QE25 9EU|Eskbrae|Convenience Store|Tobacco And Nicotine Vapour Products|Lennox's Convenience Store|Active
Graham's Convenience Store|140 Harbour Road, Rossshaws,  QC15 3YN|QC15 3YN|Corriebeg|Convenience Store|Tobacco Only|Graham's Convenience Store|Active
Lochanshaws Stores|58 King Street, Lochanshaws,  QE21 7PB|QE21 7PB|Eskbrae|Other Retail|Tobacco Only|Lochanshaws Stores|Active
Reid's Convenience Store|21 Mill Lane, Lochanshaws,  QF6 2ZH|QF6 2ZH|Fallinmuir|Convenience Store|Tobacco And Nicotine Vapour Products|Lennox Retail Ltd|Inactive
Duncan's Convenience Store|99 Market Street, Ferncraig,  QC13 5ZZ|QC13 5ZZ|Corriebeg|Convenience Store|Tobacco Only|Reid Retail Ltd|Active
Dalgate Takeaway|33 Harbour Road, Dalgate,  QH37 8PQ|QH37 8PQ|Harlawmuir|Other Catering|Tobacco Only|Dalgate Takeaway|Active
Murray's Convenience Store|4 Main Street, Mellea,  QC33 5RU|QC33 5RU|Corriebeg|Convenience Store|Tobacco Only|Murray's Convenience Store|Inactive
Duncan's Convenience Store|137 Castle Street, Dalgate,  QH37 6SD|QH37 6SD|Harlawmuir|Convenience Store|Tobacco Only|Graham Retail Ltd|Active
Torburn Stores|133 Station Road, Torburn,  QG32 7SH|QG32 7SH|Glenhaven|Other Retail|Tobacco Only|Lennox Retail Ltd|Active
MacLeod Mobile Shop|14 Queen Street, Torgate,  QC35 5HN|QC35 5HN|Corriebeg|Mobile Trade|Tobacco Only|Graham Retail Ltd|Active
Watt's Convenience Store|63 Station Road, Newlea,  QE25 8WR|QE25 8WR|Eskbrae|Convenience Store|Tobacco And Nicotine Vapour Products|Watt's Convenience Store|Active
Melwood Takeaway|119 King Street, Melwood,  QC11 5AZ|QC11 5AZ|Corriebeg|Other Catering|Tobacco Only|Melwood Takeaway|Active
Paterson's Convenience Store|56 Main Street, Fernshaws,  QE24 3QB|QE24 3QB|Eskbrae|Convenience Store|Tobacco And Nicotine Vapour Products|Reid Retail Ltd|Active
Strathlaw Supermarket|110 High Street, Strathlaw,  QB10 1XG|QB10 1XG|Brackenlaw|Supermarket and Other Retail Outlets|Tobacco Only|Strathlaw Supermarket|Active
Ferguson Newsagents|160 Harbour Road, Torlaw,  QF26 1YP|QF26 1YP|Fallinmuir|Confectionary / Tobacconist / Newsagents|Tobacco And Nicotine Vapour Products|Sinclair Retail Ltd|Active
Ferguson Newsagents|134 Bridge Street, Kilmains,  QB28 1TF|QB28 1TF|Brackenlaw|Confectionary / Tobacconist / Newsagents|Tobacco Only|Ferguson Newsagents|Active
Kilmains Stores|166 Harbour Road, Kilmains,  QB28 7FL|QB28 7FL|Brackenlaw|Other Retail|Tobacco Only|Kilmains Stores|Active
Campbell's Convenience Store|141 King Street, Whinbrae,  QD39 7ST|QD39 7ST|Drumlarach|Convenience Store|Tobacco And Nicotine Vapour Products|Campbell's Convenience Store|Inactive
 Birklaw Takeaway |98 Castle Street, Birklaw,  QD40 7LW|QD40 7LW|Drumlarach|Other Catering|Tobacco Only|Anderson Retail Ltd|Active
Ferguson's Convenience Store|13 Harbour Road, Rosstoun,  QH37 6YN|QH37 6YN|Harlawmuir|Convenience Store|Tobacco Only|Ferguson's Convenience Store|Active
The Newmuir Arms|48 Glebe Road, Newmuir,  QE1 1LY|QE1 1LY|Eskbrae|Public House|Tobacco Only|The Newmuir Arms|Inactive
 Watt's Convenience Store |33 King Street, Fernmuir,  QE1 2YF|QE1 2YF|Eskbrae|Convenience Store|Tobacco Only|Watt's Convenience Store|Active
Branhill Service Station|37 High Street, Branhill,  QF27 4FE|QF27 4FE|Fallinmuir|Forecourt Garage|Tobacco Only|Sinclair Retail Ltd|Active
Brown Newsagents|148 Harbour Road, Fernside,  QH39 1XZ|QH39 1XZ|Harlawmuir|Confectionary / Tobacconist / Newsagents|Tobacco Only|Brown Newsagents|Active
Paterson's Convenience Store|101 Church Street, Fernshaws,  QF26 4FB|QF26 4FB|Fallinmuir|Convenience Store|Tobacco Only|Campbell Retail Ltd|Active
Torlaw Supermarket|13 Main Street, Torlaw,  QF26 0BY|QF26 0BY|Fallinmuir|Supermarket and Other Retail Outlets|Tobacco And Nicotine Vapour Products|Graham Retail Ltd|Inactive
Hamilton Newsagents|126 Glebe Road, Dalmains,  QF7 7SP|QF7 7SP|Fallinmuir|Confectionary / Tobacconist / Newsagents|Tobacco And Nicotine Vapour Products|Kerr Retail Ltd|Inactive
 Melbrae Stores |77 School Road, Melbrae,  QB10 4WU|QB10 4WU|Brackenlaw|Other Retail|Tobacco And Nicotine Vapour Products|Kerr Retail Ltd|Active
Reid Newsagents|50 Glebe Road, Rossside,  QE2 1UG|QE2 1UG|Eskbrae|Confectionary / Tobacconist / Newsagents|Tobacco And Nicotine Vapour Products|Reid Newsagents|Active
Torgate Wines|84 Bridge Street, Torgate,  QC35 0FJ|QC35 0FJ|Corriebeg|Off-Licence|Tobacco And Nicotine Vapour Products|Brown Retail Ltd|Inactive
Paterson Newsagents|71 King Street, Rossgate,  QE1 9LA|QE1 9LA|Eskbrae|Confectionary / Tobacconist / Newsagents|Tobacco And Nicotine Vapour Products|Campbell Retail Ltd|Active
Graham Newsagents|5 Church Street, Newdale,  QB8 9ET|QB8 9ET|Brackenlaw|Confectionary / Tobacconist / Newsagents|Tobacco And Nicotine Vapour Products|Graham Newsagents|Active
Graham's Convenience Store|64 High Street, Rossshaws,  QC15 7ZP|QC15 7ZP|Corriebeg|Convenience Store|Tobacco And Nicotine Vapour Products|Graham's Convenience Store|Active
Kilhaugh Stores|114 Harbour Road, Kilhaugh,  QB6 0SX|QB6 0SX|Brackenlaw|Other Retail|Tobacco And Nicotine Vapour Products|Kilhaugh Stores|Active
Dunholm Stores|169 King Street, Dunholm,  QF10 6AZ|QF10 6AZ|Fallinmuir|Other Retail|Tobacco Only|Dunholm Stores|Active
Melwood Supermarket|35 Main Street, Melwood,  QF9 6ZR|QF9 6ZR|Fallinmuir|Supermarket and Other Retail Outlets|Tobacco And Nicotine Vapour Products|Melwood Supermarket|Active
The Melcraig Arms|157 Station Road, Melcraig,  QC12 7ZX|QC12 7ZX|Corriebeg|Public House|Tobacco Only|MacLeod Retail Ltd|Inactive
Strathholm Service Station|97 Glebe Road, Strathholm,  QF6 4ZR|QF6 4ZR|Fallinmuir|Forecourt Garage|Tobacco Only|Anderson Retail Ltd|Active
Rosshill Takeaway|3 School Road, Rosshill,  QA5 9HZ|QA5 9HZ|Aldmoor|Other Catering|Tobacco And Nicotine Vapour Products|Duncan Retail Ltd|Inactive
Duncan's Convenience Store|6 Castle Street, Mellea,  QC33 9GR|QC33 9GR|Corriebeg|Convenience Store|Tobacco And Nicotine Vapour Products|Duncan's Convenience Store|Active
Rosslaw Stores|91 Mill Lane, Rosslaw,  QA1 8EB|QA1 8EB|Aldmoor|Other Retail|Tobacco Only|Rosslaw Stores|Inactive
Kerr's Convenience Store|124 Victoria Road, Duncraig,  QG12 9LX|QG12 9LX|Glenhaven|Convenience Store|Tobacco And Nicotine Vapour Products|Paterson Retail Ltd|Active
Anderson's Convenience Store|59 Station Road, Melwood,  QF9 4ZD|QF9 4ZD|Fallinmuir|Convenience Store|Tobacco Only|Anderson's Convenience Store|Active
Murray's Convenience Store|11 High Street, Inverpark,  QC31 2DN|QC31 2DN|Corriebeg|Convenience Store|Tobacco Only|Murray's Convenience Store|Active
Ferguson's Convenience Store|159 Park Avenue, Balshaws,  QD18 3EF|QD18 3EF|Drumlarach|Convenience Store|Tobacco Only|Watt Retail Ltd|Active
Dunfield Takeaway|8 Station Road, Dunfield,  QC32 9HW|QC32 9HW|Corriebeg|Other Catering|Tobacco And Nicotine Vapour Products|Dunfield Takeaway|Active
Watt's Convenience Store|78 Main Street, Ballaw,  QF7 8QG|QF7 8QG|Fallinmuir|Convenience Store|Tobacco Only|Kerr Retail Ltd|Active
 Brown's Convenience Store |163 Main Street, Fernshaws,  QE24 9PT|QE24 9PT|Eskbrae|Convenience Store|Tobacco Only|Brown's Convenience Store|Inactive
